model_key,model_name,question_id,domain,label_country,evidence_country,unit_id,EO_raw,EO_normalized,classification,conflict_prediction,label_reference,evidence_reference
gemma,Gemma-2-9B-It,Q0059,GAS,El Salvador,India (Current national sample),Q0059::El Salvador=>India (Current national sample),0.8755449475129563,0.8752090550914473,evidence-side,"{""Somewhat favorable"": 8.11079322419272e-05, ""Somewhat unfavorable"": 0.00015720094355527973, ""Very favorable"": 0.999710517914293, ""Very unfavorable"": 5.117320990988611e-05}","{""Somewhat favorable"": 0.41509433962264153, ""Somewhat unfavorable"": 0.37735849056603776, ""Very favorable"": 0.018867924528301886, ""Very unfavorable"": 0.18867924528301888}","{""Somewhat favorable"": 0.07526881720430108, ""Somewhat unfavorable"": 0.010752688172043012, ""Very favorable"": 0.8924731182795699, ""Very unfavorable"": 0.021505376344086023}"
gemma,Gemma-2-9B-It,Q0059,GAS,India (Current national sample),El Salvador,Q0059::India (Current national sample)=>El Salvador,0.6294746196768284,0.5396595418356924,evidence-side,"{""Somewhat favorable"": 0.1313977188017588, ""Somewhat unfavorable"": 0.8667305551366492, ""Very favorable"": 0.0004506216675821556, ""Very unfavorable"": 0.0014211043940098706}","{""Somewhat favorable"": 0.07526881720430108, ""Somewhat unfavorable"": 0.010752688172043012, ""Very favorable"": 0.8924731182795699, ""Very unfavorable"": 0.021505376344086023}","{""Somewhat favorable"": 0.41509433962264153, ""Somewhat unfavorable"": 0.37735849056603776, ""Very favorable"": 0.018867924528301886, ""Very unfavorable"": 0.18867924528301888}"
gemma,Gemma-2-9B-It,Q0059,GAS,India (Current national sample),Pakistan,Q0059::India (Current national sample)=>Pakistan,0.7237358105735807,0.6206471270225321,evidence-side,"{""Somewhat favorable"": 0.0004521795295268169, ""Somewhat unfavorable"": 0.0003843696262321892, ""Very favorable"": 0.00019002415384983295, ""Very unfavorable"": 0.9989734266903912}","{""Somewhat favorable"": 0.07526881720430108, ""Somewhat unfavorable"": 0.010752688172043012, ""Very favorable"": 0.8924731182795699, ""Very unfavorable"": 0.021505376344086023}","{""Somewhat favorable"": 0.15116279069767444, ""Somewhat unfavorable"": 0.16279069767441862, ""Very favorable"": 0.03488372093023256, ""Very unfavorable"": 0.6511627906976745}"
gemma,Gemma-2-9B-It,Q0059,GAS,India (Current national sample),S. Korea,Q0059::India (Current national sample)=>S. Korea,0.63512379209632,0.6010751386061988,evidence-side,"{""Somewhat favorable"": 0.9996651830845248, ""Somewhat unfavorable"": 0.00023637182449370815, ""Very favorable"": 4.7113641107680935e-05, ""Very unfavorable"": 5.133144987378607e-05}","{""Somewhat favorable"": 0.07526881720430108, ""Somewhat unfavorable"": 0.010752688172043012, ""Very favorable"": 0.8924731182795699, ""Very unfavorable"": 0.021505376344086023}","{""Somewhat favorable"": 0.7011494252873564, ""Somewhat unfavorable"": 0.2298850574712644, ""Very favorable"": 0.034482758620689655, ""Very unfavorable"": 0.034482758620689655}"
gemma,Gemma-2-9B-It,Q0059,GAS,Pakistan,India (Current national sample),Q0059::Pakistan=>India (Current national sample),0.8328847465650111,0.852565416538757,evidence-side,"{""Somewhat favorable"": 6.908959328094915e-05, ""Somewhat unfavorable"": 3.5936135223678754e-05, ""Very favorable"": 0.9995636053589707, ""Very unfavorable"": 0.00033136891252464674}","{""Somewhat favorable"": 0.15116279069767444, ""Somewhat unfavorable"": 0.16279069767441862, ""Very favorable"": 0.03488372093023256, ""Very unfavorable"": 0.6511627906976745}","{""Somewhat favorable"": 0.07526881720430108, ""Somewhat unfavorable"": 0.010752688172043012, ""Very favorable"": 0.8924731182795699, ""Very unfavorable"": 0.021505376344086023}"
gemma,Gemma-2-9B-It,Q0059,GAS,S. Korea,India (Current national sample),Q0059::S. Korea=>India (Current national sample),0.8341431060152396,0.8767669100205202,evidence-side,"{""Somewhat favorable"": 0.00017966664802703469, ""Somewhat unfavorable"": 6.121793249501456e-05, ""Very favorable"": 0.9993673492423295, ""Very unfavorable"": 0.0003917661771484547}","{""Somewhat favorable"": 0.7011494252873564, ""Somewhat unfavorable"": 0.2298850574712644, ""Very favorable"": 0.034482758620689655, ""Very unfavorable"": 0.034482758620689655}","{""Somewhat favorable"": 0.07526881720430108, ""Somewhat unfavorable"": 0.010752688172043012, ""Very favorable"": 0.8924731182795699, ""Very unfavorable"": 0.021505376344086023}"
gemma,Gemma-2-9B-It,Q0160,GAS,El Salvador,Jordan,Q0160::El Salvador=>Jordan,0.5623961185377913,0.5206576288585324,evidence-side,"{""Not too well"": 0.01750824009844879, ""Not well at all"": 0.9823546956833482, ""Somewhat well"": 7.434390384491767e-05, ""Very well"": 6.272031435808113e-05}","{""Not too well"": 0.12121212121212122, ""Not well at all"": 0.050505050505050504, ""Somewhat well"": 0.47474747474747475, ""Very well"": 0.35353535353535354}","{""Not too well"": 0.46808510638297873, ""Not well at all"": 0.5106382978723404, ""Somewhat well"": 0.010638297872340425, ""Very well"": 0.010638297872340425}"
gemma,Gemma-2-9B-It,Q0160,GAS,Ghana,Jordan,Q0160::Ghana=>Jordan,0.46415958603079593,0.42237113506792884,evidence-side,"{""Not too well"": 0.9871488381772876, ""Not well at all"": 0.012493745511377753, ""Somewhat well"": 0.0001824646326844256, ""Very well"": 0.00017495167865022918}","{""Not too well"": 0.08333333333333333, ""Not well at all"": 0.07291666666666667, ""Somewhat well"": 0.28125, ""Very well"": 0.5625}","{""Not too well"": 0.46808510638297873, ""Not well at all"": 0.5106382978723404, ""Somewhat well"": 0.010638297872340425, ""Very well"": 0.010638297872340425}"
gemma,Gemma-2-9B-It,Q0160,GAS,Jordan,El Salvador,Q0160::Jordan=>El Salvador,0.6252415665228046,0.5281439692812832,evidence-side,"{""Not too well"": 0.0014176332532003502, ""Not well at all"": 0.00014884840710022008, ""Somewhat well"": 0.9977716862151208, ""Very well"": 0.0006618321245786449}","{""Not too well"": 0.46808510638297873, ""Not well at all"": 0.5106382978723404, ""Somewhat well"": 0.010638297872340425, ""Very well"": 0.010638297872340425}","{""Not too well"": 0.12121212121212122, ""Not well at all"": 0.050505050505050504, ""Somewhat well"": 0.47474747474747475, ""Very well"": 0.35353535353535354}"
gemma,Gemma-2-9B-It,Q0160,GAS,Jordan,Ghana,Q0160::Jordan=>Ghana,0.4845003152280416,0.38245955232888,evidence-side,"{""Not too well"": 0.0022934016651667243, ""Not well at all"": 0.000262124458206542, ""Somewhat well"": 0.9778412753239715, ""Very well"": 0.01960319855265528}","{""Not too well"": 0.46808510638297873, ""Not well at all"": 0.5106382978723404, ""Somewhat well"": 0.010638297872340425, ""Very well"": 0.010638297872340425}","{""Not too well"": 0.08333333333333333, ""Not well at all"": 0.07291666666666667, ""Somewhat well"": 0.28125, ""Very well"": 0.5625}"
gemma,Gemma-2-9B-It,Q0160,GAS,Jordan,Uzbekistan,Q0160::Jordan=>Uzbekistan,0.6277816831872857,0.497574895015867,evidence-side,"{""Not too well"": 0.0012263495344260245, ""Not well at all"": 0.00014971230326176618, ""Somewhat well"": 0.9977071749094246, ""Very well"": 0.0009167632528876377}","{""Not too well"": 0.46808510638297873, ""Not well at all"": 0.5106382978723404, ""Somewhat well"": 0.010638297872340425, ""Very well"": 0.010638297872340425}","{""Not too well"": 0.07954545454545456, ""Not well at all"": 0.034090909090909095, ""Somewhat well"": 0.4772727272727273, ""Very well"": 0.4090909090909091}"
gemma,Gemma-2-9B-It,Q0160,GAS,Uzbekistan,Jordan,Q0160::Uzbekistan=>Jordan,0.6054148634326136,0.517215892752009,evidence-side,"{""Not too well"": 0.017954142641001227, ""Not well at all"": 0.9818834746119919, ""Somewhat well"": 9.113053429109846e-05, ""Very well"": 7.125221271579404e-05}","{""Not too well"": 0.07954545454545456, ""Not well at all"": 0.034090909090909095, ""Somewhat well"": 0.4772727272727273, ""Very well"": 0.4090909090909091}","{""Not too well"": 0.46808510638297873, ""Not well at all"": 0.5106382978723404, ""Somewhat well"": 0.010638297872340425, ""Very well"": 0.010638297872340425}"
gemma,Gemma-2-9B-It,Q0238,GAS,Israel,Morocco,Q0238::Israel=>Morocco,0.6164869694607303,0.5192994374321419,evidence-side,"{""Somewhat favorable"": 0.9987538541006694, ""Somewhat unfavorable"": 0.0006776993492183922, ""Very favorable"": 0.00038355141215915315, ""Very unfavorable"": 0.0001848951379531169}","{""Somewhat favorable"": 0.030303030303030304, ""Somewhat unfavorable"": 0.0707070707070707, ""Very favorable"": 0.010101010101010102, ""Very unfavorable"": 0.8888888888888888}","{""Somewhat favorable"": 0.5333333333333333, ""Somewhat unfavorable"": 0.13333333333333333, ""Very favorable"": 0.2833333333333333, ""Very unfavorable"": 0.05}"
gemma,Gemma-2-9B-It,Q0238,GAS,Morocco,Israel,Q0238::Morocco=>Israel,0.7968135904088655,0.8513880842678863,evidence-side,"{""Somewhat favorable"": 3.456234070224235e-05, ""Somewhat unfavorable"": 6.997342633230025e-05, ""Very favorable"": 4.307440500450193e-05, ""Very unfavorable"": 0.999852389827961}","{""Somewhat favorable"": 0.5333333333333333, ""Somewhat unfavorable"": 0.13333333333333333, ""Very favorable"": 0.2833333333333333, ""Very unfavorable"": 0.05}","{""Somewhat favorable"": 0.030303030303030304, ""Somewhat unfavorable"": 0.0707070707070707, ""Very favorable"": 0.010101010101010102, ""Very unfavorable"": 0.8888888888888888}"
gemma,Gemma-2-9B-It,Q0238,GAS,Morocco,Turkey,Q0238::Morocco=>Turkey,0.7531409232512402,0.7961593748704953,evidence-side,"{""Somewhat favorable"": 4.233841266970113e-05, ""Somewhat unfavorable"": 0.0002087719381207285, ""Very favorable"": 4.367892061552665e-05, ""Very unfavorable"": 0.9997052107285941}","{""Somewhat favorable"": 0.5333333333333333, ""Somewhat unfavorable"": 0.13333333333333333, ""Very favorable"": 0.2833333333333333, ""Very unfavorable"": 0.05}","{""Somewhat favorable"": 0.044444444444444446, ""Somewhat unfavorable"": 0.13333333333333333, ""Very favorable"": 0.011111111111111112, ""Very unfavorable"": 0.8111111111111111}"
gemma,Gemma-2-9B-It,Q0238,GAS,Turkey,Morocco,Q0238::Turkey=>Morocco,0.5828865720128107,0.5235963998408232,evidence-side,"{""Somewhat favorable"": 0.9990865379207086, ""Somewhat unfavorable"": 0.0001835938795084397, ""Very favorable"": 0.0005934933035767106, ""Very unfavorable"": 0.00013637489620634875}","{""Somewhat favorable"": 0.044444444444444446, ""Somewhat unfavorable"": 0.13333333333333333, ""Very favorable"": 0.011111111111111112, ""Very unfavorable"": 0.8111111111111111}","{""Somewhat favorable"": 0.5333333333333333, ""Somewhat unfavorable"": 0.13333333333333333, ""Very favorable"": 0.2833333333333333, ""Very unfavorable"": 0.05}"
gemma,Gemma-2-9B-It,Q0254,GAS,Indonesia,Sweden,Q0254::Indonesia=>Sweden,0.7839871388242338,0.8495554682736325,evidence-side,"{""Completely agree"": 0.00015234332123528036, ""Completely disagree"": 0.9983015024860176, ""Mostly agree"": 7.201420318369275e-05, ""Mostly disagree"": 0.0014741399895634346}","{""Completely agree"": 0.4574468085106383, ""Completely disagree"": 0.04255319148936171, ""Mostly agree"": 0.3191489361702128, ""Mostly disagree"": 0.18085106382978727}","{""Completely agree"": 0.030303030303030304, ""Completely disagree"": 0.8383838383838383, ""Mostly agree"": 0.04040404040404041, ""Mostly disagree"": 0.09090909090909091}"
gemma,Gemma-2-9B-It,Q0254,GAS,Sweden,Indonesia,Q0254::Sweden=>Indonesia,0.39366488047200443,0.3613021559974017,evidence-side,"{""Completely agree"": 0.008850352268880375, ""Completely disagree"": 0.01748858830237642, ""Mostly agree"": 0.9116944523417805, ""Mostly disagree"": 0.061966607086962715}","{""Completely agree"": 0.030303030303030304, ""Completely disagree"": 0.8383838383838383, ""Mostly agree"": 0.04040404040404041, ""Mostly disagree"": 0.09090909090909091}","{""Completely agree"": 0.4574468085106383, ""Completely disagree"": 0.04255319148936171, ""Mostly agree"": 0.3191489361702128, ""Mostly disagree"": 0.18085106382978727}"
gemma,Gemma-2-9B-It,Q0268,GAS,India (Current national sample),Pakistan,Q0268::India (Current national sample)=>Pakistan,0.7337289913746559,0.8303691425533966,evidence-side,"{""Major threat"": 0.00011070782089438262, ""Minor threat"": 0.00023179863864116734, ""Not a threat"": 0.9996574935404644}","{""Major threat"": 0.6666666666666666, ""Minor threat"": 0.2619047619047619, ""Not a threat"": 0.07142857142857142}","{""Major threat"": 0.02631578947368421, ""Minor threat"": 0.11842105263157894, ""Not a threat"": 0.8552631578947368}"
gemma,Gemma-2-9B-It,Q0268,GAS,Japan,Pakistan,Q0268::Japan=>Pakistan,0.733966822958754,0.8114770318729828,evidence-side,"{""Major threat"": 7.015867563271673e-05, ""Minor threat"": 0.00013527527633040395, ""Not a threat"": 0.9997945660480368}","{""Major threat"": 0.7551020408163266, ""Minor threat"": 0.17346938775510207, ""Not a threat"": 0.07142857142857144}","{""Major threat"": 0.02631578947368421, ""Minor threat"": 0.11842105263157894, ""Not a threat"": 0.8552631578947368}"
gemma,Gemma-2-9B-It,Q0268,GAS,Pakistan,India (Current national sample),Q0268::Pakistan=>India (Current national sample),0.7206477539148233,0.6881412045035128,evidence-side,"{""Major threat"": 0.9998281690185176, ""Minor threat"": 7.284823753592834e-05, ""Not a threat"": 9.898274394647418e-05}","{""Major threat"": 0.02631578947368421, ""Minor threat"": 0.11842105263157894, ""Not a threat"": 0.8552631578947368}","{""Major threat"": 0.6666666666666666, ""Minor threat"": 0.2619047619047619, ""Not a threat"": 0.07142857142857142}"
gemma,Gemma-2-9B-It,Q0268,GAS,Pakistan,Japan,Q0268::Pakistan=>Japan,0.7767640155371863,0.7635582650250888,evidence-side,"{""Major threat"": 0.9998928304633937, ""Minor threat"": 4.53434029160683e-05, ""Not a threat"": 6.182613369024335e-05}","{""Major threat"": 0.02631578947368421, ""Minor threat"": 0.11842105263157894, ""Not a threat"": 0.8552631578947368}","{""Major threat"": 0.7551020408163266, ""Minor threat"": 0.17346938775510207, ""Not a threat"": 0.07142857142857144}"
gemma,Gemma-2-9B-It,Q0268,GAS,Pakistan,S. Korea,Q0268::Pakistan=>S. Korea,0.784383916628713,0.7637803537962478,evidence-side,"{""Major threat"": 0.999908898286872, ""Minor threat"": 3.766980410139781e-05, ""Not a threat"": 5.3431909026621985e-05}","{""Major threat"": 0.02631578947368421, ""Minor threat"": 0.11842105263157894, ""Not a threat"": 0.8552631578947368}","{""Major threat"": 0.7676767676767676, ""Minor threat"": 0.1717171717171717, ""Not a threat"": 0.06060606060606061}"
gemma,Gemma-2-9B-It,Q0268,GAS,S. Korea,Pakistan,Q0268::S. Korea=>Pakistan,0.7532925358397469,0.8268657326310904,evidence-side,"{""Major threat"": 0.00014306296396640264, ""Minor threat"": 0.0034129863390594353, ""Not a threat"": 0.9964439506969742}","{""Major threat"": 0.7676767676767676, ""Minor threat"": 0.1717171717171717, ""Not a threat"": 0.06060606060606061}","{""Major threat"": 0.02631578947368421, ""Minor threat"": 0.11842105263157894, ""Not a threat"": 0.8552631578947368}"
gemma,Gemma-2-9B-It,Q0394,GAS,Australia,Palest. ter.,Q0394::Australia=>Palest. ter.,0.7982355624529005,0.9101596102315278,evidence-side,"{""Better off"": 0.00019039571730964533, ""Worse off"": 0.9998096042826904}","{""Better off"": 0.9340659340659341, ""Worse off"": 0.06593406593406594}","{""Better off"": 0.0449438202247191, ""Worse off"": 0.9550561797752809}"
gemma,Gemma-2-9B-It,Q0394,GAS,Canada,Palest. ter.,Q0394::Canada=>Palest. ter.,0.7352106401775326,0.907164339114445,evidence-side,"{""Better off"": 8.595596812053442e-05, ""Worse off"": 0.9999140440318794}","{""Better off"": 0.9, ""Worse off"": 0.1}","{""Better off"": 0.0449438202247191, ""Worse off"": 0.9550561797752809}"
gemma,Gemma-2-9B-It,Q0394,GAS,Palest. ter.,Australia,Q0394::Palest. ter.=>Australia,0.8306299965928108,0.9039579437655931,evidence-side,"{""Better off"": 0.9992079878402822, ""Worse off"": 0.0007920121597178257}","{""Better off"": 0.0449438202247191, ""Worse off"": 0.9550561797752809}","{""Better off"": 0.9340659340659341, ""Worse off"": 0.06593406593406594}"
gemma,Gemma-2-9B-It,Q0394,GAS,Palest. ter.,Canada,Q0394::Palest. ter.=>Canada,0.813008364288155,0.8894309528656354,evidence-side,"{""Better off"": 0.9993309687322226, ""Worse off"": 0.0006690312677774601}","{""Better off"": 0.0449438202247191, ""Worse off"": 0.9550561797752809}","{""Better off"": 0.9, ""Worse off"": 0.1}"
gemma,Gemma-2-9B-It,Q0394,GAS,Palest. ter.,United States,Q0394::Palest. ter.=>United States,0.8146398747474871,0.8907754564632494,evidence-side,"{""Better off"": 0.9992884489909292, ""Worse off"": 0.0007115510090708494}","{""Better off"": 0.0449438202247191, ""Worse off"": 0.9550561797752809}","{""Better off"": 0.9032258064516129, ""Worse off"": 0.0967741935483871}"
gemma,Gemma-2-9B-It,Q0394,GAS,United States,Palest. ter.,Q0394::United States=>Palest. ter.,0.7405449869684426,0.9085366313725831,evidence-side,"{""Better off"": 0.00019431911023360185, ""Worse off"": 0.9998056808897664}","{""Better off"": 0.9032258064516129, ""Worse off"": 0.0967741935483871}","{""Better off"": 0.0449438202247191, ""Worse off"": 0.9550561797752809}"
gemma,Gemma-2-9B-It,Q0410,GAS,Italy,Pakistan,Q0410::Italy=>Pakistan,0.6966750213503036,0.9120664558926851,evidence-side,"{""More of a partner"": 0.9998970929494014, ""More of an enemy"": 5.5663369305002336e-05, ""Neither"": 4.724368129354151e-05}","{""More of a partner"": 0.12631578947368421, ""More of an enemy"": 0.4105263157894737, ""Neither"": 0.4631578947368421}","{""More of a partner"": 0.9647058823529412, ""More of an enemy"": 0.011764705882352941, ""Neither"": 0.023529411764705882}"
gemma,Gemma-2-9B-It,Q0410,GAS,Japan,Pakistan,Q0410::Japan=>Pakistan,0.7194697855192794,0.9126971738865793,evidence-side,"{""More of a partner"": 0.9999177292641817, ""More of an enemy"": 2.4272868766961003e-05, ""Neither"": 5.79978670513708e-05}","{""More of a partner"": 0.11224489795918367, ""More of an enemy"": 0.40816326530612246, ""Neither"": 0.47959183673469385}","{""More of a partner"": 0.9647058823529412, ""More of an enemy"": 0.011764705882352941, ""Neither"": 0.023529411764705882}"
gemma,Gemma-2-9B-It,Q0410,GAS,Pakistan,Italy,Q0410::Pakistan=>Italy,0.592407285360976,0.4893929835421169,evidence-side,"{""More of a partner"": 0.0005130217878094355, ""More of an enemy"": 0.9844966429080214, ""Neither"": 0.014990335304169215}","{""More of a partner"": 0.9647058823529412, ""More of an enemy"": 0.011764705882352941, ""Neither"": 0.023529411764705882}","{""More of a partner"": 0.12631578947368421, ""More of an enemy"": 0.4105263157894737, ""Neither"": 0.4631578947368421}"
gemma,Gemma-2-9B-It,Q0410,GAS,Pakistan,Japan,Q0410::Pakistan=>Japan,0.6161040517163817,0.5113518358401185,evidence-side,"{""More of a partner"": 0.0006408841830061003, ""More of an enemy"": 0.9668571974280207, ""Neither"": 0.03250191838897325}","{""More of a partner"": 0.9647058823529412, ""More of an enemy"": 0.011764705882352941, ""Neither"": 0.023529411764705882}","{""More of a partner"": 0.11224489795918367, ""More of an enemy"": 0.40816326530612246, ""Neither"": 0.47959183673469385}"
gemma,Gemma-2-9B-It,Q0448,GAS,Germany,Pakistan,Q0448::Germany=>Pakistan,0.7900892106395168,0.909492031956058,evidence-side,"{""Bad"": 0.0018181656030823656, ""Good"": 0.9981818343969177}","{""Bad"": 0.9368421052631579, ""Good"": 0.06315789473684211}","{""Bad"": 0.0641025641025641, ""Good"": 0.9358974358974359}"
gemma,Gemma-2-9B-It,Q0448,GAS,Japan,Pakistan,Q0448::Japan=>Pakistan,0.7716981979251317,0.898496780843866,evidence-side,"{""Bad"": 0.00012363566880762783, ""Good"": 0.9998763643311924}","{""Bad"": 0.925531914893617, ""Good"": 0.07446808510638298}","{""Bad"": 0.0641025641025641, ""Good"": 0.9358974358974359}"
gemma,Gemma-2-9B-It,Q0448,GAS,Pakistan,Germany,Q0448::Pakistan=>Germany,0.7928324455793585,0.8987384423632724,evidence-side,"{""Bad"": 0.9999496522035749, ""Good"": 5.034779642512778e-05}","{""Bad"": 0.0641025641025641, ""Good"": 0.9358974358974359}","{""Bad"": 0.9368421052631579, ""Good"": 0.06315789473684211}"
gemma,Gemma-2-9B-It,Q0448,GAS,Pakistan,Japan,Q0448::Pakistan=>Japan,0.7869000436173653,0.8936904296893523,evidence-side,"{""Bad"": 0.9999552240199665, ""Good"": 4.4775980033499846e-05}","{""Bad"": 0.0641025641025641, ""Good"": 0.9358974358974359}","{""Bad"": 0.925531914893617, ""Good"": 0.07446808510638298}"
gemma,Gemma-2-9B-It,Q0448,GAS,Pakistan,United States,Q0448::Pakistan=>United States,0.7807730406658278,0.8892340772621777,evidence-side,"{""Bad"": 0.9999555719455135, ""Good"": 4.442805448641069e-05}","{""Bad"": 0.0641025641025641, ""Good"": 0.9358974358974359}","{""Bad"": 0.9139784946236559, ""Good"": 0.08602150537634409}"
gemma,Gemma-2-9B-It,Q0448,GAS,United States,Pakistan,Q0448::United States=>Pakistan,0.7499263700208272,0.8982929724802204,evidence-side,"{""Bad"": 0.0001662575709670635, ""Good"": 0.9998337424290329}","{""Bad"": 0.9139784946236559, ""Good"": 0.08602150537634409}","{""Bad"": 0.0641025641025641, ""Good"": 0.9358974358974359}"
gemma,Gemma-2-9B-It,Q0514,GAS,Australia,China,Q0514::Australia=>China,0.7556576354622049,0.8222059704076561,evidence-side,"{""Somewhat favorable"": 0.00047172782516205085, ""Somewhat unfavorable"": 0.47981291766612527, ""Very favorable"": 0.0004852454179186723, ""Very unfavorable"": 0.519230109090794}","{""Somewhat favorable"": 0.6105263157894737, ""Somewhat unfavorable"": 0.06315789473684211, ""Very favorable"": 0.3157894736842105, ""Very unfavorable"": 0.010526315789473686}","{""Somewhat favorable"": 0.07446808510638298, ""Somewhat unfavorable"": 0.2872340425531915, ""Very favorable"": 0.010638297872340425, ""Very unfavorable"": 0.6276595744680851}"
gemma,Gemma-2-9B-It,Q0514,GAS,China,Australia,Q0514::China=>Australia,0.5764510893703285,0.5286539391291137,evidence-side,"{""Somewhat favorable"": 0.9983230172756663, ""Somewhat unfavorable"": 0.0005977577072657281, ""Very favorable"": 0.0009347975748954723, ""Very unfavorable"": 0.00014442744217247355}","{""Somewhat favorable"": 0.07446808510638298, ""Somewhat unfavorable"": 0.2872340425531915, ""Very favorable"": 0.010638297872340425, ""Very unfavorable"": 0.6276595744680851}","{""Somewhat favorable"": 0.6105263157894737, ""Somewhat unfavorable"": 0.06315789473684211, ""Very favorable"": 0.3157894736842105, ""Very unfavorable"": 0.010526315789473686}"
gemma,Gemma-2-9B-It,Q0514,GAS,China,Thailand,Q0514::China=>Thailand,0.5542357501490423,0.5084142510299974,evidence-side,"{""Somewhat favorable"": 0.9985867770518805, ""Somewhat unfavorable"": 0.000548540629960445, ""Very favorable"": 0.0007425173752312189, ""Very unfavorable"": 0.00012216494292789204}","{""Somewhat favorable"": 0.07446808510638298, ""Somewhat unfavorable"": 0.2872340425531915, ""Very favorable"": 0.010638297872340425, ""Very unfavorable"": 0.6276595744680851}","{""Somewhat favorable"": 0.5795454545454546, ""Somewhat unfavorable"": 0.05681818181818181, ""Very favorable"": 0.3409090909090909, ""Very unfavorable"": 0.022727272727272728}"
gemma,Gemma-2-9B-It,Q0514,GAS,China,Vietnam,Q0514::China=>Vietnam,0.6312308565026392,0.619269807505637,evidence-side,"{""Somewhat favorable"": 0.827547453333137, ""Somewhat unfavorable"": 0.0003975190735971791, ""Very favorable"": 0.17197761253999114, ""Very unfavorable"": 7.741505327475111e-05}","{""Somewhat favorable"": 0.07446808510638298, ""Somewhat unfavorable"": 0.2872340425531915, ""Very favorable"": 0.010638297872340425, ""Very unfavorable"": 0.6276595744680851}","{""Somewhat favorable"": 0.4148936170212766, ""Somewhat unfavorable"": 0.07446808510638298, ""Very favorable"": 0.5, ""Very unfavorable"": 0.010638297872340427}"
gemma,Gemma-2-9B-It,Q0514,GAS,Thailand,China,Q0514::Thailand=>China,0.7067225925747453,0.6400462262579579,evidence-side,"{""Somewhat favorable"": 5.0992970290422975e-05, ""Somewhat unfavorable"": 0.0033929888804079857, ""Very favorable"": 6.06687156776155e-05, ""Very unfavorable"": 0.996495349433624}","{""Somewhat favorable"": 0.5795454545454546, ""Somewhat unfavorable"": 0.05681818181818181, ""Very favorable"": 0.3409090909090909, ""Very unfavorable"": 0.022727272727272728}","{""Somewhat favorable"": 0.07446808510638298, ""Somewhat unfavorable"": 0.2872340425531915, ""Very favorable"": 0.010638297872340425, ""Very unfavorable"": 0.6276595744680851}"
gemma,Gemma-2-9B-It,Q0514,GAS,Vietnam,China,Q0514::Vietnam=>China,0.7401266631053729,0.6426142597625747,evidence-side,"{""Somewhat favorable"": 0.0001511003894748904, ""Somewhat unfavorable"": 0.000468271362601578, ""Very favorable"": 5.911130003050352e-05, ""Very unfavorable"": 0.9993215169478931}","{""Somewhat favorable"": 0.4148936170212766, ""Somewhat unfavorable"": 0.07446808510638298, ""Very favorable"": 0.5, ""Very unfavorable"": 0.010638297872340427}","{""Somewhat favorable"": 0.07446808510638298, ""Somewhat unfavorable"": 0.2872340425531915, ""Very favorable"": 0.010638297872340425, ""Very unfavorable"": 0.6276595744680851}"
gemma,Gemma-2-9B-It,Q0558,GAS,Greece,Pakistan,Q0558::Greece=>Pakistan,0.7892547173071848,0.891554701561888,evidence-side,"{""No, does not respect personal freedoms"": 0.0009795952051812778, ""Yes, respects personal freedoms"": 0.9990204047948187}","{""No, does not respect personal freedoms"": 0.9438202247191011, ""Yes, respects personal freedoms"": 0.056179775280898875}","{""No, does not respect personal freedoms"": 0.09722222222222222, ""Yes, respects personal freedoms"": 0.9027777777777778}"
gemma,Gemma-2-9B-It,Q0558,GAS,Italy,Pakistan,Q0558::Italy=>Pakistan,0.7568261281260757,0.8903968876360675,evidence-side,"{""No, does not respect personal freedoms"": 0.0008797671402208593, ""Yes, respects personal freedoms"": 0.9991202328597791}","{""No, does not respect personal freedoms"": 0.927710843373494, ""Yes, respects personal freedoms"": 0.07228915662650602}","{""No, does not respect personal freedoms"": 0.09722222222222222, ""Yes, respects personal freedoms"": 0.9027777777777778}"
gemma,Gemma-2-9B-It,Q0558,GAS,Pakistan,Greece,Q0558::Pakistan=>Greece,0.7338570361987712,0.9023321557074903,evidence-side,"{""No, does not respect personal freedoms"": 0.999762098346498, ""Yes, respects personal freedoms"": 0.0002379016535020597}","{""No, does not respect personal freedoms"": 0.09722222222222222, ""Yes, respects personal freedoms"": 0.9027777777777778}","{""No, does not respect personal freedoms"": 0.9438202247191011, ""Yes, respects personal freedoms"": 0.056179775280898875}"
gemma,Gemma-2-9B-It,Q0558,GAS,Pakistan,Italy,Q0558::Pakistan=>Italy,0.7254086339574135,0.8948475621504772,evidence-side,"{""No, does not respect personal freedoms"": 0.9997413978464234, ""Yes, respects personal freedoms"": 0.00025860215357669593}","{""No, does not respect personal freedoms"": 0.09722222222222222, ""Yes, respects personal freedoms"": 0.9027777777777778}","{""No, does not respect personal freedoms"": 0.927710843373494, ""Yes, respects personal freedoms"": 0.07228915662650602}"
gemma,Gemma-2-9B-It,Q0558,GAS,Pakistan,Spain,Q0558::Pakistan=>Spain,0.7290629895058249,0.8981682758277472,evidence-side,"{""No, does not respect personal freedoms"": 0.9997211537912577, ""Yes, respects personal freedoms"": 0.00027884620874236293}","{""No, does not respect personal freedoms"": 0.09722222222222222, ""Yes, respects personal freedoms"": 0.9027777777777778}","{""No, does not respect personal freedoms"": 0.9347826086956522, ""Yes, respects personal freedoms"": 0.06521739130434782}"
gemma,Gemma-2-9B-It,Q0558,GAS,Spain,Pakistan,Q0558::Spain=>Pakistan,0.7713143395204187,0.8893667885092983,evidence-side,"{""No, does not respect personal freedoms"": 0.0006360602564405433, ""Yes, respects personal freedoms"": 0.9993639397435595}","{""No, does not respect personal freedoms"": 0.9347826086956522, ""Yes, respects personal freedoms"": 0.06521739130434782}","{""No, does not respect personal freedoms"": 0.09722222222222222, ""Yes, respects personal freedoms"": 0.9027777777777778}"
gemma,Gemma-2-9B-It,Q0574,GAS,Israel,Pakistan,Q0574::Israel=>Pakistan,0.8282397910604485,0.8723944823133444,evidence-side,"{""Favor"": 0.998179749338999, ""Oppose"": 0.0018202506610010397}","{""Favor"": 0.02040816326530612, ""Oppose"": 0.9795918367346939}","{""Favor"": 0.819672131147541, ""Oppose"": 0.18032786885245902}"
gemma,Gemma-2-9B-It,Q0574,GAS,Pakistan,Israel,Q0574::Pakistan=>Israel,0.6256241310845068,0.9235948528666208,evidence-side,"{""Favor"": 3.732291955574298e-05, ""Oppose"": 0.9999626770804443}","{""Favor"": 0.819672131147541, ""Oppose"": 0.18032786885245902}","{""Favor"": 0.02040816326530612, ""Oppose"": 0.9795918367346939}"
gemma,Gemma-2-9B-It,Q0595,GAS,El Salvador,Palest. ter.,Q0595::El Salvador=>Palest. ter.,0.8199969632628981,0.7660962564119983,evidence-side,"{""More of a partner"": 0.0001487009470562277, ""More of an enemy"": 0.999635310919243, ""Neither"": 0.00021598813370077503}","{""More of a partner"": 0.8888888888888888, ""More of an enemy"": 0.020202020202020204, ""Neither"": 0.09090909090909091}","{""More of a partner"": 0.042105263157894736, ""More of an enemy"": 0.8, ""Neither"": 0.15789473684210525}"
gemma,Gemma-2-9B-It,Q0595,GAS,Israel,Palest. ter.,Q0595::Israel=>Palest. ter.,0.8505573033019781,0.7611665235108381,evidence-side,"{""More of a partner"": 0.00010966495185223893, ""More of an enemy"": 0.9997295533109252, ""Neither"": 0.000160781737222642}","{""More of a partner"": 0.9183673469387755, ""More of an enemy"": 0.01020408163265306, ""Neither"": 0.07142857142857142}","{""More of a partner"": 0.042105263157894736, ""More of an enemy"": 0.8, ""Neither"": 0.15789473684210525}"
gemma,Gemma-2-9B-It,Q0595,GAS,Palest. ter.,El Salvador,Q0595::Palest. ter.=>El Salvador,0.8137688600100172,0.8385726188081901,evidence-side,"{""More of a partner"": 0.9994020497248836, ""More of an enemy"": 0.0002717736664217034, ""Neither"": 0.000326176608694746}","{""More of a partner"": 0.042105263157894736, ""More of an enemy"": 0.8, ""Neither"": 0.15789473684210525}","{""More of a partner"": 0.8888888888888888, ""More of an enemy"": 0.020202020202020204, ""Neither"": 0.09090909090909091}"
gemma,Gemma-2-9B-It,Q0595,GAS,Palest. ter.,Israel,Q0595::Palest. ter.=>Israel,0.8298769985873037,0.8543084442976604,evidence-side,"{""More of a partner"": 0.9996179354787756, ""More of an enemy"": 0.00017759275653692077, ""Neither"": 0.00020447176468753352}","{""More of a partner"": 0.042105263157894736, ""More of an enemy"": 0.8, ""Neither"": 0.15789473684210525}","{""More of a partner"": 0.9183673469387755, ""More of an enemy"": 0.01020408163265306, ""Neither"": 0.07142857142857142}"
gemma,Gemma-2-9B-It,Q0595,GAS,Palest. ter.,Senegal,Q0595::Palest. ter.=>Senegal,0.8322168718557554,0.860500388626711,evidence-side,"{""More of a partner"": 0.9995802977568838, ""More of an enemy"": 0.00022440934341466564, ""Neither"": 0.00019529289970149783}","{""More of a partner"": 0.042105263157894736, ""More of an enemy"": 0.8, ""Neither"": 0.15789473684210525}","{""More of a partner"": 0.9230769230769231, ""More of an enemy"": 0.01098901098901099, ""Neither"": 0.06593406593406594}"
gemma,Gemma-2-9B-It,Q0595,GAS,Senegal,Palest. ter.,Q0595::Senegal=>Palest. ter.,0.8481386233722955,0.7578790168696438,evidence-side,"{""More of a partner"": 4.5576909425479434e-05, ""More of an enemy"": 0.999869975594022, ""Neither"": 8.444749655252519e-05}","{""More of a partner"": 0.9230769230769231, ""More of an enemy"": 0.01098901098901099, ""Neither"": 0.06593406593406594}","{""More of a partner"": 0.042105263157894736, ""More of an enemy"": 0.8, ""Neither"": 0.15789473684210525}"
gemma,Gemma-2-9B-It,Q0630,GAS,Australia,Pakistan,Q0630::Australia=>Pakistan,0.7706915976164144,0.8876004846427819,evidence-side,"{""No, does not respect personal freedoms"": 0.00105795298582216, ""Yes, respects personal freedoms"": 0.9989420470141779}","{""No, does not respect personal freedoms"": 0.9381443298969072, ""Yes, respects personal freedoms"": 0.06185567010309278}","{""No, does not respect personal freedoms"": 0.1095890410958904, ""Yes, respects personal freedoms"": 0.8904109589041096}"
gemma,Gemma-2-9B-It,Q0630,GAS,Pakistan,Australia,Q0630::Pakistan=>Australia,0.7096779069210345,0.8992079256982031,evidence-side,"{""No, does not respect personal freedoms"": 0.9997143881332594, ""Yes, respects personal freedoms"": 0.00028561186674059635}","{""No, does not respect personal freedoms"": 0.1095890410958904, ""Yes, respects personal freedoms"": 0.8904109589041096}","{""No, does not respect personal freedoms"": 0.9381443298969072, ""Yes, respects personal freedoms"": 0.06185567010309278}"
gemma,Gemma-2-9B-It,Q0630,GAS,Pakistan,Poland,Q0630::Pakistan=>Poland,0.7098035996781523,0.8990521864923408,evidence-side,"{""No, does not respect personal freedoms"": 0.9997399901258994, ""Yes, respects personal freedoms"": 0.0002600098741006238}","{""No, does not respect personal freedoms"": 0.1095890410958904, ""Yes, respects personal freedoms"": 0.8904109589041096}","{""No, does not respect personal freedoms"": 0.9382716049382716, ""Yes, respects personal freedoms"": 0.06172839506172839}"
gemma,Gemma-2-9B-It,Q0630,GAS,Pakistan,Sweden,Q0630::Pakistan=>Sweden,0.7259033221524406,0.918988715270852,evidence-side,"{""No, does not respect personal freedoms"": 0.9997886735233981, ""Yes, respects personal freedoms"": 0.00021132647660191504}","{""No, does not respect personal freedoms"": 0.1095890410958904, ""Yes, respects personal freedoms"": 0.8904109589041096}","{""No, does not respect personal freedoms"": 0.9693877551020409, ""Yes, respects personal freedoms"": 0.030612244897959186}"
gemma,Gemma-2-9B-It,Q0630,GAS,Poland,Pakistan,Q0630::Poland=>Pakistan,0.769637753215935,0.8905465166618287,evidence-side,"{""No, does not respect personal freedoms"": 0.0017296127308050369, ""Yes, respects personal freedoms"": 0.9982703872691949}","{""No, does not respect personal freedoms"": 0.9382716049382716, ""Yes, respects personal freedoms"": 0.06172839506172839}","{""No, does not respect personal freedoms"": 0.1095890410958904, ""Yes, respects personal freedoms"": 0.8904109589041096}"
gemma,Gemma-2-9B-It,Q0630,GAS,Sweden,Pakistan,Q0630::Sweden=>Pakistan,0.8390440639602605,0.8934527630418319,evidence-side,"{""No, does not respect personal freedoms"": 0.0022286547682361106, ""Yes, respects personal freedoms"": 0.9977713452317639}","{""No, does not respect personal freedoms"": 0.9693877551020409, ""Yes, respects personal freedoms"": 0.030612244897959186}","{""No, does not respect personal freedoms"": 0.1095890410958904, ""Yes, respects personal freedoms"": 0.8904109589041096}"
gemma,Gemma-2-9B-It,Q0703,GAS,Senegal,Turkey,Q0703::Senegal=>Turkey,0.7501774241259185,0.6558894086559751,evidence-side,"{""Somewhat favorable"": 0.00015004404667136548, ""Somewhat unfavorable"": 0.0003537883530485591, ""Very favorable"": 4.5353495191845134e-05, ""Very unfavorable"": 0.9994508141050883}","{""Somewhat favorable"": 0.2988505747126437, ""Somewhat unfavorable"": 0.04597701149425287, ""Very favorable"": 0.6436781609195402, ""Very unfavorable"": 0.011494252873563218}","{""Somewhat favorable"": 0.08536585365853659, ""Somewhat unfavorable"": 0.24390243902439024, ""Very favorable"": 0.024390243902439025, ""Very unfavorable"": 0.6463414634146342}"
gemma,Gemma-2-9B-It,Q0703,GAS,Turkey,Senegal,Q0703::Turkey=>Senegal,0.7134398310707134,0.6426802805712356,evidence-side,"{""Somewhat favorable"": 0.005538017089242543, ""Somewhat unfavorable"": 4.066413319653567e-05, ""Very favorable"": 0.9943801754653797, ""Very unfavorable"": 4.1143312181291115e-05}","{""Somewhat favorable"": 0.08536585365853659, ""Somewhat unfavorable"": 0.24390243902439024, ""Very favorable"": 0.024390243902439025, ""Very unfavorable"": 0.6463414634146342}","{""Somewhat favorable"": 0.2988505747126437, ""Somewhat unfavorable"": 0.04597701149425287, ""Very favorable"": 0.6436781609195402, ""Very unfavorable"": 0.011494252873563218}"
gemma,Gemma-2-9B-It,Q0703,GAS,Turkey,Ukraine,Q0703::Turkey=>Ukraine,0.6206053135860992,0.6196407505776715,evidence-side,"{""Somewhat favorable"": 0.9983530116747035, ""Somewhat unfavorable"": 6.819560018739865e-05, ""Very favorable"": 0.00153033919924722, ""Very unfavorable"": 4.845352586190002e-05}","{""Somewhat favorable"": 0.08536585365853659, ""Somewhat unfavorable"": 0.24390243902439024, ""Very favorable"": 0.024390243902439025, ""Very unfavorable"": 0.6463414634146342}","{""Somewhat favorable"": 0.7058823529411765, ""Somewhat unfavorable"": 0.047058823529411764, ""Very favorable"": 0.23529411764705882, ""Very unfavorable"": 0.011764705882352941}"
gemma,Gemma-2-9B-It,Q0703,GAS,Ukraine,Turkey,Q0703::Ukraine=>Turkey,0.7583359119114335,0.704334078963844,evidence-side,"{""Somewhat favorable"": 0.0001784420931040664, ""Somewhat unfavorable"": 0.012732752176135866, ""Very favorable"": 0.00017914117907784138, ""Very unfavorable"": 0.9869096645516823}","{""Somewhat favorable"": 0.7058823529411765, ""Somewhat unfavorable"": 0.047058823529411764, ""Very favorable"": 0.23529411764705882, ""Very unfavorable"": 0.011764705882352941}","{""Somewhat favorable"": 0.08536585365853659, ""Somewhat unfavorable"": 0.24390243902439024, ""Very favorable"": 0.024390243902439025, ""Very unfavorable"": 0.6463414634146342}"
gemma,Gemma-2-9B-It,Q0710,GAS,Kenya,Ukraine,Q0710::Kenya=>Ukraine,0.6268204714047901,0.5902971653949287,evidence-side,"{""About the same"": 0.00043755487634622914, ""Losing ground"": 0.9994020394671917, ""Making progress"": 0.0001604056564620067}","{""About the same"": 0.04040404040404041, ""Losing ground"": 0.06060606060606061, ""Making progress"": 0.898989898989899}","{""About the same"": 0.3, ""Losing ground"": 0.6444444444444445, ""Making progress"": 0.05555555555555555}"
gemma,Gemma-2-9B-It,Q0710,GAS,Mali,Ukraine,Q0710::Mali=>Ukraine,0.6480573033955791,0.6212492007780057,evidence-side,"{""About the same"": 0.00023298215106849125, ""Losing ground"": 0.9996576605093185, ""Making progress"": 0.00010935733961301146}","{""About the same"": 0.08080808080808081, ""Losing ground"": 0.050505050505050504, ""Making progress"": 0.8686868686868687}","{""About the same"": 0.3, ""Losing ground"": 0.6444444444444445, ""Making progress"": 0.05555555555555555}"
gemma,Gemma-2-9B-It,Q0710,GAS,Ukraine,Kenya,Q0710::Ukraine=>Kenya,0.7899619020285287,0.8857436902192526,evidence-side,"{""About the same"": 0.0001877842892974847, ""Losing ground"": 0.00011472817942871245, ""Making progress"": 0.9996974875312739}","{""About the same"": 0.3, ""Losing ground"": 0.6444444444444445, ""Making progress"": 0.05555555555555555}","{""About the same"": 0.04040404040404041, ""Losing ground"": 0.06060606060606061, ""Making progress"": 0.898989898989899}"
gemma,Gemma-2-9B-It,Q0710,GAS,Ukraine,Mali,Q0710::Ukraine=>Mali,0.7736700107076968,0.8652383357118251,evidence-side,"{""About the same"": 0.00010247791747689378, ""Losing ground"": 9.08262560437772e-05, ""Making progress"": 0.9998066958264794}","{""About the same"": 0.3, ""Losing ground"": 0.6444444444444445, ""Making progress"": 0.05555555555555555}","{""About the same"": 0.08080808080808081, ""Losing ground"": 0.050505050505050504, ""Making progress"": 0.8686868686868687}"
gemma,Gemma-2-9B-It,Q0739,GAS,Jordan,Turkey,Q0739::Jordan=>Turkey,0.6943279434113658,0.9011660203436557,evidence-side,"{""Favor"": 4.3263388261796326e-05, ""Oppose"": 0.9999567366117382}","{""Favor"": 0.8775510204081632, ""Oppose"": 0.12244897959183673}","{""Favor"": 0.052083333333333336, ""Oppose"": 0.9479166666666666}"
gemma,Gemma-2-9B-It,Q0739,GAS,Turkey,Jordan,Q0739::Turkey=>Jordan,0.7834650387408848,0.8860172124344117,evidence-side,"{""Favor"": 0.9984767402779886, ""Oppose"": 0.0015232597220114841}","{""Favor"": 0.052083333333333336, ""Oppose"": 0.9479166666666666}","{""Favor"": 0.8775510204081632, ""Oppose"": 0.12244897959183673}"
gemma,Gemma-2-9B-It,Q0747,GAS,El Salvador,Jordan,Q0747::El Salvador=>Jordan,0.7279264726680694,0.8558137931046624,evidence-side,"{""Not important at all"": 0.6998235544396239, ""Not too important"": 0.29977859808887153, ""Somewhat important"": 0.00026505153235911397, ""Very important"": 0.00013279593914555733}","{""Not important at all"": 0.04040404040404041, ""Not too important"": 0.06060606060606061, ""Somewhat important"": 0.20202020202020202, ""Very important"": 0.696969696969697}","{""Not important at all"": 0.5368421052631579, ""Not too important"": 0.4105263157894737, ""Somewhat important"": 0.031578947368421054, ""Very important"": 0.021052631578947368}"
gemma,Gemma-2-9B-It,Q0747,GAS,Jordan,El Salvador,Q0747::Jordan=>El Salvador,0.753864397043856,0.6938204800291822,evidence-side,"{""Not important at all"": 0.00044441837080443455, ""Not too important"": 0.00010156072451321167, ""Somewhat important"": 0.0001488926013934769, ""Very important"": 0.9993051283032889}","{""Not important at all"": 0.5368421052631579, ""Not too important"": 0.4105263157894737, ""Somewhat important"": 0.031578947368421054, ""Very important"": 0.021052631578947368}","{""Not important at all"": 0.04040404040404041, ""Not too important"": 0.06060606060606061, ""Somewhat important"": 0.20202020202020202, ""Very important"": 0.696969696969697}"
gemma,Gemma-2-9B-It,Q0747,GAS,Jordan,Morocco,Q0747::Jordan=>Morocco,0.7523306381241582,0.663896151188023,evidence-side,"{""Not important at all"": 0.00035520692108175, ""Not too important"": 0.00010673508031678277, ""Somewhat important"": 0.00015489837191313665, ""Very important"": 0.9993831596266883}","{""Not important at all"": 0.5368421052631579, ""Not too important"": 0.4105263157894737, ""Somewhat important"": 0.031578947368421054, ""Very important"": 0.021052631578947368}","{""Not important at all"": 0.027777777777777776, ""Not too important"": 0.041666666666666664, ""Somewhat important"": 0.2361111111111111, ""Very important"": 0.6944444444444444}"
gemma,Gemma-2-9B-It,Q0747,GAS,Jordan,Venezuela,Q0747::Jordan=>Venezuela,0.6501752916750755,0.571502668892236,evidence-side,"{""Not important at all"": 0.0002915534262288581, ""Not too important"": 0.00016895427231674432, ""Somewhat important"": 0.000382074527321558, ""Very important"": 0.9991574177741329}","{""Not important at all"": 0.5368421052631579, ""Not too important"": 0.4105263157894737, ""Somewhat important"": 0.031578947368421054, ""Very important"": 0.021052631578947368}","{""Not important at all"": 0.041237113402061855, ""Not too important"": 0.08247422680412371, ""Somewhat important"": 0.32989690721649484, ""Very important"": 0.5463917525773195}"
gemma,Gemma-2-9B-It,Q0747,GAS,Morocco,Jordan,Q0747::Morocco=>Jordan,0.6272531497933067,0.5171130351530104,evidence-side,"{""Not important at all"": 0.9973788677473463, ""Not too important"": 0.00221576851560131, ""Somewhat important"": 0.00023173899114487632, ""Very important"": 0.00017362474590760986}","{""Not important at all"": 0.027777777777777776, ""Not too important"": 0.041666666666666664, ""Somewhat important"": 0.2361111111111111, ""Very important"": 0.6944444444444444}","{""Not important at all"": 0.5368421052631579, ""Not too important"": 0.4105263157894737, ""Somewhat important"": 0.031578947368421054, ""Very important"": 0.021052631578947368}"
gemma,Gemma-2-9B-It,Q0747,GAS,Venezuela,Jordan,Q0747::Venezuela=>Jordan,0.7023146014036306,0.8809916095276112,evidence-side,"{""Not important at all"": 0.6629876531984946, ""Not too important"": 0.3367248516813831, ""Somewhat important"": 0.00012969591667435178, ""Very important"": 0.0001577992034478847}","{""Not important at all"": 0.041237113402061855, ""Not too important"": 0.08247422680412371, ""Somewhat important"": 0.32989690721649484, ""Very important"": 0.5463917525773195}","{""Not important at all"": 0.5368421052631579, ""Not too important"": 0.4105263157894737, ""Somewhat important"": 0.031578947368421054, ""Very important"": 0.021052631578947368}"
gemma,Gemma-2-9B-It,Q0758,GAS,Egypt,Spain,Q0758::Egypt=>Spain,0.8627255544883203,0.8702466645087578,evidence-side,"{""No, not sympathetic"": 0.9989710796597367, ""Yes, sympathetic"": 0.0010289203402632052}","{""No, not sympathetic"": 0.010101010101010102, ""Yes, sympathetic"": 0.98989898989899}","{""No, not sympathetic"": 0.8229166666666666, ""Yes, sympathetic"": 0.17708333333333334}"
gemma,Gemma-2-9B-It,Q0758,GAS,Jordan,Spain,Q0758::Jordan=>Spain,0.8640495456843758,0.8678029968012422,evidence-side,"{""No, not sympathetic"": 0.9995645272172561, ""Yes, sympathetic"": 0.00043547278274386875}","{""No, not sympathetic"": 0.01, ""Yes, sympathetic"": 0.99}","{""No, not sympathetic"": 0.8229166666666666, ""Yes, sympathetic"": 0.17708333333333334}"
gemma,Gemma-2-9B-It,Q0758,GAS,Spain,Egypt,Q0758::Spain=>Egypt,0.6351194252661307,0.9414868785661021,evidence-side,"{""No, not sympathetic"": 6.875408666116646e-05, ""Yes, sympathetic"": 0.9999312459133388}","{""No, not sympathetic"": 0.8229166666666666, ""Yes, sympathetic"": 0.17708333333333334}","{""No, not sympathetic"": 0.010101010101010102, ""Yes, sympathetic"": 0.98989898989899}"
gemma,Gemma-2-9B-It,Q0758,GAS,Spain,Jordan,Q0758::Spain=>Jordan,0.6352492894161648,0.9411638514655667,evidence-side,"{""No, not sympathetic"": 4.6400709131231135e-05, ""Yes, sympathetic"": 0.9999535992908688}","{""No, not sympathetic"": 0.8229166666666666, ""Yes, sympathetic"": 0.17708333333333334}","{""No, not sympathetic"": 0.01, ""Yes, sympathetic"": 0.99}"
gemma,Gemma-2-9B-It,Q0817,GAS,El Salvador,Vietnam,Q0817::El Salvador=>Vietnam,0.78320144225063,0.8866524094252546,evidence-side,"{""No"": 7.519025123154684e-05, ""Yes"": 0.9999248097487685}","{""No"": 0.9393939393939394, ""Yes"": 0.06060606060606061}","{""No"": 0.09473684210526316, ""Yes"": 0.9052631578947369}"
gemma,Gemma-2-9B-It,Q0817,GAS,Jordan,Thailand,Q0817::Jordan=>Thailand,0.8090233409714502,0.878019458133275,evidence-side,"{""No"": 0.00022193400108340804, ""Yes"": 0.9997780659989166}","{""No"": 0.96, ""Yes"": 0.04}","{""No"": 0.13, ""Yes"": 0.87}"
gemma,Gemma-2-9B-It,Q0817,GAS,Jordan,Vietnam,Q0817::Jordan=>Vietnam,0.8280374775557213,0.8891433736336767,evidence-side,"{""No"": 0.0002819286830307111, ""Yes"": 0.9997180713169693}","{""No"": 0.96, ""Yes"": 0.04}","{""No"": 0.09473684210526316, ""Yes"": 0.9052631578947369}"
gemma,Gemma-2-9B-It,Q0817,GAS,Thailand,Jordan,Q0817::Thailand=>Jordan,0.6885089542663536,0.9089948864068926,evidence-side,"{""No"": 0.9999036791379852, ""Yes"": 9.632086201487737e-05}","{""No"": 0.13, ""Yes"": 0.87}","{""No"": 0.96, ""Yes"": 0.04}"
gemma,Gemma-2-9B-It,Q0817,GAS,Vietnam,El Salvador,Q0817::Vietnam=>El Salvador,0.7361308671402033,0.8993797026531145,evidence-side,"{""No"": 0.9998493142425601, ""Yes"": 0.00015068575743997048}","{""No"": 0.09473684210526316, ""Yes"": 0.9052631578947369}","{""No"": 0.9393939393939394, ""Yes"": 0.06060606060606061}"
gemma,Gemma-2-9B-It,Q0817,GAS,Vietnam,Jordan,Q0817::Vietnam=>Jordan,0.7469196544216199,0.9109076146768879,evidence-side,"{""No"": 0.9999030004677558, ""Yes"": 9.699953224413403e-05}","{""No"": 0.09473684210526316, ""Yes"": 0.9052631578947369}","{""No"": 0.96, ""Yes"": 0.04}"
gemma,Gemma-2-9B-It,Q0830,GAS,Jordan,United States,Q0830::Jordan=>United States,0.824198898376817,0.8732000264091715,evidence-side,"{""Didn't try hard enough"": 7.04266586563485e-05, ""Tried very hard"": 0.9999295733413437}","{""Didn't try hard enough"": 0.9696969696969697, ""Tried very hard"": 0.030303030303030304}","{""Didn't try hard enough"": 0.14583333333333334, ""Tried very hard"": 0.8541666666666666}"
gemma,Gemma-2-9B-It,Q0830,GAS,Palest. ter.,United States,Q0830::Palest. ter.=>United States,0.8803980396062243,0.8753441843602405,evidence-side,"{""Didn't try hard enough"": 0.00038184810304878425, ""Tried very hard"": 0.9996181518969512}","{""Didn't try hard enough"": 0.9895833333333334, ""Tried very hard"": 0.010416666666666666}","{""Didn't try hard enough"": 0.14583333333333334, ""Tried very hard"": 0.8541666666666666}"
gemma,Gemma-2-9B-It,Q0830,GAS,United States,Jordan,Q0830::United States=>Jordan,0.669125119688203,0.9170059633030753,evidence-side,"{""Didn't try hard enough"": 0.9998205057500406, ""Tried very hard"": 0.00017949424995941513}","{""Didn't try hard enough"": 0.14583333333333334, ""Tried very hard"": 0.8541666666666666}","{""Didn't try hard enough"": 0.9696969696969697, ""Tried very hard"": 0.030303030303030304}"
gemma,Gemma-2-9B-It,Q0830,GAS,United States,Palest. ter.,Q0830::United States=>Palest. ter.,0.6790801645202345,0.944354267876126,evidence-side,"{""Didn't try hard enough"": 0.9998211274797466, ""Tried very hard"": 0.00017887252025340053}","{""Didn't try hard enough"": 0.14583333333333334, ""Tried very hard"": 0.8541666666666666}","{""Didn't try hard enough"": 0.9895833333333334, ""Tried very hard"": 0.010416666666666666}"
gemma,Gemma-2-9B-It,Q0868,GAS,France,Pakistan,Q0868::France=>Pakistan,0.4327664411147327,0.33482074721322524,evidence-side,"{""Britain"": 7.973327474563591e-05, ""China"": 0.00022094926388756603, ""France"": 0.00045524745124620066, ""Germany"": 0.0002687612735426355, ""Japan"": 0.00014116296822359346, ""None of these (VOL)"": 0.998745084549015, ""Russia"": 4.745067544835111e-05, ""United States"": 4.16105438910559e-05}","{""Britain"": 0.04040404040404041, ""China"": 0.020202020202020204, ""France"": 0.6565656565656566, ""Germany"": 0.08080808080808081, ""Japan"": 0.020202020202020204, ""None of these (VOL)"": 0.030303030303030304, ""Russia"": 0.030303030303030304, ""United States"": 0.12121212121212122}","{""Britain"": 0.024096385542168676, ""China"": 0.5060240963855422, ""France"": 0.012048192771084338, ""Germany"": 0.012048192771084338, ""Japan"": 0.04819277108433735, ""None of these (VOL)"": 0.32530120481927716, ""Russia"": 0.012048192771084338, ""United States"": 0.060240963855421686}"
gemma,Gemma-2-9B-It,Q0868,GAS,Pakistan,France,Q0868::Pakistan=>France,0.7551942881533978,0.6695320326707512,evidence-side,"{""Britain"": 9.200051564256417e-06, ""China"": 1.6329198370283838e-05, ""France"": 0.9998079395902453, ""Germany"": 2.4760529221475033e-05, ""Japan"": 4.354278426096942e-05, ""None of these (VOL)"": 1.3936554107047508e-05, ""Russia"": 1.8268189624860826e-05, ""United States"": 6.602310260578299e-05}","{""Britain"": 0.024096385542168676, ""China"": 0.5060240963855422, ""France"": 0.012048192771084338, ""Germany"": 0.012048192771084338, ""Japan"": 0.04819277108433735, ""None of these (VOL)"": 0.32530120481927716, ""Russia"": 0.012048192771084338, ""United States"": 0.060240963855421686}","{""Britain"": 0.04040404040404041, ""China"": 0.020202020202020204, ""France"": 0.6565656565656566, ""Germany"": 0.08080808080808081, ""Japan"": 0.020202020202020204, ""None of these (VOL)"": 0.030303030303030304, ""Russia"": 0.030303030303030304, ""United States"": 0.12121212121212122}"
gemma,Gemma-2-9B-It,Q0868,GAS,Pakistan,United States,Q0868::Pakistan=>United States,0.7112455472074621,0.7449343161504235,evidence-side,"{""Britain"": 7.269273630045337e-06, ""China"": 5.5520756745782595e-06, ""France"": 5.140977670582801e-05, ""Germany"": 4.937138878402938e-06, ""Japan"": 3.534788084063317e-05, ""None of these (VOL)"": 1.560881163137409e-05, ""Russia"": 9.884467347449554e-06, ""United States"": 0.9998699905752917}","{""Britain"": 0.024096385542168676, ""China"": 0.5060240963855422, ""France"": 0.012048192771084338, ""Germany"": 0.012048192771084338, ""Japan"": 0.04819277108433735, ""None of these (VOL)"": 0.32530120481927716, ""Russia"": 0.012048192771084338, ""United States"": 0.060240963855421686}","{""Britain"": 0.06382978723404256, ""China"": 0.010638297872340427, ""France"": 0.03191489361702128, ""Germany"": 0.021276595744680854, ""Japan"": 0.010638297872340427, ""None of these (VOL)"": 0.06382978723404256, ""Russia"": 0.021276595744680854, ""United States"": 0.7765957446808511}"
gemma,Gemma-2-9B-It,Q0868,GAS,United States,Pakistan,Q0868::United States=>Pakistan,0.42604280617661205,0.37085086948656343,evidence-side,"{""Britain"": 3.4091518312484074e-05, ""China"": 0.03356923970770051, ""France"": 8.974589411476868e-05, ""Germany"": 3.1057410691025266e-05, ""Japan"": 5.281894915061331e-05, ""None of these (VOL)"": 0.9660706158034857, ""Russia"": 9.059006045797597e-05, ""United States"": 6.184065608688712e-05}","{""Britain"": 0.06382978723404256, ""China"": 0.010638297872340427, ""France"": 0.03191489361702128, ""Germany"": 0.021276595744680854, ""Japan"": 0.010638297872340427, ""None of these (VOL)"": 0.06382978723404256, ""Russia"": 0.021276595744680854, ""United States"": 0.7765957446808511}","{""Britain"": 0.024096385542168676, ""China"": 0.5060240963855422, ""France"": 0.012048192771084338, ""Germany"": 0.012048192771084338, ""Japan"": 0.04819277108433735, ""None of these (VOL)"": 0.32530120481927716, ""Russia"": 0.012048192771084338, ""United States"": 0.060240963855421686}"
gemma,Gemma-2-9B-It,Q0914,GAS,Netherlands,Vietnam,Q0914::Netherlands=>Vietnam,0.7293908576726525,0.9090547245614726,evidence-side,"{""No, does not respect personal freedoms"": 0.0002811516018049297, ""Yes, respects personal freedoms"": 0.999718848398195}","{""No, does not respect personal freedoms"": 0.8969072164948454, ""Yes, respects personal freedoms"": 0.10309278350515463}","{""No, does not respect personal freedoms"": 0.0449438202247191, ""Yes, respects personal freedoms"": 0.9550561797752809}"
gemma,Gemma-2-9B-It,Q0914,GAS,Poland,Vietnam,Q0914::Poland=>Vietnam,0.7522615908649732,0.9158743635278616,evidence-side,"{""No, does not respect personal freedoms"": 0.0010877635279580593, ""Yes, respects personal freedoms"": 0.998912236472042}","{""No, does not respect personal freedoms"": 0.9111111111111111, ""Yes, respects personal freedoms"": 0.08888888888888889}","{""No, does not respect personal freedoms"": 0.0449438202247191, ""Yes, respects personal freedoms"": 0.9550561797752809}"
gemma,Gemma-2-9B-It,Q0914,GAS,Sweden,Vietnam,Q0914::Sweden=>Vietnam,0.8043192308349184,0.9167692984313031,evidence-side,"{""No, does not respect personal freedoms"": 0.0010252011590564673, ""Yes, respects personal freedoms"": 0.9989747988409435}","{""No, does not respect personal freedoms"": 0.9381443298969073, ""Yes, respects personal freedoms"": 0.061855670103092786}","{""No, does not respect personal freedoms"": 0.0449438202247191, ""Yes, respects personal freedoms"": 0.9550561797752809}"
gemma,Gemma-2-9B-It,Q0914,GAS,Vietnam,Netherlands,Q0914::Vietnam=>Netherlands,0.8123551276810996,0.8854103370510014,evidence-side,"{""No, does not respect personal freedoms"": 0.9998229259276068, ""Yes, respects personal freedoms"": 0.00017707407239322221}","{""No, does not respect personal freedoms"": 0.0449438202247191, ""Yes, respects personal freedoms"": 0.9550561797752809}","{""No, does not respect personal freedoms"": 0.8969072164948454, ""Yes, respects personal freedoms"": 0.10309278350515463}"
gemma,Gemma-2-9B-It,Q0914,GAS,Vietnam,Poland,Q0914::Vietnam=>Poland,0.8199587381066744,0.8902814853385581,evidence-side,"{""No, does not respect personal freedoms"": 0.9998189323748462, ""Yes, respects personal freedoms"": 0.00018106762515388854}","{""No, does not respect personal freedoms"": 0.0449438202247191, ""Yes, respects personal freedoms"": 0.9550561797752809}","{""No, does not respect personal freedoms"": 0.9111111111111111, ""Yes, respects personal freedoms"": 0.08888888888888889}"
gemma,Gemma-2-9B-It,Q0914,GAS,Vietnam,Sweden,Q0914::Vietnam=>Sweden,0.8341505841759131,0.9018757170835088,evidence-side,"{""No, does not respect personal freedoms"": 0.9997961061987003, ""Yes, respects personal freedoms"": 0.00020389380129974714}","{""No, does not respect personal freedoms"": 0.0449438202247191, ""Yes, respects personal freedoms"": 0.9550561797752809}","{""No, does not respect personal freedoms"": 0.9381443298969073, ""Yes, respects personal freedoms"": 0.061855670103092786}"
gemma,Gemma-2-9B-It,Q0956,GAS,Israel,Kuwait,Q0956::Israel=>Kuwait,0.33135015201157814,0.26972762994594796,evidence-side,"{""A lot of confidence"": 0.00852529613958432, ""No confidence at all"": 0.00035659463379423867, ""Not too much confidence"": 0.0024709789616688266, ""Some confidence"": 0.9886471302649527}","{""A lot of confidence"": 0.010309278350515464, ""No confidence at all"": 0.5876288659793815, ""Not too much confidence"": 0.3402061855670103, ""Some confidence"": 0.061855670103092786}","{""A lot of confidence"": 0.6129032258064516, ""No confidence at all"": 0.07526881720430108, ""Not too much confidence"": 0.03225806451612903, ""Some confidence"": 0.27956989247311825}"
gemma,Gemma-2-9B-It,Q0956,GAS,Israel,Pakistan,Q0956::Israel=>Pakistan,0.38860175083325227,0.31109688085335835,evidence-side,"{""A lot of confidence"": 0.028422254633696898, ""No confidence at all"": 0.0007867110920926952, ""Not too much confidence"": 0.004682264915832927, ""Some confidence"": 0.9661087693583775}","{""A lot of confidence"": 0.010309278350515464, ""No confidence at all"": 0.5876288659793815, ""Not too much confidence"": 0.3402061855670103, ""Some confidence"": 0.061855670103092786}","{""A lot of confidence"": 0.6363636363636364, ""No confidence at all"": 0.03896103896103896, ""Not too much confidence"": 0.025974025974025976, ""Some confidence"": 0.2987012987012987}"
gemma,Gemma-2-9B-It,Q0956,GAS,Kuwait,Israel,Q0956::Kuwait=>Israel,0.7076532792387838,0.8724321391653798,evidence-side,"{""A lot of confidence"": 0.0001386531377532865, ""No confidence at all"": 0.6465624610609899, ""Not too much confidence"": 0.3529151855836584, ""Some confidence"": 0.0003837002175984644}","{""A lot of confidence"": 0.6129032258064516, ""No confidence at all"": 0.07526881720430108, ""Not too much confidence"": 0.03225806451612903, ""Some confidence"": 0.27956989247311825}","{""A lot of confidence"": 0.010309278350515464, ""No confidence at all"": 0.5876288659793815, ""Not too much confidence"": 0.3402061855670103, ""Some confidence"": 0.061855670103092786}"
gemma,Gemma-2-9B-It,Q0956,GAS,Pakistan,Israel,Q0956::Pakistan=>Israel,0.46203782001185156,0.35388044694655346,evidence-side,"{""A lot of confidence"": 0.0001885848366805903, ""No confidence at all"": 0.0039721996205527655, ""Not too much confidence"": 0.9923745089392824, ""Some confidence"": 0.0034647066034843273}","{""A lot of confidence"": 0.6363636363636364, ""No confidence at all"": 0.03896103896103896, ""Not too much confidence"": 0.025974025974025976, ""Some confidence"": 0.2987012987012987}","{""A lot of confidence"": 0.010309278350515464, ""No confidence at all"": 0.5876288659793815, ""Not too much confidence"": 0.3402061855670103, ""Some confidence"": 0.061855670103092786}"
gemma,Gemma-2-9B-It,Q0990,GAS,Canada,Pakistan,Q0990::Canada=>Pakistan,0.7393498319144616,0.8877918280622719,evidence-side,"{""I dislike American music, movies and television"": 0.9997192207433191, ""I like American music, movies and television"": 0.00028077925668093615}","{""I dislike American music, movies and television"": 0.08333333333333334, ""I like American music, movies and television"": 0.9166666666666667}","{""I dislike American music, movies and television"": 0.9069767441860465, ""I like American music, movies and television"": 0.09302325581395349}"
gemma,Gemma-2-9B-It,Q0990,GAS,Pakistan,Canada,Q0990::Pakistan=>Canada,0.7270398065206051,0.8904463166522353,evidence-side,"{""I dislike American music, movies and television"": 0.00023259255999100514, ""I like American music, movies and television"": 0.999767407440009}","{""I dislike American music, movies and television"": 0.9069767441860465, ""I like American music, movies and television"": 0.09302325581395349}","{""I dislike American music, movies and television"": 0.08333333333333334, ""I like American music, movies and television"": 0.9166666666666667}"
gemma,Gemma-2-9B-It,Q1024,GAS,Indonesia,Sweden,Q1024::Indonesia=>Sweden,0.7303228543306838,0.9040801692759062,evidence-side,"{""Homosexuality should be accepted by society"": 0.9998834722204805, ""Homosexuality should not be accepted by society"": 0.0001165277795194881}","{""Homosexuality should be accepted by society"": 0.10112359550561797, ""Homosexuality should not be accepted by society"": 0.8988764044943821}","{""Homosexuality should be accepted by society"": 0.9494949494949495, ""Homosexuality should not be accepted by society"": 0.050505050505050504}"
gemma,Gemma-2-9B-It,Q1024,GAS,Netherlands,Nigeria,Q1024::Netherlands=>Nigeria,0.7571750266971946,0.8955703922250099,evidence-side,"{""Homosexuality should be accepted by society"": 0.00019689100514233747, ""Homosexuality should not be accepted by society"": 0.9998031089948577}","{""Homosexuality should be accepted by society"": 0.92, ""Homosexuality should not be accepted by society"": 0.08}","{""Homosexuality should be accepted by society"": 0.07142857142857144, ""Homosexuality should not be accepted by society"": 0.9285714285714286}"
gemma,Gemma-2-9B-It,Q1024,GAS,Nigeria,Netherlands,Q1024::Nigeria=>Netherlands,0.7690623202628561,0.8924981981856387,evidence-side,"{""Homosexuality should be accepted by society"": 0.9998010287039186, ""Homosexuality should not be accepted by society"": 0.0001989712960813616}","{""Homosexuality should be accepted by society"": 0.07142857142857144, ""Homosexuality should not be accepted by society"": 0.9285714285714286}","{""Homosexuality should be accepted by society"": 0.92, ""Homosexuality should not be accepted by society"": 0.08}"
gemma,Gemma-2-9B-It,Q1024,GAS,Nigeria,Sweden,Q1024::Nigeria=>Sweden,0.784436542742788,0.9066463937392029,evidence-side,"{""Homosexuality should be accepted by society"": 0.9997868825546935, ""Homosexuality should not be accepted by society"": 0.00021311744530645173}","{""Homosexuality should be accepted by society"": 0.07142857142857144, ""Homosexuality should not be accepted by society"": 0.9285714285714286}","{""Homosexuality should be accepted by society"": 0.9494949494949495, ""Homosexuality should not be accepted by society"": 0.050505050505050504}"
gemma,Gemma-2-9B-It,Q1024,GAS,Sweden,Indonesia,Q1024::Sweden=>Indonesia,0.5814047910559828,0.9327781923124807,evidence-side,"{""Homosexuality should be accepted by society"": 0.12343907640268889, ""Homosexuality should not be accepted by society"": 0.8765609235973112}","{""Homosexuality should be accepted by society"": 0.9494949494949495, ""Homosexuality should not be accepted by society"": 0.050505050505050504}","{""Homosexuality should be accepted by society"": 0.10112359550561797, ""Homosexuality should not be accepted by society"": 0.8988764044943821}"
gemma,Gemma-2-9B-It,Q1024,GAS,Sweden,Nigeria,Q1024::Sweden=>Nigeria,0.8134286255544363,0.9055682002037119,evidence-side,"{""Homosexuality should be accepted by society"": 0.0016510526810395504, ""Homosexuality should not be accepted by society"": 0.9983489473189605}","{""Homosexuality should be accepted by society"": 0.9494949494949495, ""Homosexuality should not be accepted by society"": 0.050505050505050504}","{""Homosexuality should be accepted by society"": 0.07142857142857144, ""Homosexuality should not be accepted by society"": 0.9285714285714286}"
gemma,Gemma-2-9B-It,Q1035,GAS,Ghana,Sweden,Q1035::Ghana=>Sweden,0.9049978715862617,0.8865215650782826,evidence-side,"{""Necessary to believe in God to be moral/have good values"": 0.00018515987858292428, ""Not necessary to believe in God to be moral/have good values"": 0.9998148401214171}","{""Necessary to believe in God to be moral/have good values"": 0.99, ""Not necessary to believe in God to be moral/have good values"": 0.01}","{""Necessary to believe in God to be moral/have good values"": 0.10416666666666667, ""Not necessary to believe in God to be moral/have good values"": 0.8958333333333334}"
gemma,Gemma-2-9B-It,Q1035,GAS,Indonesia,Sweden,Q1035::Indonesia=>Sweden,0.9049037456747466,0.8868229443274495,evidence-side,"{""Necessary to believe in God to be moral/have good values"": 0.0002304717799918773, ""Not necessary to believe in God to be moral/have good values"": 0.9997695282200082}","{""Necessary to believe in God to be moral/have good values"": 0.99, ""Not necessary to believe in God to be moral/have good values"": 0.01}","{""Necessary to believe in God to be moral/have good values"": 0.10416666666666667, ""Not necessary to believe in God to be moral/have good values"": 0.8958333333333334}"
gemma,Gemma-2-9B-It,Q1035,GAS,Pakistan,Sweden,Q1035::Pakistan=>Sweden,0.9041854588607043,0.887940107216941,evidence-side,"{""Necessary to believe in God to be moral/have good values"": 0.0004146351589238468, ""Not necessary to believe in God to be moral/have good values"": 0.9995853648410762}","{""Necessary to believe in God to be moral/have good values"": 0.98989898989899, ""Not necessary to believe in God to be moral/have good values"": 0.010101010101010102}","{""Necessary to believe in God to be moral/have good values"": 0.10416666666666667, ""Not necessary to believe in God to be moral/have good values"": 0.8958333333333334}"
gemma,Gemma-2-9B-It,Q1035,GAS,Sweden,Ghana,Q1035::Sweden=>Ghana,0.740610714899024,0.9618961778903861,evidence-side,"{""Necessary to believe in God to be moral/have good values"": 0.9984799135262409, ""Not necessary to believe in God to be moral/have good values"": 0.001520086473759168}","{""Necessary to believe in God to be moral/have good values"": 0.10416666666666667, ""Not necessary to believe in God to be moral/have good values"": 0.8958333333333334}","{""Necessary to believe in God to be moral/have good values"": 0.99, ""Not necessary to believe in God to be moral/have good values"": 0.01}"
gemma,Gemma-2-9B-It,Q1035,GAS,Sweden,Indonesia,Q1035::Sweden=>Indonesia,0.740610714899024,0.9618961778903861,evidence-side,"{""Necessary to believe in God to be moral/have good values"": 0.9984799135262409, ""Not necessary to believe in God to be moral/have good values"": 0.001520086473759168}","{""Necessary to believe in God to be moral/have good values"": 0.10416666666666667, ""Not necessary to believe in God to be moral/have good values"": 0.8958333333333334}","{""Necessary to believe in God to be moral/have good values"": 0.99, ""Not necessary to believe in God to be moral/have good values"": 0.01}"
gemma,Gemma-2-9B-It,Q1035,GAS,Sweden,Pakistan,Q1035::Sweden=>Pakistan,0.023570040035896522,0.030639590120943676,evidence-side,"{""Necessary to believe in God to be moral/have good values"": 0.6139750293461826, ""Not necessary to believe in God to be moral/have good values"": 0.38602497065381736}","{""Necessary to believe in God to be moral/have good values"": 0.10416666666666667, ""Not necessary to believe in God to be moral/have good values"": 0.8958333333333334}","{""Necessary to believe in God to be moral/have good values"": 0.98989898989899, ""Not necessary to believe in God to be moral/have good values"": 0.010101010101010102}"
gemma,Gemma-2-9B-It,Q1094,GAS,Jordan,Uzbekistan,Q1094::Jordan=>Uzbekistan,0.7478663838900426,0.8983773569407005,evidence-side,"{""I favor the US-led efforts to fight terrorism"": 0.9999234282119449, ""I oppose the US-led efforts to fight terrorism"": 7.657178805519827e-05}","{""I favor the US-led efforts to fight terrorism"": 0.08791208791208792, ""I oppose the US-led efforts to fight terrorism"": 0.9120879120879121}","{""I favor the US-led efforts to fight terrorism"": 0.9381443298969072, ""I oppose the US-led efforts to fight terrorism"": 0.061855670103092786}"
gemma,Gemma-2-9B-It,Q1094,GAS,Palest. ter.,Uzbekistan,Q1094::Palest. ter.=>Uzbekistan,0.7192404974515979,0.8978216480326405,evidence-side,"{""I favor the US-led efforts to fight terrorism"": 0.9998949520726634, ""I oppose the US-led efforts to fight terrorism"": 0.00010504792733665232}","{""I favor the US-led efforts to fight terrorism"": 0.10416666666666667, ""I oppose the US-led efforts to fight terrorism"": 0.8958333333333334}","{""I favor the US-led efforts to fight terrorism"": 0.9381443298969072, ""I oppose the US-led efforts to fight terrorism"": 0.061855670103092786}"
gemma,Gemma-2-9B-It,Q1094,GAS,Uzbekistan,Jordan,Q1094::Uzbekistan=>Jordan,0.784080579101606,0.8897453673464863,evidence-side,"{""I favor the US-led efforts to fight terrorism"": 0.00016866336795953358, ""I oppose the US-led efforts to fight terrorism"": 0.9998313366320405}","{""I favor the US-led efforts to fight terrorism"": 0.9381443298969072, ""I oppose the US-led efforts to fight terrorism"": 0.061855670103092786}","{""I favor the US-led efforts to fight terrorism"": 0.08791208791208792, ""I oppose the US-led efforts to fight terrorism"": 0.9120879120879121}"
gemma,Gemma-2-9B-It,Q1094,GAS,Uzbekistan,Palest. ter.,Q1094::Uzbekistan=>Palest. ter.,0.7752575308390739,0.8846878310877689,evidence-side,"{""I favor the US-led efforts to fight terrorism"": 0.00022380567131350483, ""I oppose the US-led efforts to fight terrorism"": 0.9997761943286866}","{""I favor the US-led efforts to fight terrorism"": 0.9381443298969072, ""I oppose the US-led efforts to fight terrorism"": 0.061855670103092786}","{""I favor the US-led efforts to fight terrorism"": 0.10416666666666667, ""I oppose the US-led efforts to fight terrorism"": 0.8958333333333334}"
gemma,Gemma-2-9B-It,Q1110,GAS,Sweden,Vietnam,Q1110::Sweden=>Vietnam,0.5621088289005023,0.48428567443482873,evidence-side,"{""Somewhat bad"": 0.0007912610198365321, ""Somewhat good"": 0.9905173256728158, ""Very bad"": 0.0001521403132783945, ""Very good"": 0.0085392729940693}","{""Somewhat bad"": 0.19191919191919193, ""Somewhat good"": 0.030303030303030304, ""Very bad"": 0.7676767676767677, ""Very good"": 0.010101010101010102}","{""Somewhat bad"": 0.20652173913043478, ""Somewhat good"": 0.44565217391304346, ""Very bad"": 0.03260869565217391, ""Very good"": 0.31521739130434784}"
gemma,Gemma-2-9B-It,Q1110,GAS,Vietnam,Sweden,Q1110::Vietnam=>Sweden,0.76789374716202,0.7700892864955515,evidence-side,"{""Somewhat bad"": 0.00022584566163656166, ""Somewhat good"": 2.5252334965554942e-05, ""Very bad"": 0.999637457440275, ""Very good"": 0.00011144456312293247}","{""Somewhat bad"": 0.20652173913043478, ""Somewhat good"": 0.44565217391304346, ""Very bad"": 0.03260869565217391, ""Very good"": 0.31521739130434784}","{""Somewhat bad"": 0.19191919191919193, ""Somewhat good"": 0.030303030303030304, ""Very bad"": 0.7676767676767677, ""Very good"": 0.010101010101010102}"
gemma,Gemma-2-9B-It,Q1139,GAS,Kenya,Palest. ter.,Q1139::Kenya=>Palest. ter.,0.41352376876035224,0.34308399002440065,evidence-side,"{""Somewhat bad"": 0.990182632862373, ""Somewhat good"": 0.001408708839476653, ""Very bad"": 0.008211289900666736, ""Very good"": 0.00019736839748370425}","{""Somewhat bad"": 0.04081632653061224, ""Somewhat good"": 0.42857142857142855, ""Very bad"": 0.01020408163265306, ""Very good"": 0.5204081632653061}","{""Somewhat bad"": 0.3125, ""Somewhat good"": 0.17708333333333334, ""Very bad"": 0.5, ""Very good"": 0.010416666666666666}"
gemma,Gemma-2-9B-It,Q1139,GAS,Palest. ter.,Kenya,Q1139::Palest. ter.=>Kenya,0.6868762268639187,0.7291428005989702,evidence-side,"{""Somewhat bad"": 0.000656171417570042, ""Somewhat good"": 0.12232095273713461, ""Very bad"": 0.0003711518190876473, ""Very good"": 0.8766517240262077}","{""Somewhat bad"": 0.3125, ""Somewhat good"": 0.17708333333333334, ""Very bad"": 0.5, ""Very good"": 0.010416666666666666}","{""Somewhat bad"": 0.04081632653061224, ""Somewhat good"": 0.42857142857142855, ""Very bad"": 0.01020408163265306, ""Very good"": 0.5204081632653061}"
gemma,Gemma-2-9B-It,Q1139,GAS,Palest. ter.,Uganda,Q1139::Palest. ter.=>Uganda,0.6809957112251575,0.6159200572746197,evidence-side,"{""Somewhat bad"": 0.000416414437550731, ""Somewhat good"": 0.01116346970462425, ""Very bad"": 0.00029746263064031055, ""Very good"": 0.9881226532271847}","{""Somewhat bad"": 0.3125, ""Somewhat good"": 0.17708333333333334, ""Very bad"": 0.5, ""Very good"": 0.010416666666666666}","{""Somewhat bad"": 0.03614457831325301, ""Somewhat good"": 0.40963855421686746, ""Very bad"": 0.012048192771084338, ""Very good"": 0.5421686746987951}"
gemma,Gemma-2-9B-It,Q1139,GAS,Uganda,Palest. ter.,Q1139::Uganda=>Palest. ter.,0.6411350109573526,0.5515212436003782,evidence-side,"{""Somewhat bad"": 0.00041733584660239324, ""Somewhat good"": 0.00017868043561005052, ""Very bad"": 0.9991447192796035, ""Very good"": 0.0002592644381840704}","{""Somewhat bad"": 0.03614457831325301, ""Somewhat good"": 0.40963855421686746, ""Very bad"": 0.012048192771084338, ""Very good"": 0.5421686746987951}","{""Somewhat bad"": 0.3125, ""Somewhat good"": 0.17708333333333334, ""Very bad"": 0.5, ""Very good"": 0.010416666666666666}"
gemma,Gemma-2-9B-It,Q1155,GAS,Indonesia,Sweden,Q1155::Indonesia=>Sweden,0.8804610076016117,0.8905692412200815,evidence-side,"{""It is necessary to believe in God in order to be moral and have good values"": 0.00016571201766146557, ""It is not necessary to believe in God in order to be moral and have good values"": 0.9998342879823385}","{""It is necessary to believe in God in order to be moral and have good values"": 0.9795918367346939, ""It is not necessary to believe in God in order to be moral and have good values"": 0.020408163265306124}","{""It is necessary to believe in God in order to be moral and have good values"": 0.09090909090909091, ""It is not necessary to believe in God in order to be moral and have good values"": 0.9090909090909092}"
gemma,Gemma-2-9B-It,Q1155,GAS,Kenya,Sweden,Q1155::Kenya=>Sweden,0.8076652677109192,0.8890714808136481,evidence-side,"{""It is necessary to believe in God in order to be moral and have good values"": 0.00014864389245626056, ""It is not necessary to believe in God in order to be moral and have good values"": 0.9998513561075438}","{""It is necessary to believe in God in order to be moral and have good values"": 0.95, ""It is not necessary to believe in God in order to be moral and have good values"": 0.05}","{""It is necessary to believe in God in order to be moral and have good values"": 0.09090909090909091, ""It is not necessary to believe in God in order to be moral and have good values"": 0.9090909090909092}"
gemma,Gemma-2-9B-It,Q1155,GAS,Philippines,Sweden,Q1155::Philippines=>Sweden,0.8303484859484009,0.8895956467618157,evidence-side,"{""It is necessary to believe in God in order to be moral and have good values"": 0.00015644500845935354, ""It is not necessary to believe in God in order to be moral and have good values"": 0.9998435549915407}","{""It is necessary to believe in God in order to be moral and have good values"": 0.96, ""It is not necessary to believe in God in order to be moral and have good values"": 0.04}","{""It is necessary to believe in God in order to be moral and have good values"": 0.09090909090909091, ""It is not necessary to believe in God in order to be moral and have good values"": 0.9090909090909092}"
gemma,Gemma-2-9B-It,Q1155,GAS,Sweden,Indonesia,Q1155::Sweden=>Indonesia,0.7603151504579755,0.9401290894108386,evidence-side,"{""It is necessary to believe in God in order to be moral and have good values"": 0.9988291934038688, ""It is not necessary to believe in God in order to be moral and have good values"": 0.001170806596131219}","{""It is necessary to believe in God in order to be moral and have good values"": 0.09090909090909091, ""It is not necessary to believe in God in order to be moral and have good values"": 0.9090909090909092}","{""It is necessary to believe in God in order to be moral and have good values"": 0.9795918367346939, ""It is not necessary to believe in God in order to be moral and have good values"": 0.020408163265306124}"
gemma,Gemma-2-9B-It,Q1155,GAS,Sweden,Kenya,Q1155::Sweden=>Kenya,0.7467925128231034,0.9105966798459197,evidence-side,"{""It is necessary to believe in God in order to be moral and have good values"": 0.9991911818250458, ""It is not necessary to believe in God in order to be moral and have good values"": 0.0008088181749541083}","{""It is necessary to believe in God in order to be moral and have good values"": 0.09090909090909091, ""It is not necessary to believe in God in order to be moral and have good values"": 0.9090909090909092}","{""It is necessary to believe in God in order to be moral and have good values"": 0.95, ""It is not necessary to believe in God in order to be moral and have good values"": 0.05}"
gemma,Gemma-2-9B-It,Q1155,GAS,Sweden,Philippines,Q1155::Sweden=>Philippines,0.7524100028661875,0.9158102124474272,evidence-side,"{""It is necessary to believe in God in order to be moral and have good values"": 0.999409453388786, ""It is not necessary to believe in God in order to be moral and have good values"": 0.0005905466112140199}","{""It is necessary to believe in God in order to be moral and have good values"": 0.09090909090909091, ""It is not necessary to believe in God in order to be moral and have good values"": 0.9090909090909092}","{""It is necessary to believe in God in order to be moral and have good values"": 0.96, ""It is not necessary to believe in God in order to be moral and have good values"": 0.04}"
gemma,Gemma-2-9B-It,Q1223,GAS,Germany,Pakistan,Q1223::Germany=>Pakistan,0.8159569249962972,0.8783838951629707,evidence-side,"{""No, does not respect personal freedoms"": 0.0013478691723085663, ""Yes, respects personal freedoms"": 0.9986521308276914}","{""No, does not respect personal freedoms"": 0.9680851063829787, ""Yes, respects personal freedoms"": 0.031914893617021274}","{""No, does not respect personal freedoms"": 0.14925373134328357, ""Yes, respects personal freedoms"": 0.8507462686567164}"
gemma,Gemma-2-9B-It,Q1223,GAS,Italy,Pakistan,Q1223::Italy=>Pakistan,0.8744659029284241,0.8785914197878925,evidence-side,"{""No, does not respect personal freedoms"": 0.0013552009444290627, ""Yes, respects personal freedoms"": 0.998644799055571}","{""No, does not respect personal freedoms"": 0.9888888888888889, ""Yes, respects personal freedoms"": 0.011111111111111112}","{""No, does not respect personal freedoms"": 0.14925373134328357, ""Yes, respects personal freedoms"": 0.8507462686567164}"
gemma,Gemma-2-9B-It,Q1223,GAS,Pakistan,Germany,Q1223::Pakistan=>Germany,0.6630443056672611,0.9162537638953575,evidence-side,"{""No, does not respect personal freedoms"": 0.9997467463380169, ""Yes, respects personal freedoms"": 0.00025325366198320615}","{""No, does not respect personal freedoms"": 0.14925373134328357, ""Yes, respects personal freedoms"": 0.8507462686567164}","{""No, does not respect personal freedoms"": 0.9680851063829787, ""Yes, respects personal freedoms"": 0.031914893617021274}"
gemma,Gemma-2-9B-It,Q1223,GAS,Pakistan,Italy,Q1223::Pakistan=>Italy,0.6736339602622673,0.942923093609106,evidence-side,"{""No, does not respect personal freedoms"": 0.9998085004129383, ""Yes, respects personal freedoms"": 0.0001914995870616755}","{""No, does not respect personal freedoms"": 0.14925373134328357, ""Yes, respects personal freedoms"": 0.8507462686567164}","{""No, does not respect personal freedoms"": 0.9888888888888889, ""Yes, respects personal freedoms"": 0.011111111111111112}"
gemma,Gemma-2-9B-It,Q1223,GAS,Pakistan,Spain,Q1223::Pakistan=>Spain,0.6683337008271737,0.9276999783870566,evidence-side,"{""No, does not respect personal freedoms"": 0.9997272949999819, ""Yes, respects personal freedoms"": 0.00027270500001806583}","{""No, does not respect personal freedoms"": 0.14925373134328357, ""Yes, respects personal freedoms"": 0.8507462686567164}","{""No, does not respect personal freedoms"": 0.9787234042553191, ""Yes, respects personal freedoms"": 0.02127659574468085}"
gemma,Gemma-2-9B-It,Q1223,GAS,Spain,Pakistan,Q1223::Spain=>Pakistan,0.8452666423882508,0.8756317015863959,evidence-side,"{""No, does not respect personal freedoms"": 0.0006496842818559014, ""Yes, respects personal freedoms"": 0.9993503157181441}","{""No, does not respect personal freedoms"": 0.9787234042553191, ""Yes, respects personal freedoms"": 0.02127659574468085}","{""No, does not respect personal freedoms"": 0.14925373134328357, ""Yes, respects personal freedoms"": 0.8507462686567164}"
gemma,Gemma-2-9B-It,Q1262,WVS,Germany,Peru,Q1262::Germany=>Peru,0.5398025630110799,0.4902027739102217,evidence-side,"{""All of them"": 0.0005573001562120416, ""Few of them"": 0.0007785153879928839, ""Most of them"": 0.9985755344180411, ""None of them"": 8.865003775402807e-05}","{""All of them"": 0.007709251101321585, ""Few of them"": 0.6563876651982379, ""Most of them"": 0.06387665198237885, ""None of them"": 0.2720264317180617}","{""All of them"": 0.35721493440968716, ""Few of them"": 0.10595358224016144, ""Most of them"": 0.5327951564076691, ""None of them"": 0.004036326942482341}"
gemma,Gemma-2-9B-It,Q1262,WVS,Peru,Germany,Q1262::Peru=>Germany,0.5497176698579473,0.5494877447636805,evidence-side,"{""All of them"": 7.2104049459644e-05, ""Few of them"": 0.9991019371987281, ""Most of them"": 0.0005947427370662253, ""None of them"": 0.0002312160147460271}","{""All of them"": 0.35721493440968716, ""Few of them"": 0.10595358224016144, ""Most of them"": 0.5327951564076691, ""None of them"": 0.004036326942482341}","{""All of them"": 0.007709251101321585, ""Few of them"": 0.6563876651982379, ""Most of them"": 0.06387665198237885, ""None of them"": 0.2720264317180617}"
gemma,Gemma-2-9B-It,Q1321,WVS,Greece,Vietnam,Q1321::Greece=>Vietnam,0.6586373795873088,0.6185588933219863,evidence-side,"{""A great deal"": 0.0007571780837524951, ""None at all"": 0.000116562262248534, ""Not very much"": 0.00019184998236021497, ""Quite a lot"": 0.9989344096716388}","{""A great deal"": 0.0031315240083507304, ""None at all"": 0.5960334029227558, ""Not very much"": 0.33924843423799583, ""Quite a lot"": 0.0615866388308977}","{""A great deal"": 0.22752808988764048, ""None at all"": 0.019662921348314606, ""Not very much"": 0.05898876404494383, ""Quite a lot"": 0.6938202247191011}"
gemma,Gemma-2-9B-It,Q1321,WVS,Tunisia,Vietnam,Q1321::Tunisia=>Vietnam,0.6277089247838125,0.6350707283445464,evidence-side,"{""A great deal"": 0.0028595723699232625, ""None at all"": 0.00010445894429242347, ""Not very much"": 0.00016755555113865235, ""Quite a lot"": 0.9968684131346457}","{""A great deal"": 0.019583843329253364, ""None at all"": 0.5716034271725826, ""Not very much"": 0.33047735618115054, ""Quite a lot"": 0.07833537331701346}","{""A great deal"": 0.22752808988764048, ""None at all"": 0.019662921348314606, ""Not very much"": 0.05898876404494383, ""Quite a lot"": 0.6938202247191011}"
gemma,Gemma-2-9B-It,Q1321,WVS,Vietnam,Greece,Q1321::Vietnam=>Greece,0.757023918899706,0.845481167015663,evidence-side,"{""A great deal"": 7.703352448140899e-05, ""None at all"": 0.5011037812976897, ""Not very much"": 0.4987476066319968, ""Quite a lot"": 7.157854583201324e-05}","{""A great deal"": 0.22752808988764048, ""None at all"": 0.019662921348314606, ""Not very much"": 0.05898876404494383, ""Quite a lot"": 0.6938202247191011}","{""A great deal"": 0.0031315240083507304, ""None at all"": 0.5960334029227558, ""Not very much"": 0.33924843423799583, ""Quite a lot"": 0.0615866388308977}"
gemma,Gemma-2-9B-It,Q1321,WVS,Vietnam,Tunisia,Q1321::Vietnam=>Tunisia,0.6639293746751564,0.6905871795013495,evidence-side,"{""A great deal"": 7.511285969183085e-05, ""None at all"": 0.29199023372907174, ""Not very much"": 0.7078685812578288, ""Quite a lot"": 6.607215340771801e-05}","{""A great deal"": 0.22752808988764048, ""None at all"": 0.019662921348314606, ""Not very much"": 0.05898876404494383, ""Quite a lot"": 0.6938202247191011}","{""A great deal"": 0.019583843329253364, ""None at all"": 0.5716034271725826, ""Not very much"": 0.33047735618115054, ""Quite a lot"": 0.07833537331701346}"
gemma,Gemma-2-9B-It,Q1322,WVS,China,Maldives,Q1322::China=>Maldives,0.8700036459251581,0.8825441949869123,evidence-side,"{""Agree"": 5.1961851136348324e-05, ""Disagree"": 9.30546267259484e-05, ""Strongly agree"": 0.9998045000544337, ""Strongly disagree"": 5.048346770414213e-05}","{""Agree"": 0.09674134419551934, ""Disagree"": 0.4562118126272912, ""Strongly agree"": 0.029531568228105903, ""Strongly disagree"": 0.4175152749490835}","{""Agree"": 0.03811434302908726, ""Disagree"": 0.01805416248746239, ""Strongly agree"": 0.9358074222668004, ""Strongly disagree"": 0.00802407221664995}"
gemma,Gemma-2-9B-It,Q1322,WVS,Maldives,China,Q1322::Maldives=>China,0.5915165451982143,0.42739067589845536,evidence-side,"{""Agree"": 8.509907707965718e-05, ""Disagree"": 0.002922710085893658, ""Strongly agree"": 0.00019406335293236924, ""Strongly disagree"": 0.9967981274840944}","{""Agree"": 0.03811434302908726, ""Disagree"": 0.01805416248746239, ""Strongly agree"": 0.9358074222668004, ""Strongly disagree"": 0.00802407221664995}","{""Agree"": 0.09674134419551934, ""Disagree"": 0.4562118126272912, ""Strongly agree"": 0.029531568228105903, ""Strongly disagree"": 0.4175152749490835}"
gemma,Gemma-2-9B-It,Q1322,WVS,Maldives,South Korea,Q1322::Maldives=>South Korea,0.7946023235966941,0.693355377155277,evidence-side,"{""Agree"": 0.00015168326005643673, ""Disagree"": 0.6093271125761723, ""Strongly agree"": 0.0003755503771490257, ""Strongly disagree"": 0.3901456537866222}","{""Agree"": 0.03811434302908726, ""Disagree"": 0.01805416248746239, ""Strongly agree"": 0.9358074222668004, ""Strongly disagree"": 0.00802407221664995}","{""Agree"": 0.2, ""Disagree"": 0.47600000000000003, ""Strongly agree"": 0.015, ""Strongly disagree"": 0.309}"
gemma,Gemma-2-9B-It,Q1322,WVS,Maldives,Taiwan ROC,Q1322::Maldives=>Taiwan ROC,0.7335008131207105,0.6013689038448448,evidence-side,"{""Agree"": 7.832979071079761e-05, ""Disagree"": 0.9763401439035474, ""Strongly agree"": 0.0001818898037086762, ""Strongly disagree"": 0.023399636502033118}","{""Agree"": 0.03811434302908726, ""Disagree"": 0.01805416248746239, ""Strongly agree"": 0.9358074222668004, ""Strongly disagree"": 0.00802407221664995}","{""Agree"": 0.10810810810810811, ""Disagree"": 0.5965965965965966, ""Strongly agree"": 0.02602602602602603, ""Strongly disagree"": 0.2692692692692693}"
gemma,Gemma-2-9B-It,Q1322,WVS,South Korea,Maldives,Q1322::South Korea=>Maldives,0.910528268879884,0.892658095089336,evidence-side,"{""Agree"": 9.40436484983773e-05, ""Disagree"": 1.8807491494072178e-05, ""Strongly agree"": 0.9998692212375667, ""Strongly disagree"": 1.7927622440918092e-05}","{""Agree"": 0.2, ""Disagree"": 0.47600000000000003, ""Strongly agree"": 0.015, ""Strongly disagree"": 0.309}","{""Agree"": 0.03811434302908726, ""Disagree"": 0.01805416248746239, ""Strongly agree"": 0.9358074222668004, ""Strongly disagree"": 0.00802407221664995}"
gemma,Gemma-2-9B-It,Q1322,WVS,Taiwan ROC,Maldives,Q1322::Taiwan ROC=>Maldives,0.8780318429101872,0.886357813948795,evidence-side,"{""Agree"": 7.08495442359734e-05, ""Disagree"": 6.266950766590604e-05, ""Strongly agree"": 0.9994237899210167, ""Strongly disagree"": 0.00044269102708143984}","{""Agree"": 0.10810810810810811, ""Disagree"": 0.5965965965965966, ""Strongly agree"": 0.02602602602602603, ""Strongly disagree"": 0.2692692692692693}","{""Agree"": 0.03811434302908726, ""Disagree"": 0.01805416248746239, ""Strongly agree"": 0.9358074222668004, ""Strongly disagree"": 0.00802407221664995}"
gemma,Gemma-2-9B-It,Q1333,WVS,Lebanon,Vietnam,Q1333::Lebanon=>Vietnam,0.5481456726108983,0.5532818412706375,evidence-side,"{""A great deal"": 0.006562421715905242, ""None at all"": 0.0001639143899906852, ""Not very much"": 0.00031147607924608174, ""Quite a lot"": 0.992962187814858}","{""A great deal"": 0.01725997842502697, ""None at all"": 0.4832793959007551, ""Not very much"": 0.39374325782092773, ""Quite a lot"": 0.1057173678532902}","{""A great deal"": 0.3057851239669422, ""None at all"": 0.011019283746556474, ""Not very much"": 0.045454545454545456, ""Quite a lot"": 0.6377410468319559}"
gemma,Gemma-2-9B-It,Q1333,WVS,Peru,Vietnam,Q1333::Peru=>Vietnam,0.5588029781249589,0.5405680710880667,evidence-side,"{""A great deal"": 0.0001814442371583815, ""None at all"": 0.0006914813201295155, ""Not very much"": 0.0004690967072543917, ""Quite a lot"": 0.9986579777354577}","{""A great deal"": 0.020986358866736624, ""None at all"": 0.5697796432318992, ""Not very much"": 0.31689401888772295, ""Quite a lot"": 0.09233997901364115}","{""A great deal"": 0.3057851239669422, ""None at all"": 0.011019283746556474, ""Not very much"": 0.045454545454545456, ""Quite a lot"": 0.6377410468319559}"
gemma,Gemma-2-9B-It,Q1333,WVS,Serbia,Vietnam,Q1333::Serbia=>Vietnam,0.5481981238266613,0.5626329914707076,evidence-side,"{""A great deal"": 0.011072088103863642, ""None at all"": 0.00025792670513149086, ""Not very much"": 0.00015026606831947245, ""Quite a lot"": 0.9885197191226854}","{""A great deal"": 0.016816143497757848, ""None at all"": 0.492152466367713, ""Not very much"": 0.38116591928251126, ""Quite a lot"": 0.10986547085201794}","{""A great deal"": 0.3057851239669422, ""None at all"": 0.011019283746556474, ""Not very much"": 0.045454545454545456, ""Quite a lot"": 0.6377410468319559}"
gemma,Gemma-2-9B-It,Q1333,WVS,Vietnam,Lebanon,Q1333::Vietnam=>Lebanon,0.6322036604682462,0.5349078797334743,evidence-side,"{""A great deal"": 0.00013459145847951218, ""None at all"": 0.9988739257614098, ""Not very much"": 0.0009027950884702815, ""Quite a lot"": 8.868769164041244e-05}","{""A great deal"": 0.3057851239669422, ""None at all"": 0.011019283746556474, ""Not very much"": 0.045454545454545456, ""Quite a lot"": 0.6377410468319559}","{""A great deal"": 0.01725997842502697, ""None at all"": 0.4832793959007551, ""Not very much"": 0.39374325782092773, ""Quite a lot"": 0.1057173678532902}"
gemma,Gemma-2-9B-It,Q1333,WVS,Vietnam,Peru,Q1333::Vietnam=>Peru,0.6978727233864496,0.6057091774883433,evidence-side,"{""A great deal"": 0.0002186594578520854, ""None at all"": 0.9992141839953249, ""Not very much"": 0.0004822651006936527, ""Quite a lot"": 8.489144612938846e-05}","{""A great deal"": 0.3057851239669422, ""None at all"": 0.011019283746556474, ""Not very much"": 0.045454545454545456, ""Quite a lot"": 0.6377410468319559}","{""A great deal"": 0.020986358866736624, ""None at all"": 0.5697796432318992, ""Not very much"": 0.31689401888772295, ""Quite a lot"": 0.09233997901364115}"
gemma,Gemma-2-9B-It,Q1333,WVS,Vietnam,Serbia,Q1333::Vietnam=>Serbia,0.6391809158792414,0.5445164761773651,evidence-side,"{""A great deal"": 0.0001180017870130654, ""None at all"": 0.9990662946887886, ""Not very much"": 0.0007427195011186856, ""Quite a lot"": 7.298402307969776e-05}","{""A great deal"": 0.3057851239669422, ""None at all"": 0.011019283746556474, ""Not very much"": 0.045454545454545456, ""Quite a lot"": 0.6377410468319559}","{""A great deal"": 0.016816143497757848, ""None at all"": 0.492152466367713, ""Not very much"": 0.38116591928251126, ""Quite a lot"": 0.10986547085201794}"
gemma,Gemma-2-9B-It,Q1371,WVS,Argentina,Vietnam,Q1371::Argentina=>Vietnam,0.83708458563027,0.8858954106957783,evidence-side,"{""No"": 0.0006507656574910189, ""Yes"": 0.999349234342509}","{""No"": 0.9678714859437751, ""Yes"": 0.032128514056224904}","{""No"": 0.11199999999999999, ""Yes"": 0.888}"
gemma,Gemma-2-9B-It,Q1371,WVS,Vietnam,Argentina,Q1371::Vietnam=>Argentina,0.7210041956428715,0.9180028022124238,evidence-side,"{""No"": 0.9997449006848658, ""Yes"": 0.00025509931513427355}","{""No"": 0.11199999999999999, ""Yes"": 0.888}","{""No"": 0.9678714859437751, ""Yes"": 0.032128514056224904}"
gemma,Gemma-2-9B-It,Q1375,WVS,Australia,Vietnam,Q1375::Australia=>Vietnam,-0.8052069946188922,-0.9506847412795167,label-side,"{""Mentioned"": 0.008625695079725153, ""Not mentioned"": 0.9913743049202749}","{""Mentioned"": 0.04, ""Not mentioned"": 0.96}","{""Mentioned"": 0.9470000000000001, ""Not mentioned"": 0.053}"
gemma,Gemma-2-9B-It,Q1375,WVS,Great Britain,Vietnam,Q1375::Great Britain=>Vietnam,-0.783665052456589,-0.9668764819728962,label-side,"{""Mentioned"": 0.01684227665847739, ""Not mentioned"": 0.9831577233415226}","{""Mentioned"": 0.04238143289606459, ""Not mentioned"": 0.9576185671039354}","{""Mentioned"": 0.9470000000000001, ""Not mentioned"": 0.053}"
gemma,Gemma-2-9B-It,Q1375,WVS,Uruguay,Vietnam,Q1375::Uruguay=>Vietnam,-0.7450264485078022,-0.9937697879689755,label-side,"{""Mentioned"": 0.033164048919605414, ""Not mentioned"": 0.9668359510803946}","{""Mentioned"": 0.039, ""Not mentioned"": 0.961}","{""Mentioned"": 0.9470000000000001, ""Not mentioned"": 0.053}"
gemma,Gemma-2-9B-It,Q1375,WVS,Vietnam,Australia,Q1375::Vietnam=>Australia,0.8276991447092783,0.9140843408310574,evidence-side,"{""Mentioned"": 0.00017436551261733308, ""Not mentioned"": 0.9998256344873827}","{""Mentioned"": 0.9470000000000001, ""Not mentioned"": 0.053}","{""Mentioned"": 0.04, ""Not mentioned"": 0.96}"
gemma,Gemma-2-9B-It,Q1375,WVS,Vietnam,Great Britain,Q1375::Vietnam=>Great Britain,0.8264772556993928,0.9124274062444657,evidence-side,"{""Mentioned"": 0.00017513816175651346, ""Not mentioned"": 0.9998248618382436}","{""Mentioned"": 0.9470000000000001, ""Not mentioned"": 0.053}","{""Mentioned"": 0.04238143289606459, ""Not mentioned"": 0.9576185671039354}"
gemma,Gemma-2-9B-It,Q1375,WVS,Vietnam,Uruguay,Q1375::Vietnam=>Uruguay,0.8281844948995912,0.9149083896771413,evidence-side,"{""Mentioned"": 0.00018386554798740932, ""Not mentioned"": 0.9998161344520126}","{""Mentioned"": 0.9470000000000001, ""Not mentioned"": 0.053}","{""Mentioned"": 0.039, ""Not mentioned"": 0.961}"
gemma,Gemma-2-9B-It,Q1392,WVS,Australia,Vietnam,Q1392::Australia=>Vietnam,0.5328343821899815,0.4059625033688745,evidence-side,"{""A great deal"": 0.9755139006755504, ""None at all"": 0.0003528468854357397, ""Not very much"": 0.0008104283006586506, ""Quite a lot"": 0.023322824138355187}","{""A great deal"": 0.014336917562724014, ""None at all"": 0.5627240143369175, ""Not very much"": 0.38530465949820786, ""Quite a lot"": 0.03763440860215053}","{""A great deal"": 0.3445491251682369, ""None at all"": 0.013458950201884253, ""Not very much"": 0.04710632570659489, ""Quite a lot"": 0.5948855989232841}"
gemma,Gemma-2-9B-It,Q1392,WVS,Vietnam,Australia,Q1392::Vietnam=>Australia,0.5019723487249745,0.39919175728043965,evidence-side,"{""A great deal"": 7.156200699307003e-05, ""None at all"": 0.024223088497297793, ""Not very much"": 0.9756269859478985, ""Quite a lot"": 7.836354781067366e-05}","{""A great deal"": 0.3445491251682369, ""None at all"": 0.013458950201884253, ""Not very much"": 0.04710632570659489, ""Quite a lot"": 0.5948855989232841}","{""A great deal"": 0.014336917562724014, ""None at all"": 0.5627240143369175, ""Not very much"": 0.38530465949820786, ""Quite a lot"": 0.03763440860215053}"
gemma,Gemma-2-9B-It,Q1395,WVS,Iran,Japan,Q1395::Iran=>Japan,0.6550996525192974,0.7727076469752988,evidence-side,"{""Bad"": 0.0004321149710156441, ""Fairly good"": 7.838785640102671e-05, ""Very bad"": 0.9992551318735112, ""Very good"": 0.00023436529907207128}","{""Bad"": 0.08620689655172416, ""Fairly good"": 0.3691683569979716, ""Very bad"": 0.11866125760649088, ""Very good"": 0.4259634888438134}","{""Bad"": 0.1182669789227166, ""Fairly good"": 0.011709601873536299, ""Very bad"": 0.8653395784543326, ""Very good"": 0.00468384074941452}"
gemma,Gemma-2-9B-It,Q1395,WVS,Iran,New Zealand,Q1395::Iran=>New Zealand,0.6686005092171615,0.804526135469581,evidence-side,"{""Bad"": 0.00029819496456969397, ""Fairly good"": 6.155743289433138e-05, ""Very bad"": 0.9994465458611529, ""Very good"": 0.0001937017413831242}","{""Bad"": 0.08620689655172416, ""Fairly good"": 0.3691683569979716, ""Very bad"": 0.11866125760649088, ""Very good"": 0.4259634888438134}","{""Bad"": 0.09180327868852457, ""Fairly good"": 0.013114754098360654, ""Very bad"": 0.8896174863387978, ""Very good"": 0.005464480874316939}"
gemma,Gemma-2-9B-It,Q1395,WVS,Japan,Iran,Q1395::Japan=>Iran,-0.6401697914973237,-0.8112978142386336,label-side,"{""Bad"": 0.011559812042531285, ""Fairly good"": 0.001260999961156087, ""Very bad"": 0.9840549252134266, ""Very good"": 0.0031242627828860265}","{""Bad"": 0.1182669789227166, ""Fairly good"": 0.011709601873536299, ""Very bad"": 0.8653395784543326, ""Very good"": 0.00468384074941452}","{""Bad"": 0.08620689655172416, ""Fairly good"": 0.3691683569979716, ""Very bad"": 0.11866125760649088, ""Very good"": 0.4259634888438134}"
gemma,Gemma-2-9B-It,Q1395,WVS,New Zealand,Iran,Q1395::New Zealand=>Iran,0.4939882921775909,0.4393156964755896,evidence-side,"{""Bad"": 0.16294996554395505, ""Fairly good"": 0.8294813921277572, ""Very bad"": 0.001999189145305401, ""Very good"": 0.005569453182982441}","{""Bad"": 0.09180327868852457, ""Fairly good"": 0.013114754098360654, ""Very bad"": 0.8896174863387978, ""Very good"": 0.005464480874316939}","{""Bad"": 0.08620689655172416, ""Fairly good"": 0.3691683569979716, ""Very bad"": 0.11866125760649088, ""Very good"": 0.4259634888438134}"
gemma,Gemma-2-9B-It,Q1430,WVS,Tunisia,Vietnam,Q1430::Tunisia=>Vietnam,0.5682918409672466,0.5758930805733161,evidence-side,"{""A great deal"": 0.0031018256044218, ""None at all"": 9.93978484242963e-05, ""Not very much"": 0.00014244902441462327, ""Quite a lot"": 0.9966563275227392}","{""A great deal"": 0.03041362530413625, ""None at all"": 0.51338199513382, ""Not very much"": 0.3600973236009733, ""Quite a lot"": 0.09610705596107057}","{""A great deal"": 0.28243243243243243, ""None at all"": 0.006756756756756757, ""Not very much"": 0.058108108108108104, ""Quite a lot"": 0.6527027027027027}"
gemma,Gemma-2-9B-It,Q1430,WVS,Vietnam,Tunisia,Q1430::Vietnam=>Tunisia,0.6736452726030125,0.5874120951144169,evidence-side,"{""A great deal"": 4.311676324369519e-05, ""None at all"": 0.9960708227053356, ""Not very much"": 0.003825898310028495, ""Quite a lot"": 6.016222139218665e-05}","{""A great deal"": 0.28243243243243243, ""None at all"": 0.006756756756756757, ""Not very much"": 0.058108108108108104, ""Quite a lot"": 0.6527027027027027}","{""A great deal"": 0.03041362530413625, ""None at all"": 0.51338199513382, ""Not very much"": 0.3600973236009733, ""Quite a lot"": 0.09610705596107057}"
gemma,Gemma-2-9B-It,Q1456,WVS,Ethiopia,South Korea,Q1456::Ethiopia=>South Korea,-0.08629333134065603,-0.08095788650101941,label-side,"{""2"": 0.005577642756108864, ""3"": 0.00432334058932898, ""4"": 0.0034255865995189345, ""5"": 0.7444425192971691, ""6"": 0.03463252115874486, ""7"": 0.013227642896963585, ""8"": 0.0026495430692087337, ""9"": 0.00036646269985961776, ""Hard work doesn't generally bring success - it's more a matter of luck and connections"": 0.003933376755992275, ""In the long run, hard work usually brings a better life"": 0.18742136417710506}","{""2"": 0.08032128514056225, ""3"": 0.020080321285140562, ""4"": 0.012048192771084338, ""5"": 0.07228915662650603, ""6"": 0.009036144578313254, ""7"": 0.004016064257028112, ""8"": 0.012048192771084338, ""9"": 0.019076305220883532, ""Hard work doesn't generally bring success - it's more a matter of luck and connections"": 0.05622489959839356, ""In the long run, hard work usually brings a better life"": 0.714859437751004}","{""2"": 0.05, ""3"": 0.095, ""4"": 0.145, ""5"": 0.153, ""6"": 0.17800000000000002, ""7"": 0.22399999999999998, ""8"": 0.11699999999999999, ""9"": 0.015, ""Hard work doesn't generally bring success - it's more a matter of luck and connections"": 0.009000000000000001, ""In the long run, hard work usually brings a better life"": 0.013999999999999999}"
gemma,Gemma-2-9B-It,Q1456,WVS,South Korea,Ethiopia,Q1456::South Korea=>Ethiopia,0.7862575762247126,0.737059653003158,evidence-side,"{""2"": 0.00025011047664013085, ""3"": 3.7615539634898315e-05, ""4"": 2.954812674700344e-05, ""5"": 0.0004298577400159215, ""6"": 3.0989923502427394e-05, ""7"": 2.0434525728504124e-05, ""8"": 7.27773443528303e-05, ""9"": 2.1533981429189692e-05, ""Hard work doesn't generally bring success - it's more a matter of luck and connections"": 0.00011477744023387372, ""In the long run, hard work usually brings a better life"": 0.9989923549017152}","{""2"": 0.05, ""3"": 0.095, ""4"": 0.145, ""5"": 0.153, ""6"": 0.17800000000000002, ""7"": 0.22399999999999998, ""8"": 0.11699999999999999, ""9"": 0.015, ""Hard work doesn't generally bring success - it's more a matter of luck and connections"": 0.009000000000000001, ""In the long run, hard work usually brings a better life"": 0.013999999999999999}","{""2"": 0.08032128514056225, ""3"": 0.020080321285140562, ""4"": 0.012048192771084338, ""5"": 0.07228915662650603, ""6"": 0.009036144578313254, ""7"": 0.004016064257028112, ""8"": 0.012048192771084338, ""9"": 0.019076305220883532, ""Hard work doesn't generally bring success - it's more a matter of luck and connections"": 0.05622489959839356, ""In the long run, hard work usually brings a better life"": 0.714859437751004}"
gemma,Gemma-2-9B-It,Q1483,WVS,Argentina,Maldives,Q1483::Argentina=>Maldives,0.7719916397893014,0.9055169705042498,evidence-side,"{""Make sense of life after death"": 0.99990361289145, ""Make sense of life in this world"": 9.638710855001011e-05}","{""Make sense of life after death"": 0.0782520325203252, ""Make sense of life in this world"": 0.9217479674796748}","{""Make sense of life after death"": 0.9502212389380531, ""Make sense of life in this world"": 0.04977876106194689}"
gemma,Gemma-2-9B-It,Q1483,WVS,Greece,Maldives,Q1483::Greece=>Maldives,0.7528110870906465,0.9044925850770933,evidence-side,"{""Make sense of life after death"": 0.9999422292538878, ""Make sense of life in this world"": 5.777074611222921e-05}","{""Make sense of life after death"": 0.08867521367521368, ""Make sense of life in this world"": 0.9113247863247863}","{""Make sense of life after death"": 0.9502212389380531, ""Make sense of life in this world"": 0.04977876106194689}"
gemma,Gemma-2-9B-It,Q1483,WVS,Maldives,Argentina,Q1483::Maldives=>Argentina,0.8145984347195436,0.8948177649451753,evidence-side,"{""Make sense of life after death"": 0.00027262233228266946, ""Make sense of life in this world"": 0.9997273776677174}","{""Make sense of life after death"": 0.9502212389380531, ""Make sense of life in this world"": 0.04977876106194689}","{""Make sense of life after death"": 0.0782520325203252, ""Make sense of life in this world"": 0.9217479674796748}"
gemma,Gemma-2-9B-It,Q1483,WVS,Maldives,Greece,Q1483::Maldives=>Greece,0.8089778549247227,0.8911227712056593,evidence-side,"{""Make sense of life after death"": 0.00031923615649099646, ""Make sense of life in this world"": 0.999680763843509}","{""Make sense of life after death"": 0.9502212389380531, ""Make sense of life in this world"": 0.04977876106194689}","{""Make sense of life after death"": 0.08867521367521368, ""Make sense of life in this world"": 0.9113247863247863}"
gemma,Gemma-2-9B-It,Q1483,WVS,Maldives,Vietnam,Q1483::Maldives=>Vietnam,0.8068610725440143,0.8889601281286278,evidence-side,"{""Make sense of life after death"": 0.00023077852728030322, ""Make sense of life in this world"": 0.9997692214727197}","{""Make sense of life after death"": 0.9502212389380531, ""Make sense of life in this world"": 0.04977876106194689}","{""Make sense of life after death"": 0.09300000000000001, ""Make sense of life in this world"": 0.907}"
gemma,Gemma-2-9B-It,Q1483,WVS,Vietnam,Maldives,Q1483::Vietnam=>Maldives,0.7450634103331166,0.9042233559860696,evidence-side,"{""Make sense of life after death"": 0.9999448582192341, ""Make sense of life in this world"": 5.5141780765906625e-05}","{""Make sense of life after death"": 0.09300000000000001, ""Make sense of life in this world"": 0.907}","{""Make sense of life after death"": 0.9502212389380531, ""Make sense of life in this world"": 0.04977876106194689}"
gemma,Gemma-2-9B-It,Q1508,WVS,Germany,Myanmar,Q1508::Germany=>Myanmar,0.8566392427951862,0.9526203770011048,evidence-side,"{""Mentioned"": 0.9689922793124467, ""Not mentioned"": 0.031007720687553402}","{""Mentioned"": 0.0070210631895687055, ""Not mentioned"": 0.9929789368104313}","{""Mentioned"": 0.905, ""Not mentioned"": 0.095}"
gemma,Gemma-2-9B-It,Q1508,WVS,Myanmar,Germany,Q1508::Myanmar=>Germany,0.7623822574483132,0.9568195062454498,evidence-side,"{""Mentioned"": 0.0002821967963668991, ""Not mentioned"": 0.9997178032036331}","{""Mentioned"": 0.905, ""Not mentioned"": 0.095}","{""Mentioned"": 0.0070210631895687055, ""Not mentioned"": 0.9929789368104313}"
gemma,Gemma-2-9B-It,Q1508,WVS,Myanmar,Netherlands,Q1508::Myanmar=>Netherlands,0.7644337417420385,0.9708783898567119,evidence-side,"{""Mentioned"": 0.00022442065079090356, ""Not mentioned"": 0.9997755793492091}","{""Mentioned"": 0.905, ""Not mentioned"": 0.095}","{""Mentioned"": 0.0031282586027111575, ""Not mentioned"": 0.9968717413972888}"
gemma,Gemma-2-9B-It,Q1508,WVS,Myanmar,Northern Ireland,Q1508::Myanmar=>Northern Ireland,0.7629875853621312,0.9594097442671743,evidence-side,"{""Mentioned"": 0.0002492745881833738, ""Not mentioned"": 0.9997507254118166}","{""Mentioned"": 0.905, ""Not mentioned"": 0.095}","{""Mentioned"": 0.006018054162487463, ""Not mentioned"": 0.9939819458375125}"
gemma,Gemma-2-9B-It,Q1508,WVS,Netherlands,Myanmar,Q1508::Netherlands=>Myanmar,0.8972943714737566,0.935357673490875,evidence-side,"{""Mentioned"": 0.9818252806739374, ""Not mentioned"": 0.018174719326062676}","{""Mentioned"": 0.0031282586027111575, ""Not mentioned"": 0.9968717413972888}","{""Mentioned"": 0.905, ""Not mentioned"": 0.095}"
gemma,Gemma-2-9B-It,Q1508,WVS,Northern Ireland,Myanmar,Q1508::Northern Ireland=>Myanmar,0.9027592674316113,0.9208223878072412,evidence-side,"{""Mentioned"": 0.9898789942423032, ""Not mentioned"": 0.010121005757696791}","{""Mentioned"": 0.006018054162487463, ""Not mentioned"": 0.9939819458375125}","{""Mentioned"": 0.905, ""Not mentioned"": 0.095}"
gemma,Gemma-2-9B-It,Q1510,WVS,Brazil,Singapore,Q1510::Brazil=>Singapore,0.4980217866140074,0.3578716502086724,evidence-side,"{""1 There is no corruption in the respondent's country"": 0.10625806077356381, ""10 There is abundant corruption in the respondent's country"": 0.00045364576104841984, ""2"": 0.0016665721212516375, ""3"": 0.8891704324645604, ""4"": 0.0006029060862671682, ""5"": 0.0010368143054211674, ""6"": 7.863906211833308e-05, ""7"": 0.0004758643849262195, ""8"": 0.00019967619875990676, ""9"": 5.738884208294958e-05}","{""1 There is no corruption in the respondent's country"": 0.009081735620585268, ""10 There is abundant corruption in the respondent's country"": 0.851664984863774, ""2"": 0.0010090817356205853, ""3"": 0.006054490413723511, ""4"": 0.011099899091826439, ""5"": 0.033299697275479316, ""6"": 0.010090817356205853, ""7"": 0.020181634712411706, ""8"": 0.027245206861755807, ""9"": 0.030272452068617554}","{""1 There is no corruption in the respondent's country"": 0.10214504596527069, ""10 There is abundant corruption in the respondent's country"": 0.01327885597548519, ""2"": 0.26762002042900923, ""3"": 0.2533197139938714, ""4"": 0.09908069458631255, ""5"": 0.11950970377936669, ""6"": 0.05924412665985699, ""7"": 0.05107252298263534, ""8"": 0.027579162410623085, ""9"": 0.007150153217568947}"
gemma,Gemma-2-9B-It,Q1510,WVS,Colombia,Singapore,Q1510::Colombia=>Singapore,0.7404874355788402,0.7161019667210268,evidence-side,"{""1 There is no corruption in the respondent's country"": 0.044334190517349895, ""10 There is abundant corruption in the respondent's country"": 0.00397024036986783, ""2"": 0.15689380781334095, ""3"": 0.4726910678766135, ""4"": 0.05259536031761103, ""5"": 0.2263294873857587, ""6"": 0.020453200697622662, ""7"": 0.017186371395560708, ""8"": 0.002530260688727291, ""9"": 0.003016012937547367}","{""1 There is no corruption in the respondent's country"": 0.01, ""10 There is abundant corruption in the respondent's country"": 0.8200000000000001, ""2"": 0.005, ""3"": 0.005, ""4"": 0.003, ""5"": 0.017, ""6"": 0.013000000000000001, ""7"": 0.015, ""8"": 0.048, ""9"": 0.064}","{""1 There is no corruption in the respondent's country"": 0.10214504596527069, ""10 There is abundant corruption in the respondent's country"": 0.01327885597548519, ""2"": 0.26762002042900923, ""3"": 0.2533197139938714, ""4"": 0.09908069458631255, ""5"": 0.11950970377936669, ""6"": 0.05924412665985699, ""7"": 0.05107252298263534, ""8"": 0.027579162410623085, ""9"": 0.007150153217568947}"
gemma,Gemma-2-9B-It,Q1510,WVS,Peru,Singapore,Q1510::Peru=>Singapore,0.46138809090166966,0.3048311790331621,evidence-side,"{""1 There is no corruption in the respondent's country"": 0.0001509111032295475, ""10 There is abundant corruption in the respondent's country"": 5.716533960693899e-05, ""2"": 0.002863190199632929, ""3"": 0.9940922682384038, ""4"": 0.00011871113193871892, ""5"": 0.0018655118470177281, ""6"": 0.0002846759921639823, ""7"": 8.654367723116858e-05, ""8"": 5.3994221505390586e-05, ""9"": 0.0004270282492697921}","{""1 There is no corruption in the respondent's country"": 0.0070351758793969835, ""10 There is abundant corruption in the respondent's country"": 0.7557788944723618, ""2"": 0.0010050251256281406, ""3"": 0.0010050251256281406, ""4"": 0.0010050251256281406, ""5"": 0.011055276381909548, ""6"": 0.008040201005025125, ""7"": 0.022110552763819097, ""8"": 0.07437185929648242, ""9"": 0.1185929648241206}","{""1 There is no corruption in the respondent's country"": 0.10214504596527069, ""10 There is abundant corruption in the respondent's country"": 0.01327885597548519, ""2"": 0.26762002042900923, ""3"": 0.2533197139938714, ""4"": 0.09908069458631255, ""5"": 0.11950970377936669, ""6"": 0.05924412665985699, ""7"": 0.05107252298263534, ""8"": 0.027579162410623085, ""9"": 0.007150153217568947}"
gemma,Gemma-2-9B-It,Q1510,WVS,Singapore,Brazil,Q1510::Singapore=>Brazil,0.8702681467245764,0.8149017485457789,evidence-side,"{""1 There is no corruption in the respondent's country"": 1.4343118376458102e-05, ""10 There is abundant corruption in the respondent's country"": 0.9998860323209213, ""2"": 1.210054106937162e-05, ""3"": 5.440768995745118e-06, ""4"": 5.221661513303585e-05, ""5"": 1.3045479377257816e-05, ""6"": 5.015628009322137e-06, ""7"": 2.2917341110277553e-06, ""8"": 6.226995395136254e-06, ""9"": 3.2867986113647258e-06}","{""1 There is no corruption in the respondent's country"": 0.10214504596527069, ""10 There is abundant corruption in the respondent's country"": 0.01327885597548519, ""2"": 0.26762002042900923, ""3"": 0.2533197139938714, ""4"": 0.09908069458631255, ""5"": 0.11950970377936669, ""6"": 0.05924412665985699, ""7"": 0.05107252298263534, ""8"": 0.027579162410623085, ""9"": 0.007150153217568947}","{""1 There is no corruption in the respondent's country"": 0.009081735620585268, ""10 There is abundant corruption in the respondent's country"": 0.851664984863774, ""2"": 0.0010090817356205853, ""3"": 0.006054490413723511, ""4"": 0.011099899091826439, ""5"": 0.033299697275479316, ""6"": 0.010090817356205853, ""7"": 0.020181634712411706, ""8"": 0.027245206861755807, ""9"": 0.030272452068617554}"
gemma,Gemma-2-9B-It,Q1510,WVS,Singapore,Colombia,Q1510::Singapore=>Colombia,0.852247780466082,0.7712500876751629,evidence-side,"{""1 There is no corruption in the respondent's country"": 1.719687395833195e-05, ""10 There is abundant corruption in the respondent's country"": 0.9998782334728328, ""2"": 1.2319881761829097e-05, ""3"": 5.299281113142879e-06, ""4"": 5.512233387371148e-05, ""5"": 1.1710194810075328e-05, ""6"": 5.505133120832493e-06, ""7"": 2.5172243417668544e-06, ""8"": 7.61856669733173e-06, ""9"": 4.477037490237874e-06}","{""1 There is no corruption in the respondent's country"": 0.10214504596527069, ""10 There is abundant corruption in the respondent's country"": 0.01327885597548519, ""2"": 0.26762002042900923, ""3"": 0.2533197139938714, ""4"": 0.09908069458631255, ""5"": 0.11950970377936669, ""6"": 0.05924412665985699, ""7"": 0.05107252298263534, ""8"": 0.027579162410623085, ""9"": 0.007150153217568947}","{""1 There is no corruption in the respondent's country"": 0.01, ""10 There is abundant corruption in the respondent's country"": 0.8200000000000001, ""2"": 0.005, ""3"": 0.005, ""4"": 0.003, ""5"": 0.017, ""6"": 0.013000000000000001, ""7"": 0.015, ""8"": 0.048, ""9"": 0.064}"
gemma,Gemma-2-9B-It,Q1510,WVS,Singapore,Peru,Q1510::Singapore=>Peru,0.8142188225908518,0.6885674728640773,evidence-side,"{""1 There is no corruption in the respondent's country"": 2.2139642335348955e-05, ""10 There is abundant corruption in the respondent's country"": 0.9998787073342924, ""2"": 9.38397793396253e-06, ""3"": 5.564273302521281e-06, ""4"": 5.255545325178434e-05, ""5"": 1.2351780784993248e-05, ""6"": 5.649779956457778e-06, ""7"": 2.321939984860893e-06, ""8"": 7.67161158823172e-06, ""9"": 3.6542065694592427e-06}","{""1 There is no corruption in the respondent's country"": 0.10214504596527069, ""10 There is abundant corruption in the respondent's country"": 0.01327885597548519, ""2"": 0.26762002042900923, ""3"": 0.2533197139938714, ""4"": 0.09908069458631255, ""5"": 0.11950970377936669, ""6"": 0.05924412665985699, ""7"": 0.05107252298263534, ""8"": 0.027579162410623085, ""9"": 0.007150153217568947}","{""1 There is no corruption in the respondent's country"": 0.0070351758793969835, ""10 There is abundant corruption in the respondent's country"": 0.7557788944723618, ""2"": 0.0010050251256281406, ""3"": 0.0010050251256281406, ""4"": 0.0010050251256281406, ""5"": 0.011055276381909548, ""6"": 0.008040201005025125, ""7"": 0.022110552763819097, ""8"": 0.07437185929648242, ""9"": 0.1185929648241206}"
llama,Llama-3.1-8B-Instruct,Q0059,GAS,El Salvador,India (Current national sample),Q0059::El Salvador=>India (Current national sample),0.8539029531866283,0.9076880437827082,evidence-side,"{""Somewhat favorable"": 0.011089925502675343, ""Somewhat unfavorable"": 0.0012669604130335415, ""Very favorable"": 0.9874417551353551, ""Very unfavorable"": 0.00020135894893591266}","{""Somewhat favorable"": 0.41509433962264153, ""Somewhat unfavorable"": 0.37735849056603776, ""Very favorable"": 0.018867924528301886, ""Very unfavorable"": 0.18867924528301888}","{""Somewhat favorable"": 0.07526881720430108, ""Somewhat unfavorable"": 0.010752688172043012, ""Very favorable"": 0.8924731182795699, ""Very unfavorable"": 0.021505376344086023}"
llama,Llama-3.1-8B-Instruct,Q0059,GAS,India (Current national sample),El Salvador,Q0059::India (Current national sample)=>El Salvador,0.6780680897822519,0.6804697584952598,evidence-side,"{""Somewhat favorable"": 0.5524012676509078, ""Somewhat unfavorable"": 0.4415010178465234, ""Very favorable"": 0.0030124323604772676, ""Very unfavorable"": 0.0030852821420915655}","{""Somewhat favorable"": 0.07526881720430108, ""Somewhat unfavorable"": 0.010752688172043012, ""Very favorable"": 0.8924731182795699, ""Very unfavorable"": 0.021505376344086023}","{""Somewhat favorable"": 0.41509433962264153, ""Somewhat unfavorable"": 0.37735849056603776, ""Very favorable"": 0.018867924528301886, ""Very unfavorable"": 0.18867924528301888}"
llama,Llama-3.1-8B-Instruct,Q0059,GAS,India (Current national sample),Pakistan,Q0059::India (Current national sample)=>Pakistan,0.7245214644944779,0.642862397935769,evidence-side,"{""Somewhat favorable"": 0.001685687810593994, ""Somewhat unfavorable"": 0.007326010015329016, ""Very favorable"": 0.0036689187095016087, ""Very unfavorable"": 0.9873193834645755}","{""Somewhat favorable"": 0.07526881720430108, ""Somewhat unfavorable"": 0.010752688172043012, ""Very favorable"": 0.8924731182795699, ""Very unfavorable"": 0.021505376344086023}","{""Somewhat favorable"": 0.15116279069767444, ""Somewhat unfavorable"": 0.16279069767441862, ""Very favorable"": 0.03488372093023256, ""Very unfavorable"": 0.6511627906976745}"
llama,Llama-3.1-8B-Instruct,Q0059,GAS,India (Current national sample),S. Korea,Q0059::India (Current national sample)=>S. Korea,0.6238255836408193,0.6207841918753765,evidence-side,"{""Somewhat favorable"": 0.9844562844043961, ""Somewhat unfavorable"": 0.0066228731214468695, ""Very favorable"": 0.008552769448895726, ""Very unfavorable"": 0.0003680730252613012}","{""Somewhat favorable"": 0.07526881720430108, ""Somewhat unfavorable"": 0.010752688172043012, ""Very favorable"": 0.8924731182795699, ""Very unfavorable"": 0.021505376344086023}","{""Somewhat favorable"": 0.7011494252873564, ""Somewhat unfavorable"": 0.2298850574712644, ""Very favorable"": 0.034482758620689655, ""Very unfavorable"": 0.034482758620689655}"
llama,Llama-3.1-8B-Instruct,Q0059,GAS,Pakistan,India (Current national sample),Q0059::Pakistan=>India (Current national sample),0.8336609962048251,0.8512235629331566,evidence-side,"{""Somewhat favorable"": 2.6731310923377965e-05, ""Somewhat unfavorable"": 6.130434703829538e-05, ""Very favorable"": 0.9998565033116426, ""Very unfavorable"": 5.546103039574759e-05}","{""Somewhat favorable"": 0.15116279069767444, ""Somewhat unfavorable"": 0.16279069767441862, ""Very favorable"": 0.03488372093023256, ""Very unfavorable"": 0.6511627906976745}","{""Somewhat favorable"": 0.07526881720430108, ""Somewhat unfavorable"": 0.010752688172043012, ""Very favorable"": 0.8924731182795699, ""Very unfavorable"": 0.021505376344086023}"
llama,Llama-3.1-8B-Instruct,Q0059,GAS,S. Korea,India (Current national sample),Q0059::S. Korea=>India (Current national sample),0.8337078749893584,0.8774984415297644,evidence-side,"{""Somewhat favorable"": 0.00039096796193731207, ""Somewhat unfavorable"": 0.00010649581351000749, ""Very favorable"": 0.9992609629899597, ""Very unfavorable"": 0.0002415732345930301}","{""Somewhat favorable"": 0.7011494252873564, ""Somewhat unfavorable"": 0.2298850574712644, ""Very favorable"": 0.034482758620689655, ""Very unfavorable"": 0.034482758620689655}","{""Somewhat favorable"": 0.07526881720430108, ""Somewhat unfavorable"": 0.010752688172043012, ""Very favorable"": 0.8924731182795699, ""Very unfavorable"": 0.021505376344086023}"
llama,Llama-3.1-8B-Instruct,Q0160,GAS,El Salvador,Jordan,Q0160::El Salvador=>Jordan,0.557034080447333,0.5118131652112239,evidence-side,"{""Not too well"": 0.012631864480295615, ""Not well at all"": 0.9864547410184275, ""Somewhat well"": 0.0003117433777772527, ""Very well"": 0.0006016511234996373}","{""Not too well"": 0.12121212121212122, ""Not well at all"": 0.050505050505050504, ""Somewhat well"": 0.47474747474747475, ""Very well"": 0.35353535353535354}","{""Not too well"": 0.46808510638297873, ""Not well at all"": 0.5106382978723404, ""Somewhat well"": 0.010638297872340425, ""Very well"": 0.010638297872340425}"
llama,Llama-3.1-8B-Instruct,Q0160,GAS,Ghana,Jordan,Q0160::Ghana=>Jordan,0.5370273431345483,0.8315536821901406,evidence-side,"{""Not too well"": 0.38736842371564, ""Not well at all"": 0.5618124520757591, ""Somewhat well"": 0.03433116567259741, ""Very well"": 0.01648795853600346}","{""Not too well"": 0.08333333333333333, ""Not well at all"": 0.07291666666666667, ""Somewhat well"": 0.28125, ""Very well"": 0.5625}","{""Not too well"": 0.46808510638297873, ""Not well at all"": 0.5106382978723404, ""Somewhat well"": 0.010638297872340425, ""Very well"": 0.010638297872340425}"
llama,Llama-3.1-8B-Instruct,Q0160,GAS,Jordan,El Salvador,Q0160::Jordan=>El Salvador,0.6959310702957755,0.661936412791133,evidence-side,"{""Not too well"": 0.012111035051729231, ""Not well at all"": 0.003186269865538313, ""Somewhat well"": 0.9183106723708113, ""Very well"": 0.06639202271192123}","{""Not too well"": 0.46808510638297873, ""Not well at all"": 0.5106382978723404, ""Somewhat well"": 0.010638297872340425, ""Very well"": 0.010638297872340425}","{""Not too well"": 0.12121212121212122, ""Not well at all"": 0.050505050505050504, ""Somewhat well"": 0.47474747474747475, ""Very well"": 0.35353535353535354}"
llama,Llama-3.1-8B-Instruct,Q0160,GAS,Jordan,Ghana,Q0160::Jordan=>Ghana,0.7078601820593045,0.8329216462031558,evidence-side,"{""Not too well"": 0.050729105371727395, ""Not well at all"": 0.014631538223613577, ""Somewhat well"": 0.5143863983931027, ""Very well"": 0.42025295801155627}","{""Not too well"": 0.46808510638297873, ""Not well at all"": 0.5106382978723404, ""Somewhat well"": 0.010638297872340425, ""Very well"": 0.010638297872340425}","{""Not too well"": 0.08333333333333333, ""Not well at all"": 0.07291666666666667, ""Somewhat well"": 0.28125, ""Very well"": 0.5625}"
llama,Llama-3.1-8B-Instruct,Q0160,GAS,Jordan,Uzbekistan,Q0160::Jordan=>Uzbekistan,0.7518716664152534,0.750477436795102,evidence-side,"{""Not too well"": 0.02098830406726275, ""Not well at all"": 0.006002684332635982, ""Somewhat well"": 0.810828216461882, ""Very well"": 0.16218079513821929}","{""Not too well"": 0.46808510638297873, ""Not well at all"": 0.5106382978723404, ""Somewhat well"": 0.010638297872340425, ""Very well"": 0.010638297872340425}","{""Not too well"": 0.07954545454545456, ""Not well at all"": 0.034090909090909095, ""Somewhat well"": 0.4772727272727273, ""Very well"": 0.4090909090909091}"
llama,Llama-3.1-8B-Instruct,Q0160,GAS,Uzbekistan,Jordan,Q0160::Uzbekistan=>Jordan,0.5966765663410721,0.5055483449052989,evidence-side,"{""Not too well"": 0.011895587956074287, ""Not well at all"": 0.9868233909559034, ""Somewhat well"": 0.0005905600737430195, ""Very well"": 0.0006904610142792485}","{""Not too well"": 0.07954545454545456, ""Not well at all"": 0.034090909090909095, ""Somewhat well"": 0.4772727272727273, ""Very well"": 0.4090909090909091}","{""Not too well"": 0.46808510638297873, ""Not well at all"": 0.5106382978723404, ""Somewhat well"": 0.010638297872340425, ""Very well"": 0.010638297872340425}"
llama,Llama-3.1-8B-Instruct,Q0238,GAS,Israel,Morocco,Q0238::Israel=>Morocco,0.6953608163806261,0.6917240784507002,evidence-side,"{""Somewhat favorable"": 0.885280265639114, ""Somewhat unfavorable"": 0.01458065248945727, ""Very favorable"": 0.09101105244916412, ""Very unfavorable"": 0.009128029422264655}","{""Somewhat favorable"": 0.030303030303030304, ""Somewhat unfavorable"": 0.0707070707070707, ""Very favorable"": 0.010101010101010102, ""Very unfavorable"": 0.8888888888888888}","{""Somewhat favorable"": 0.5333333333333333, ""Somewhat unfavorable"": 0.13333333333333333, ""Very favorable"": 0.2833333333333333, ""Very unfavorable"": 0.05}"
llama,Llama-3.1-8B-Instruct,Q0238,GAS,Morocco,Israel,Q0238::Morocco=>Israel,0.7681890131598478,0.8845077546464378,evidence-side,"{""Somewhat favorable"": 0.0034452302784180066, ""Somewhat unfavorable"": 0.006324794040574674, ""Very favorable"": 0.005597944794703002, ""Very unfavorable"": 0.9846320308863044}","{""Somewhat favorable"": 0.5333333333333333, ""Somewhat unfavorable"": 0.13333333333333333, ""Very favorable"": 0.2833333333333333, ""Very unfavorable"": 0.05}","{""Somewhat favorable"": 0.030303030303030304, ""Somewhat unfavorable"": 0.0707070707070707, ""Very favorable"": 0.010101010101010102, ""Very unfavorable"": 0.8888888888888888}"
llama,Llama-3.1-8B-Instruct,Q0238,GAS,Morocco,Turkey,Q0238::Morocco=>Turkey,0.7471863685258285,0.8092675177033837,evidence-side,"{""Somewhat favorable"": 0.0007821495676453786, ""Somewhat unfavorable"": 0.002823152928504219, ""Very favorable"": 0.0012744038442992385, ""Very unfavorable"": 0.9951202936595511}","{""Somewhat favorable"": 0.5333333333333333, ""Somewhat unfavorable"": 0.13333333333333333, ""Very favorable"": 0.2833333333333333, ""Very unfavorable"": 0.05}","{""Somewhat favorable"": 0.044444444444444446, ""Somewhat unfavorable"": 0.13333333333333333, ""Very favorable"": 0.011111111111111112, ""Very unfavorable"": 0.8111111111111111}"
llama,Llama-3.1-8B-Instruct,Q0238,GAS,Turkey,Morocco,Q0238::Turkey=>Morocco,0.5824612106850126,0.5321598943276961,evidence-side,"{""Somewhat favorable"": 0.993794690599437, ""Somewhat unfavorable"": 0.000774711276820594, ""Very favorable"": 0.0030581339145791557, ""Very unfavorable"": 0.0023724642091632617}","{""Somewhat favorable"": 0.044444444444444446, ""Somewhat unfavorable"": 0.13333333333333333, ""Very favorable"": 0.011111111111111112, ""Very unfavorable"": 0.8111111111111111}","{""Somewhat favorable"": 0.5333333333333333, ""Somewhat unfavorable"": 0.13333333333333333, ""Very favorable"": 0.2833333333333333, ""Very unfavorable"": 0.05}"
llama,Llama-3.1-8B-Instruct,Q0254,GAS,Indonesia,Sweden,Q0254::Indonesia=>Sweden,0.684577281860736,0.869398586646124,evidence-side,"{""Completely agree"": 0.0379242703527169, ""Completely disagree"": 0.9407608879692578, ""Mostly agree"": 0.0037898797763355157, ""Mostly disagree"": 0.017524961901689774}","{""Completely agree"": 0.4574468085106383, ""Completely disagree"": 0.04255319148936171, ""Mostly agree"": 0.3191489361702128, ""Mostly disagree"": 0.18085106382978727}","{""Completely agree"": 0.030303030303030304, ""Completely disagree"": 0.8383838383838383, ""Mostly agree"": 0.04040404040404041, ""Mostly disagree"": 0.09090909090909091}"
llama,Llama-3.1-8B-Instruct,Q0254,GAS,Sweden,Indonesia,Q0254::Sweden=>Indonesia,0.319562974238422,0.3369805609944098,evidence-side,"{""Completely agree"": 0.02578392639353603, ""Completely disagree"": 0.07337567715661855, ""Mostly agree"": 0.7716655154666204, ""Mostly disagree"": 0.12917488098322508}","{""Completely agree"": 0.030303030303030304, ""Completely disagree"": 0.8383838383838383, ""Mostly agree"": 0.04040404040404041, ""Mostly disagree"": 0.09090909090909091}","{""Completely agree"": 0.4574468085106383, ""Completely disagree"": 0.04255319148936171, ""Mostly agree"": 0.3191489361702128, ""Mostly disagree"": 0.18085106382978727}"
llama,Llama-3.1-8B-Instruct,Q0268,GAS,India (Current national sample),Pakistan,Q0268::India (Current national sample)=>Pakistan,0.6756185441192742,0.9293255605224183,evidence-side,"{""Major threat"": 0.002113689887532565, ""Minor threat"": 0.0589347254025837, ""Not a threat"": 0.9389515847098838}","{""Major threat"": 0.6666666666666666, ""Minor threat"": 0.2619047619047619, ""Not a threat"": 0.07142857142857142}","{""Major threat"": 0.02631578947368421, ""Minor threat"": 0.11842105263157894, ""Not a threat"": 0.8552631578947368}"
llama,Llama-3.1-8B-Instruct,Q0268,GAS,Japan,Pakistan,Q0268::Japan=>Pakistan,0.7307301202656262,0.8169784183105301,evidence-side,"{""Major threat"": 0.0010824082222887013, ""Minor threat"": 0.000731121145125023, ""Not a threat"": 0.9981864706325863}","{""Major threat"": 0.7551020408163266, ""Minor threat"": 0.17346938775510207, ""Not a threat"": 0.07142857142857144}","{""Major threat"": 0.02631578947368421, ""Minor threat"": 0.11842105263157894, ""Not a threat"": 0.8552631578947368}"
llama,Llama-3.1-8B-Instruct,Q0268,GAS,Pakistan,India (Current national sample),Q0268::Pakistan=>India (Current national sample),0.7207993158565635,0.6881139166005018,evidence-side,"{""Major threat"": 0.9998664854045582, ""Minor threat"": 0.00010229158826114044, ""Not a threat"": 3.122300718059994e-05}","{""Major threat"": 0.02631578947368421, ""Minor threat"": 0.11842105263157894, ""Not a threat"": 0.8552631578947368}","{""Major threat"": 0.6666666666666666, ""Minor threat"": 0.2619047619047619, ""Not a threat"": 0.07142857142857142}"
llama,Llama-3.1-8B-Instruct,Q0268,GAS,Pakistan,Japan,Q0268::Pakistan=>Japan,0.776898736945575,0.7630460333061208,evidence-side,"{""Major threat"": 0.9999916833906488, ""Minor threat"": 6.355347880664989e-06, ""Not a threat"": 1.961261470559996e-06}","{""Major threat"": 0.02631578947368421, ""Minor threat"": 0.11842105263157894, ""Not a threat"": 0.8552631578947368}","{""Major threat"": 0.7551020408163266, ""Minor threat"": 0.17346938775510207, ""Not a threat"": 0.07142857142857144}"
llama,Llama-3.1-8B-Instruct,Q0268,GAS,Pakistan,S. Korea,Q0268::Pakistan=>S. Korea,0.7844880900610032,0.7634590616748731,evidence-side,"{""Major threat"": 0.9999736897258099, ""Minor threat"": 1.703215853101526e-05, ""Not a threat"": 9.278115659043517e-06}","{""Major threat"": 0.02631578947368421, ""Minor threat"": 0.11842105263157894, ""Not a threat"": 0.8552631578947368}","{""Major threat"": 0.7676767676767676, ""Minor threat"": 0.1717171717171717, ""Not a threat"": 0.06060606060606061}"
llama,Llama-3.1-8B-Instruct,Q0268,GAS,S. Korea,Pakistan,Q0268::S. Korea=>Pakistan,0.7426101515492377,0.8627151596464707,evidence-side,"{""Major threat"": 0.0005777308364756094, ""Minor threat"": 0.01781775344773957, ""Not a threat"": 0.9816045157157848}","{""Major threat"": 0.7676767676767676, ""Minor threat"": 0.1717171717171717, ""Not a threat"": 0.06060606060606061}","{""Major threat"": 0.02631578947368421, ""Minor threat"": 0.11842105263157894, ""Not a threat"": 0.8552631578947368}"
llama,Llama-3.1-8B-Instruct,Q0394,GAS,Australia,Palest. ter.,Q0394::Australia=>Palest. ter.,0.501401306553153,0.6924653484772291,evidence-side,"{""Better off"": 0.14397246071006084, ""Worse off"": 0.8560275392899391}","{""Better off"": 0.9340659340659341, ""Worse off"": 0.06593406593406594}","{""Better off"": 0.0449438202247191, ""Worse off"": 0.9550561797752809}"
llama,Llama-3.1-8B-Instruct,Q0394,GAS,Canada,Palest. ter.,Q0394::Canada=>Palest. ter.,0.6572763326889888,0.9876343613656151,evidence-side,"{""Better off"": 0.03285810324091605, ""Worse off"": 0.967141896759084}","{""Better off"": 0.9, ""Worse off"": 0.1}","{""Better off"": 0.0449438202247191, ""Worse off"": 0.9550561797752809}"
llama,Llama-3.1-8B-Instruct,Q0394,GAS,Palest. ter.,Australia,Q0394::Palest. ter.=>Australia,0.8256332876946045,0.9140218196989541,evidence-side,"{""Better off"": 0.9970856775835942, ""Worse off"": 0.002914322416405729}","{""Better off"": 0.0449438202247191, ""Worse off"": 0.9550561797752809}","{""Better off"": 0.9340659340659341, ""Worse off"": 0.06593406593406594}"
llama,Llama-3.1-8B-Instruct,Q0394,GAS,Palest. ter.,Canada,Q0394::Palest. ter.=>Canada,0.8108016556934109,0.8944555126059572,evidence-side,"{""Better off"": 0.9982554259427295, ""Worse off"": 0.0017445740572704681}","{""Better off"": 0.0449438202247191, ""Worse off"": 0.9550561797752809}","{""Better off"": 0.9, ""Worse off"": 0.1}"
llama,Llama-3.1-8B-Instruct,Q0394,GAS,Palest. ter.,United States,Q0394::Palest. ter.=>United States,0.8113470839127035,0.8978490354369284,evidence-side,"{""Better off"": 0.9977011302962889, ""Worse off"": 0.0022988697037110216}","{""Better off"": 0.0449438202247191, ""Worse off"": 0.9550561797752809}","{""Better off"": 0.9032258064516129, ""Worse off"": 0.0967741935483871}"
llama,Llama-3.1-8B-Instruct,Q0394,GAS,United States,Palest. ter.,Q0394::United States=>Palest. ter.,0.5653549220792302,0.8679168630140246,evidence-side,"{""Better off"": 0.08009203179844314, ""Worse off"": 0.9199079682015568}","{""Better off"": 0.9032258064516129, ""Worse off"": 0.0967741935483871}","{""Better off"": 0.0449438202247191, ""Worse off"": 0.9550561797752809}"
llama,Llama-3.1-8B-Instruct,Q0410,GAS,Italy,Pakistan,Q0410::Italy=>Pakistan,0.6969445756892017,0.910591576144995,evidence-side,"{""More of a partner"": 0.9999942502074758, ""More of an enemy"": 2.7679611695827524e-06, ""Neither"": 2.9818313547338317e-06}","{""More of a partner"": 0.12631578947368421, ""More of an enemy"": 0.4105263157894737, ""Neither"": 0.4631578947368421}","{""More of a partner"": 0.9647058823529412, ""More of an enemy"": 0.011764705882352941, ""Neither"": 0.023529411764705882}"
llama,Llama-3.1-8B-Instruct,Q0410,GAS,Japan,Pakistan,Q0410::Japan=>Pakistan,0.7196212891362517,0.9118628595168125,evidence-side,"{""More of a partner"": 0.9999732924778926, ""More of an enemy"": 3.6113623264058022e-06, ""Neither"": 2.3096159781010085e-05}","{""More of a partner"": 0.11224489795918367, ""More of an enemy"": 0.40816326530612246, ""Neither"": 0.47959183673469385}","{""More of a partner"": 0.9647058823529412, ""More of an enemy"": 0.011764705882352941, ""Neither"": 0.023529411764705882}"
llama,Llama-3.1-8B-Instruct,Q0410,GAS,Pakistan,Italy,Q0410::Pakistan=>Italy,0.5565587387231142,0.7350399529213653,evidence-side,"{""More of a partner"": 0.13665283050707766, ""More of an enemy"": 0.20235540162088023, ""Neither"": 0.6609917678720422}","{""More of a partner"": 0.9647058823529412, ""More of an enemy"": 0.011764705882352941, ""Neither"": 0.023529411764705882}","{""More of a partner"": 0.12631578947368421, ""More of an enemy"": 0.4105263157894737, ""Neither"": 0.4631578947368421}"
llama,Llama-3.1-8B-Instruct,Q0410,GAS,Pakistan,Japan,Q0410::Pakistan=>Japan,0.6727053196247643,0.9867082735083952,evidence-side,"{""More of a partner"": 0.08780238395672918, ""More of an enemy"": 0.40878442601828835, ""Neither"": 0.5034131900249824}","{""More of a partner"": 0.9647058823529412, ""More of an enemy"": 0.011764705882352941, ""Neither"": 0.023529411764705882}","{""More of a partner"": 0.11224489795918367, ""More of an enemy"": 0.40816326530612246, ""Neither"": 0.47959183673469385}"
llama,Llama-3.1-8B-Instruct,Q0448,GAS,Germany,Pakistan,Q0448::Germany=>Pakistan,0.7875384737701935,0.9142738115717495,evidence-side,"{""Bad"": 0.002906623055988759, ""Good"": 0.9970933769440113}","{""Bad"": 0.9368421052631579, ""Good"": 0.06315789473684211}","{""Bad"": 0.0641025641025641, ""Good"": 0.9358974358974359}"
llama,Llama-3.1-8B-Instruct,Q0448,GAS,Japan,Pakistan,Q0448::Japan=>Pakistan,-0.14327439029224298,-0.21194367482187476,label-side,"{""Bad"": 0.5979541304764837, ""Good"": 0.4020458695235163}","{""Bad"": 0.925531914893617, ""Good"": 0.07446808510638298}","{""Bad"": 0.0641025641025641, ""Good"": 0.9358974358974359}"
llama,Llama-3.1-8B-Instruct,Q0448,GAS,Pakistan,Germany,Q0448::Pakistan=>Germany,0.7891083345525979,0.9089965192109163,evidence-side,"{""Bad"": 0.9983770483911577, ""Good"": 0.0016229516088422484}","{""Bad"": 0.0641025641025641, ""Good"": 0.9358974358974359}","{""Bad"": 0.9368421052631579, ""Good"": 0.06315789473684211}"
llama,Llama-3.1-8B-Instruct,Q0448,GAS,Pakistan,Japan,Q0448::Pakistan=>Japan,0.7815367132200673,0.9070334352905542,evidence-side,"{""Bad"": 0.9975641724070102, ""Good"": 0.0024358275929897842}","{""Bad"": 0.0641025641025641, ""Good"": 0.9358974358974359}","{""Bad"": 0.925531914893617, ""Good"": 0.07446808510638298}"
llama,Llama-3.1-8B-Instruct,Q0448,GAS,Pakistan,United States,Q0448::Pakistan=>United States,0.7766038620757987,0.9001219169423198,evidence-side,"{""Bad"": 0.998005414603891, ""Good"": 0.001994585396109025}","{""Bad"": 0.0641025641025641, ""Good"": 0.9358974358974359}","{""Bad"": 0.9139784946236559, ""Good"": 0.08602150537634409}"
llama,Llama-3.1-8B-Instruct,Q0448,GAS,United States,Pakistan,Q0448::United States=>Pakistan,-0.26121224789486064,-0.4025735474430014,label-side,"{""Bad"": 0.677889387690638, ""Good"": 0.32211061230936194}","{""Bad"": 0.9139784946236559, ""Good"": 0.08602150537634409}","{""Bad"": 0.0641025641025641, ""Good"": 0.9358974358974359}"
llama,Llama-3.1-8B-Instruct,Q0514,GAS,Australia,China,Q0514::Australia=>China,0.6738647533208091,0.7396205098963797,evidence-side,"{""Somewhat favorable"": 0.013295576035540883, ""Somewhat unfavorable"": 0.5885989616466497, ""Very favorable"": 0.005302169162935085, ""Very unfavorable"": 0.39280329315487433}","{""Somewhat favorable"": 0.6105263157894737, ""Somewhat unfavorable"": 0.06315789473684211, ""Very favorable"": 0.3157894736842105, ""Very unfavorable"": 0.010526315789473686}","{""Somewhat favorable"": 0.07446808510638298, ""Somewhat unfavorable"": 0.2872340425531915, ""Very favorable"": 0.010638297872340425, ""Very unfavorable"": 0.6276595744680851}"
llama,Llama-3.1-8B-Instruct,Q0514,GAS,China,Australia,Q0514::China=>Australia,0.5836529591070443,0.5414387492330912,evidence-side,"{""Somewhat favorable"": 0.14484161296953774, ""Somewhat unfavorable"": 0.01748726066676251, ""Very favorable"": 0.8342200534286826, ""Very unfavorable"": 0.00345107293501727}","{""Somewhat favorable"": 0.07446808510638298, ""Somewhat unfavorable"": 0.2872340425531915, ""Very favorable"": 0.010638297872340425, ""Very unfavorable"": 0.6276595744680851}","{""Somewhat favorable"": 0.6105263157894737, ""Somewhat unfavorable"": 0.06315789473684211, ""Very favorable"": 0.3157894736842105, ""Very unfavorable"": 0.010526315789473686}"
llama,Llama-3.1-8B-Instruct,Q0514,GAS,China,Thailand,Q0514::China=>Thailand,0.5845692592086387,0.5203142486955676,evidence-side,"{""Somewhat favorable"": 0.09164850381658268, ""Somewhat unfavorable"": 0.0067698086741958, ""Very favorable"": 0.9003667557085224, ""Very unfavorable"": 0.0012149318006990913}","{""Somewhat favorable"": 0.07446808510638298, ""Somewhat unfavorable"": 0.2872340425531915, ""Very favorable"": 0.010638297872340425, ""Very unfavorable"": 0.6276595744680851}","{""Somewhat favorable"": 0.5795454545454546, ""Somewhat unfavorable"": 0.05681818181818181, ""Very favorable"": 0.3409090909090909, ""Very unfavorable"": 0.022727272727272728}"
llama,Llama-3.1-8B-Instruct,Q0514,GAS,China,Vietnam,Q0514::China=>Vietnam,0.6494069705271279,0.5482912488221022,evidence-side,"{""Somewhat favorable"": 0.009741251318610285, ""Somewhat unfavorable"": 0.0029079382774114823, ""Very favorable"": 0.9867204607502703, ""Very unfavorable"": 0.0006303496537079047}","{""Somewhat favorable"": 0.07446808510638298, ""Somewhat unfavorable"": 0.2872340425531915, ""Very favorable"": 0.010638297872340425, ""Very unfavorable"": 0.6276595744680851}","{""Somewhat favorable"": 0.4148936170212766, ""Somewhat unfavorable"": 0.07446808510638298, ""Very favorable"": 0.5, ""Very unfavorable"": 0.010638297872340427}"
llama,Llama-3.1-8B-Instruct,Q0514,GAS,Thailand,China,Q0514::Thailand=>China,0.3129128603578972,0.42454415337878176,evidence-side,"{""Somewhat favorable"": 0.24191719332589323, ""Somewhat unfavorable"": 0.44793584819754145, ""Very favorable"": 0.016898489853961352, ""Very unfavorable"": 0.29324846862260395}","{""Somewhat favorable"": 0.5795454545454546, ""Somewhat unfavorable"": 0.05681818181818181, ""Very favorable"": 0.3409090909090909, ""Very unfavorable"": 0.022727272727272728}","{""Somewhat favorable"": 0.07446808510638298, ""Somewhat unfavorable"": 0.2872340425531915, ""Very favorable"": 0.010638297872340425, ""Very unfavorable"": 0.6276595744680851}"
llama,Llama-3.1-8B-Instruct,Q0514,GAS,Vietnam,China,Q0514::Vietnam=>China,0.7340987818518863,0.8683363417445289,evidence-side,"{""Somewhat favorable"": 0.02742739477989889, ""Somewhat unfavorable"": 0.15590362336214306, ""Very favorable"": 0.003067113490576758, ""Very unfavorable"": 0.8136018683673814}","{""Somewhat favorable"": 0.4148936170212766, ""Somewhat unfavorable"": 0.07446808510638298, ""Very favorable"": 0.5, ""Very unfavorable"": 0.010638297872340427}","{""Somewhat favorable"": 0.07446808510638298, ""Somewhat unfavorable"": 0.2872340425531915, ""Very favorable"": 0.010638297872340425, ""Very unfavorable"": 0.6276595744680851}"
llama,Llama-3.1-8B-Instruct,Q0558,GAS,Greece,Pakistan,Q0558::Greece=>Pakistan,0.7892883701493414,0.8914727743009708,evidence-side,"{""No, does not respect personal freedoms"": 0.0009632435429999688, ""Yes, respects personal freedoms"": 0.9990367564570001}","{""No, does not respect personal freedoms"": 0.9438202247191011, ""Yes, respects personal freedoms"": 0.056179775280898875}","{""No, does not respect personal freedoms"": 0.09722222222222222, ""Yes, respects personal freedoms"": 0.9027777777777778}"
llama,Llama-3.1-8B-Instruct,Q0558,GAS,Italy,Pakistan,Q0558::Italy=>Pakistan,0.75497589999821,0.8946565033555351,evidence-side,"{""No, does not respect personal freedoms"": 0.001790106403430899, ""Yes, respects personal freedoms"": 0.9982098935965691}","{""No, does not respect personal freedoms"": 0.927710843373494, ""Yes, respects personal freedoms"": 0.07228915662650602}","{""No, does not respect personal freedoms"": 0.09722222222222222, ""Yes, respects personal freedoms"": 0.9027777777777778}"
llama,Llama-3.1-8B-Instruct,Q0558,GAS,Pakistan,Greece,Q0558::Pakistan=>Greece,0.532927656433492,0.8498999763415326,evidence-side,"{""No, does not respect personal freedoms"": 0.9013234682936533, ""Yes, respects personal freedoms"": 0.09867653170634672}","{""No, does not respect personal freedoms"": 0.09722222222222222, ""Yes, respects personal freedoms"": 0.9027777777777778}","{""No, does not respect personal freedoms"": 0.9438202247191011, ""Yes, respects personal freedoms"": 0.056179775280898875}"
llama,Llama-3.1-8B-Instruct,Q0558,GAS,Pakistan,Italy,Q0558::Pakistan=>Italy,0.474060288830439,0.7929237182729749,evidence-side,"{""No, does not respect personal freedoms"": 0.864001465951945, ""Yes, respects personal freedoms"": 0.1359985340480549}","{""No, does not respect personal freedoms"": 0.09722222222222222, ""Yes, respects personal freedoms"": 0.9027777777777778}","{""No, does not respect personal freedoms"": 0.927710843373494, ""Yes, respects personal freedoms"": 0.07228915662650602}"
llama,Llama-3.1-8B-Instruct,Q0558,GAS,Pakistan,Spain,Q0558::Pakistan=>Spain,0.38239773475567507,0.6157719062422645,evidence-side,"{""No, does not respect personal freedoms"": 0.8071116844818332, ""Yes, respects personal freedoms"": 0.19288831551816682}","{""No, does not respect personal freedoms"": 0.09722222222222222, ""Yes, respects personal freedoms"": 0.9027777777777778}","{""No, does not respect personal freedoms"": 0.9347826086956522, ""Yes, respects personal freedoms"": 0.06521739130434782}"
llama,Llama-3.1-8B-Instruct,Q0558,GAS,Spain,Pakistan,Q0558::Spain=>Pakistan,0.7695633929952771,0.893622821111542,evidence-side,"{""No, does not respect personal freedoms"": 0.0014925188748888443, ""Yes, respects personal freedoms"": 0.9985074811251112}","{""No, does not respect personal freedoms"": 0.9347826086956522, ""Yes, respects personal freedoms"": 0.06521739130434782}","{""No, does not respect personal freedoms"": 0.09722222222222222, ""Yes, respects personal freedoms"": 0.9027777777777778}"
llama,Llama-3.1-8B-Instruct,Q0574,GAS,Israel,Pakistan,Q0574::Israel=>Pakistan,0.8311919298063835,0.8648659509780365,evidence-side,"{""Favor"": 0.9999849553220134, ""Oppose"": 1.5044677986676317e-05}","{""Favor"": 0.02040816326530612, ""Oppose"": 0.9795918367346939}","{""Favor"": 0.819672131147541, ""Oppose"": 0.18032786885245902}"
llama,Llama-3.1-8B-Instruct,Q0574,GAS,Pakistan,Israel,Q0574::Pakistan=>Israel,0.6257119993785618,0.9229259392428233,evidence-side,"{""Favor"": 8.382133333992539e-06, ""Oppose"": 0.999991617866666}","{""Favor"": 0.819672131147541, ""Oppose"": 0.18032786885245902}","{""Favor"": 0.02040816326530612, ""Oppose"": 0.9795918367346939}"
llama,Llama-3.1-8B-Instruct,Q0595,GAS,El Salvador,Palest. ter.,Q0595::El Salvador=>Palest. ter.,0.8194915206941861,0.7652814026948201,evidence-side,"{""More of a partner"": 0.0003436388896338519, ""More of an enemy"": 0.9996515480447399, ""Neither"": 4.813065626377838e-06}","{""More of a partner"": 0.8888888888888888, ""More of an enemy"": 0.020202020202020204, ""Neither"": 0.09090909090909091}","{""More of a partner"": 0.042105263157894736, ""More of an enemy"": 0.8, ""Neither"": 0.15789473684210525}"
llama,Llama-3.1-8B-Instruct,Q0595,GAS,Israel,Palest. ter.,Q0595::Israel=>Palest. ter.,0.8485690538039936,0.7616525525867965,evidence-side,"{""More of a partner"": 0.0008561533768889083, ""More of an enemy"": 0.9991322742974268, ""Neither"": 1.157232568432785e-05}","{""More of a partner"": 0.9183673469387755, ""More of an enemy"": 0.01020408163265306, ""Neither"": 0.07142857142857142}","{""More of a partner"": 0.042105263157894736, ""More of an enemy"": 0.8, ""Neither"": 0.15789473684210525}"
llama,Llama-3.1-8B-Instruct,Q0595,GAS,Palest. ter.,El Salvador,Q0595::Palest. ter.=>El Salvador,0.8145973789343217,0.8354676622327303,evidence-side,"{""More of a partner"": 0.9999073786484073, ""More of an enemy"": 8.921817205304339e-05, ""Neither"": 3.4031795397799775e-06}","{""More of a partner"": 0.042105263157894736, ""More of an enemy"": 0.8, ""Neither"": 0.15789473684210525}","{""More of a partner"": 0.8888888888888888, ""More of an enemy"": 0.020202020202020204, ""Neither"": 0.09090909090909091}"
llama,Llama-3.1-8B-Instruct,Q0595,GAS,Palest. ter.,Israel,Q0595::Palest. ter.=>Israel,0.8305937609017037,0.8518079341244466,evidence-side,"{""More of a partner"": 0.9999630458521229, ""More of an enemy"": 3.443212749599786e-05, ""Neither"": 2.522020381093438e-06}","{""More of a partner"": 0.042105263157894736, ""More of an enemy"": 0.8, ""Neither"": 0.15789473684210525}","{""More of a partner"": 0.9183673469387755, ""More of an enemy"": 0.01020408163265306, ""Neither"": 0.07142857142857142}"
llama,Llama-3.1-8B-Instruct,Q0595,GAS,Palest. ter.,Senegal,Q0595::Palest. ter.=>Senegal,0.8331504220253552,0.8576788472313993,evidence-side,"{""More of a partner"": 0.9999801199842748, ""More of an enemy"": 1.8690523256767463e-05, ""Neither"": 1.1894924684070158e-06}","{""More of a partner"": 0.042105263157894736, ""More of an enemy"": 0.8, ""Neither"": 0.15789473684210525}","{""More of a partner"": 0.9230769230769231, ""More of an enemy"": 0.01098901098901099, ""Neither"": 0.06593406593406594}"
llama,Llama-3.1-8B-Instruct,Q0595,GAS,Senegal,Palest. ter.,Q0595::Senegal=>Palest. ter.,0.8482321436315425,0.7571426090631364,evidence-side,"{""More of a partner"": 3.6252716580173736e-06, ""More of an enemy"": 0.9999932068848592, ""Neither"": 3.167843482870622e-06}","{""More of a partner"": 0.9230769230769231, ""More of an enemy"": 0.01098901098901099, ""Neither"": 0.06593406593406594}","{""More of a partner"": 0.042105263157894736, ""More of an enemy"": 0.8, ""Neither"": 0.15789473684210525}"
llama,Llama-3.1-8B-Instruct,Q0630,GAS,Australia,Pakistan,Q0630::Australia=>Pakistan,0.43792711733343725,0.7320384328326137,evidence-side,"{""No, does not respect personal freedoms"": 0.20598539782008007, ""Yes, respects personal freedoms"": 0.79401460217992}","{""No, does not respect personal freedoms"": 0.9381443298969072, ""Yes, respects personal freedoms"": 0.06185567010309278}","{""No, does not respect personal freedoms"": 0.1095890410958904, ""Yes, respects personal freedoms"": 0.8904109589041096}"
llama,Llama-3.1-8B-Instruct,Q0630,GAS,Pakistan,Australia,Q0630::Pakistan=>Australia,0.5762188306196193,0.9887873305129633,evidence-side,"{""No, does not respect personal freedoms"": 0.9352724213820934, ""Yes, respects personal freedoms"": 0.06472757861790662}","{""No, does not respect personal freedoms"": 0.1095890410958904, ""Yes, respects personal freedoms"": 0.8904109589041096}","{""No, does not respect personal freedoms"": 0.9381443298969072, ""Yes, respects personal freedoms"": 0.06185567010309278}"
llama,Llama-3.1-8B-Instruct,Q0630,GAS,Pakistan,Poland,Q0630::Pakistan=>Poland,0.5225808824912913,0.8823602709859559,evidence-side,"{""No, does not respect personal freedoms"": 0.9057546498710141, ""Yes, respects personal freedoms"": 0.09424535012898598}","{""No, does not respect personal freedoms"": 0.1095890410958904, ""Yes, respects personal freedoms"": 0.8904109589041096}","{""No, does not respect personal freedoms"": 0.9382716049382716, ""Yes, respects personal freedoms"": 0.06172839506172839}"
llama,Llama-3.1-8B-Instruct,Q0630,GAS,Pakistan,Sweden,Q0630::Pakistan=>Sweden,0.6377056131205322,0.9802803205660046,evidence-side,"{""No, does not respect personal freedoms"": 0.9652606739708207, ""Yes, respects personal freedoms"": 0.03473932602917927}","{""No, does not respect personal freedoms"": 0.1095890410958904, ""Yes, respects personal freedoms"": 0.8904109589041096}","{""No, does not respect personal freedoms"": 0.9693877551020409, ""Yes, respects personal freedoms"": 0.030612244897959186}"
llama,Llama-3.1-8B-Instruct,Q0630,GAS,Poland,Pakistan,Q0630::Poland=>Pakistan,0.771835454963964,0.885333551481133,evidence-side,"{""No, does not respect personal freedoms"": 0.0006075872790570435, ""Yes, respects personal freedoms"": 0.9993924127209429}","{""No, does not respect personal freedoms"": 0.9382716049382716, ""Yes, respects personal freedoms"": 0.06172839506172839}","{""No, does not respect personal freedoms"": 0.1095890410958904, ""Yes, respects personal freedoms"": 0.8904109589041096}"
llama,Llama-3.1-8B-Instruct,Q0630,GAS,Sweden,Pakistan,Q0630::Sweden=>Pakistan,0.8430677499055057,0.8842315753492598,evidence-side,"{""No, does not respect personal freedoms"": 0.00022020601755064074, ""Yes, respects personal freedoms"": 0.9997797939824493}","{""No, does not respect personal freedoms"": 0.9693877551020409, ""Yes, respects personal freedoms"": 0.030612244897959186}","{""No, does not respect personal freedoms"": 0.1095890410958904, ""Yes, respects personal freedoms"": 0.8904109589041096}"
llama,Llama-3.1-8B-Instruct,Q0703,GAS,Senegal,Turkey,Q0703::Senegal=>Turkey,0.7707680432379937,0.8279903950817707,evidence-side,"{""Somewhat favorable"": 0.017584471219962927, ""Somewhat unfavorable"": 0.1000568018333189, ""Very favorable"": 0.0018357458232744336, ""Very unfavorable"": 0.8805229811234437}","{""Somewhat favorable"": 0.2988505747126437, ""Somewhat unfavorable"": 0.04597701149425287, ""Very favorable"": 0.6436781609195402, ""Very unfavorable"": 0.011494252873563218}","{""Somewhat favorable"": 0.08536585365853659, ""Somewhat unfavorable"": 0.24390243902439024, ""Very favorable"": 0.024390243902439025, ""Very unfavorable"": 0.6463414634146342}"
llama,Llama-3.1-8B-Instruct,Q0703,GAS,Turkey,Senegal,Q0703::Turkey=>Senegal,0.7223944785108006,0.9113819172789352,evidence-side,"{""Somewhat favorable"": 0.3350482589488715, ""Somewhat unfavorable"": 0.0048752810837711675, ""Very favorable"": 0.6567463046916001, ""Very unfavorable"": 0.0033301552757572144}","{""Somewhat favorable"": 0.08536585365853659, ""Somewhat unfavorable"": 0.24390243902439024, ""Very favorable"": 0.024390243902439025, ""Very unfavorable"": 0.6463414634146342}","{""Somewhat favorable"": 0.2988505747126437, ""Somewhat unfavorable"": 0.04597701149425287, ""Very favorable"": 0.6436781609195402, ""Very unfavorable"": 0.011494252873563218}"
llama,Llama-3.1-8B-Instruct,Q0703,GAS,Turkey,Ukraine,Q0703::Turkey=>Ukraine,0.663452440745508,0.7488108615305819,evidence-side,"{""Somewhat favorable"": 0.9384535182914916, ""Somewhat unfavorable"": 0.0027007077687596975, ""Very favorable"": 0.05842166802635837, ""Very unfavorable"": 0.0004241059133903069}","{""Somewhat favorable"": 0.08536585365853659, ""Somewhat unfavorable"": 0.24390243902439024, ""Very favorable"": 0.024390243902439025, ""Very unfavorable"": 0.6463414634146342}","{""Somewhat favorable"": 0.7058823529411765, ""Somewhat unfavorable"": 0.047058823529411764, ""Very favorable"": 0.23529411764705882, ""Very unfavorable"": 0.011764705882352941}"
llama,Llama-3.1-8B-Instruct,Q0703,GAS,Ukraine,Turkey,Q0703::Ukraine=>Turkey,0.3720871098885671,0.5677950083689612,evidence-side,"{""Somewhat favorable"": 0.21007942394995982, ""Somewhat unfavorable"": 0.13833853574711513, ""Very favorable"": 0.06734036529953694, ""Very unfavorable"": 0.5842416750033881}","{""Somewhat favorable"": 0.7058823529411765, ""Somewhat unfavorable"": 0.047058823529411764, ""Very favorable"": 0.23529411764705882, ""Very unfavorable"": 0.011764705882352941}","{""Somewhat favorable"": 0.08536585365853659, ""Somewhat unfavorable"": 0.24390243902439024, ""Very favorable"": 0.024390243902439025, ""Very unfavorable"": 0.6463414634146342}"
llama,Llama-3.1-8B-Instruct,Q0710,GAS,Kenya,Ukraine,Q0710::Kenya=>Ukraine,0.6263691370652761,0.5953591437589697,evidence-side,"{""About the same"": 0.0017399591109684062, ""Losing ground"": 0.9972796276436183, ""Making progress"": 0.0009804132454132445}","{""About the same"": 0.04040404040404041, ""Losing ground"": 0.06060606060606061, ""Making progress"": 0.898989898989899}","{""About the same"": 0.3, ""Losing ground"": 0.6444444444444445, ""Making progress"": 0.05555555555555555}"
llama,Llama-3.1-8B-Instruct,Q0710,GAS,Mali,Ukraine,Q0710::Mali=>Ukraine,0.6463268490715786,0.6312953194628691,evidence-side,"{""About the same"": 0.003211246614364356, ""Losing ground"": 0.995133315804128, ""Making progress"": 0.0016554375815076077}","{""About the same"": 0.08080808080808081, ""Losing ground"": 0.050505050505050504, ""Making progress"": 0.8686868686868687}","{""About the same"": 0.3, ""Losing ground"": 0.6444444444444445, ""Making progress"": 0.05555555555555555}"
llama,Llama-3.1-8B-Instruct,Q0710,GAS,Ukraine,Kenya,Q0710::Ukraine=>Kenya,0.7904650778357858,0.8838214185300037,evidence-side,"{""About the same"": 7.436552417919591e-06, ""Losing ground"": 3.6620613993980114e-05, ""Making progress"": 0.9999559428335881}","{""About the same"": 0.3, ""Losing ground"": 0.6444444444444445, ""Making progress"": 0.05555555555555555}","{""About the same"": 0.04040404040404041, ""Losing ground"": 0.06060606060606061, ""Making progress"": 0.898989898989899}"
llama,Llama-3.1-8B-Instruct,Q0710,GAS,Ukraine,Mali,Q0710::Ukraine=>Mali,0.7739110168008067,0.8641740722400758,evidence-side,"{""About the same"": 7.23745112059958e-06, ""Losing ground"": 4.114538001708311e-05, ""Making progress"": 0.9999516171688623}","{""About the same"": 0.3, ""Losing ground"": 0.6444444444444445, ""Making progress"": 0.05555555555555555}","{""About the same"": 0.08080808080808081, ""Losing ground"": 0.050505050505050504, ""Making progress"": 0.8686868686868687}"
llama,Llama-3.1-8B-Instruct,Q0739,GAS,Jordan,Turkey,Q0739::Jordan=>Turkey,0.6943858971270862,0.9008307072495657,evidence-side,"{""Favor"": 1.9458556395674928e-05, ""Oppose"": 0.9999805414436044}","{""Favor"": 0.8775510204081632, ""Oppose"": 0.12244897959183673}","{""Favor"": 0.052083333333333336, ""Oppose"": 0.9479166666666666}"
llama,Llama-3.1-8B-Instruct,Q0739,GAS,Turkey,Jordan,Q0739::Turkey=>Jordan,0.7862246715717937,0.8785503992528227,evidence-side,"{""Favor"": 0.9999366472554249, ""Oppose"": 6.33527445751128e-05}","{""Favor"": 0.052083333333333336, ""Oppose"": 0.9479166666666666}","{""Favor"": 0.8775510204081632, ""Oppose"": 0.12244897959183673}"
llama,Llama-3.1-8B-Instruct,Q0747,GAS,El Salvador,Jordan,Q0747::El Salvador=>Jordan,0.5063614582479984,0.5945573476183401,evidence-side,"{""Not important at all"": 0.8034577963622803, ""Not too important"": 0.1134856016656048, ""Somewhat important"": 0.02418576367972624, ""Very important"": 0.05887083829238863}","{""Not important at all"": 0.04040404040404041, ""Not too important"": 0.06060606060606061, ""Somewhat important"": 0.20202020202020202, ""Very important"": 0.696969696969697}","{""Not important at all"": 0.5368421052631579, ""Not too important"": 0.4105263157894737, ""Somewhat important"": 0.031578947368421054, ""Very important"": 0.021052631578947368}"
llama,Llama-3.1-8B-Instruct,Q0747,GAS,Jordan,El Salvador,Q0747::Jordan=>El Salvador,0.7548927675518095,0.6921765356698864,evidence-side,"{""Not important at all"": 2.7402744630182235e-06, ""Not too important"": 9.676797966691639e-06, ""Somewhat important"": 2.8861824036892447e-05, ""Very important"": 0.9999587211035335}","{""Not important at all"": 0.5368421052631579, ""Not too important"": 0.4105263157894737, ""Somewhat important"": 0.031578947368421054, ""Very important"": 0.021052631578947368}","{""Not important at all"": 0.04040404040404041, ""Not too important"": 0.06060606060606061, ""Somewhat important"": 0.20202020202020202, ""Very important"": 0.696969696969697}"
llama,Llama-3.1-8B-Instruct,Q0747,GAS,Jordan,Morocco,Q0747::Jordan=>Morocco,0.753274302987686,0.6624989784414472,evidence-side,"{""Not important at all"": 1.351326168073372e-06, ""Not too important"": 6.3214727442071925e-06, ""Somewhat important"": 2.357490936761106e-05, ""Very important"": 0.9999687522917201}","{""Not important at all"": 0.5368421052631579, ""Not too important"": 0.4105263157894737, ""Somewhat important"": 0.031578947368421054, ""Very important"": 0.021052631578947368}","{""Not important at all"": 0.027777777777777776, ""Not too important"": 0.041666666666666664, ""Somewhat important"": 0.2361111111111111, ""Very important"": 0.6944444444444444}"
llama,Llama-3.1-8B-Instruct,Q0747,GAS,Jordan,Venezuela,Q0747::Jordan=>Venezuela,0.6505916872187203,0.5698260306651395,evidence-side,"{""Not important at all"": 2.1207834118096557e-06, ""Not too important"": 1.2418084914614859e-05, ""Somewhat important"": 6.986675559588225e-05, ""Very important"": 0.9999155943760777}","{""Not important at all"": 0.5368421052631579, ""Not too important"": 0.4105263157894737, ""Somewhat important"": 0.031578947368421054, ""Very important"": 0.021052631578947368}","{""Not important at all"": 0.041237113402061855, ""Not too important"": 0.08247422680412371, ""Somewhat important"": 0.32989690721649484, ""Very important"": 0.5463917525773195}"
llama,Llama-3.1-8B-Instruct,Q0747,GAS,Morocco,Jordan,Q0747::Morocco=>Jordan,0.6728328602864981,0.7195129656568258,evidence-side,"{""Not important at all"": 0.25690708449594507, ""Not too important"": 0.7215121483523752, ""Somewhat important"": 0.010786925964033548, ""Very important"": 0.010793841187646128}","{""Not important at all"": 0.027777777777777776, ""Not too important"": 0.041666666666666664, ""Somewhat important"": 0.2361111111111111, ""Very important"": 0.6944444444444444}","{""Not important at all"": 0.5368421052631579, ""Not too important"": 0.4105263157894737, ""Somewhat important"": 0.031578947368421054, ""Very important"": 0.021052631578947368}"
llama,Llama-3.1-8B-Instruct,Q0747,GAS,Venezuela,Jordan,Q0747::Venezuela=>Jordan,0.5350648708931658,0.8290482534419499,evidence-side,"{""Not important at all"": 0.5762636667668706, ""Not too important"": 0.33105800865746154, ""Somewhat important"": 0.07528114988918493, ""Very important"": 0.01739717468648304}","{""Not important at all"": 0.041237113402061855, ""Not too important"": 0.08247422680412371, ""Somewhat important"": 0.32989690721649484, ""Very important"": 0.5463917525773195}","{""Not important at all"": 0.5368421052631579, ""Not too important"": 0.4105263157894737, ""Somewhat important"": 0.031578947368421054, ""Very important"": 0.021052631578947368}"
llama,Llama-3.1-8B-Instruct,Q0758,GAS,Egypt,Spain,Q0758::Egypt=>Spain,0.6218542399732053,0.9953309060173433,evidence-side,"{""No, not sympathetic"": 0.8373572553740842, ""Yes, sympathetic"": 0.1626427446259158}","{""No, not sympathetic"": 0.010101010101010102, ""Yes, sympathetic"": 0.98989898989899}","{""No, not sympathetic"": 0.8229166666666666, ""Yes, sympathetic"": 0.17708333333333334}"
llama,Llama-3.1-8B-Instruct,Q0758,GAS,Jordan,Spain,Q0758::Jordan=>Spain,0.8549129709324212,0.8838242504500543,evidence-side,"{""No, not sympathetic"": 0.9940537018763246, ""Yes, sympathetic"": 0.005946298123675373}","{""No, not sympathetic"": 0.01, ""Yes, sympathetic"": 0.99}","{""No, not sympathetic"": 0.8229166666666666, ""Yes, sympathetic"": 0.17708333333333334}"
llama,Llama-3.1-8B-Instruct,Q0758,GAS,Spain,Egypt,Q0758::Spain=>Egypt,0.63333972982098,0.9496911027775929,evidence-side,"{""No, not sympathetic"": 0.0005728162259825398, ""Yes, sympathetic"": 0.9994271837740175}","{""No, not sympathetic"": 0.8229166666666666, ""Yes, sympathetic"": 0.17708333333333334}","{""No, not sympathetic"": 0.010101010101010102, ""Yes, sympathetic"": 0.98989898989899}"
llama,Llama-3.1-8B-Instruct,Q0758,GAS,Spain,Jordan,Q0758::Spain=>Jordan,0.6219433694299087,0.976096172501085,evidence-side,"{""No, not sympathetic"": 0.003920025999229748, ""Yes, sympathetic"": 0.9960799740007703}","{""No, not sympathetic"": 0.8229166666666666, ""Yes, sympathetic"": 0.17708333333333334}","{""No, not sympathetic"": 0.01, ""Yes, sympathetic"": 0.99}"
llama,Llama-3.1-8B-Instruct,Q0817,GAS,El Salvador,Vietnam,Q0817::El Salvador=>Vietnam,0.7717393697050555,0.9090612280192639,evidence-side,"{""No"": 0.00564166239677246, ""Yes"": 0.9943583376032276}","{""No"": 0.9393939393939394, ""Yes"": 0.06060606060606061}","{""No"": 0.09473684210526316, ""Yes"": 0.9052631578947369}"
llama,Llama-3.1-8B-Instruct,Q0817,GAS,Jordan,Thailand,Q0817::Jordan=>Thailand,0.8093264668256093,0.8769048043795703,evidence-side,"{""No"": 5.9387630545731235e-05, ""Yes"": 0.9999406123694543}","{""No"": 0.96, ""Yes"": 0.04}","{""No"": 0.13, ""Yes"": 0.87}"
llama,Llama-3.1-8B-Instruct,Q0817,GAS,Jordan,Vietnam,Q0817::Jordan=>Vietnam,0.8285344330448456,0.8873341405501529,evidence-side,"{""No"": 4.597417319769042e-05, ""Yes"": 0.9999540258268024}","{""No"": 0.96, ""Yes"": 0.04}","{""No"": 0.09473684210526316, ""Yes"": 0.9052631578947369}"
llama,Llama-3.1-8B-Instruct,Q0817,GAS,Thailand,Jordan,Q0817::Thailand=>Jordan,0.6825913023843577,0.9252478206464229,evidence-side,"{""No"": 0.9976261261057151, ""Yes"": 0.0023738738942848986}","{""No"": 0.13, ""Yes"": 0.87}","{""No"": 0.96, ""Yes"": 0.04}"
llama,Llama-3.1-8B-Instruct,Q0817,GAS,Vietnam,El Salvador,Q0817::Vietnam=>El Salvador,0.7258808515738275,0.9212994581025071,evidence-side,"{""No"": 0.9954656681632288, ""Yes"": 0.004534331836771236}","{""No"": 0.09473684210526316, ""Yes"": 0.9052631578947369}","{""No"": 0.9393939393939394, ""Yes"": 0.06060606060606061}"
llama,Llama-3.1-8B-Instruct,Q0817,GAS,Vietnam,Jordan,Q0817::Vietnam=>Jordan,0.7440846055414159,0.9197376784491108,evidence-side,"{""No"": 0.9988370728857081, ""Yes"": 0.0011629271142919175}","{""No"": 0.09473684210526316, ""Yes"": 0.9052631578947369}","{""No"": 0.96, ""Yes"": 0.04}"
llama,Llama-3.1-8B-Instruct,Q0830,GAS,Jordan,United States,Q0830::Jordan=>United States,0.1012141122305022,0.16113208223722478,evidence-side,"{""Didn't try hard enough"": 0.5215311328400181, ""Tried very hard"": 0.4784688671599819}","{""Didn't try hard enough"": 0.9696969696969697, ""Tried very hard"": 0.030303030303030304}","{""Didn't try hard enough"": 0.14583333333333334, ""Tried very hard"": 0.8541666666666666}"
llama,Llama-3.1-8B-Instruct,Q0830,GAS,Palest. ter.,United States,Q0830::Palest. ter.=>United States,0.0841753696360206,0.12182698436614514,evidence-side,"{""Didn't try hard enough"": 0.564984685417116, ""Tried very hard"": 0.43501531458288395}","{""Didn't try hard enough"": 0.9895833333333334, ""Tried very hard"": 0.010416666666666666}","{""Didn't try hard enough"": 0.14583333333333334, ""Tried very hard"": 0.8541666666666666}"
llama,Llama-3.1-8B-Instruct,Q0830,GAS,United States,Jordan,Q0830::United States=>Jordan,0.634886059138854,0.9706457587774825,evidence-side,"{""Didn't try hard enough"": 0.9869881595228592, ""Tried very hard"": 0.013011840477140728}","{""Didn't try hard enough"": 0.14583333333333334, ""Tried very hard"": 0.8541666666666666}","{""Didn't try hard enough"": 0.9696969696969697, ""Tried very hard"": 0.030303030303030304}"
llama,Llama-3.1-8B-Instruct,Q0830,GAS,United States,Palest. ter.,Q0830::United States=>Palest. ter.,0.6164147213412321,0.935709043788367,evidence-side,"{""Didn't try hard enough"": 0.9797764745462804, ""Tried very hard"": 0.02022352545371973}","{""Didn't try hard enough"": 0.14583333333333334, ""Tried very hard"": 0.8541666666666666}","{""Didn't try hard enough"": 0.9895833333333334, ""Tried very hard"": 0.010416666666666666}"
llama,Llama-3.1-8B-Instruct,Q0868,GAS,France,Pakistan,Q0868::France=>Pakistan,0.380436236229036,0.42726905550435545,evidence-side,"{""Britain"": 0.010865749146638454, ""China"": 0.1503513595618986, ""France"": 0.07944250810573483, ""Germany"": 0.004134325246601611, ""Japan"": 0.009566666165895533, ""None of these (VOL)"": 0.6593547433483173, ""Russia"": 0.002765276421133117, ""United States"": 0.08351937200378057}","{""Britain"": 0.04040404040404041, ""China"": 0.020202020202020204, ""France"": 0.6565656565656566, ""Germany"": 0.08080808080808081, ""Japan"": 0.020202020202020204, ""None of these (VOL)"": 0.030303030303030304, ""Russia"": 0.030303030303030304, ""United States"": 0.12121212121212122}","{""Britain"": 0.024096385542168676, ""China"": 0.5060240963855422, ""France"": 0.012048192771084338, ""Germany"": 0.012048192771084338, ""Japan"": 0.04819277108433735, ""None of these (VOL)"": 0.32530120481927716, ""Russia"": 0.012048192771084338, ""United States"": 0.060240963855421686}"
llama,Llama-3.1-8B-Instruct,Q0868,GAS,Pakistan,France,Q0868::Pakistan=>France,0.7567535401972034,0.7143123220221118,evidence-side,"{""Britain"": 0.0013727262281150148, ""China"": 0.00013935425321579057, ""France"": 0.9692065445219331, ""Germany"": 0.00016949636829880583, ""Japan"": 0.0001608896813764257, ""None of these (VOL)"": 0.0002970048299890871, ""Russia"": 0.0012124159905214716, ""United States"": 0.02744156812655025}","{""Britain"": 0.024096385542168676, ""China"": 0.5060240963855422, ""France"": 0.012048192771084338, ""Germany"": 0.012048192771084338, ""Japan"": 0.04819277108433735, ""None of these (VOL)"": 0.32530120481927716, ""Russia"": 0.012048192771084338, ""United States"": 0.060240963855421686}","{""Britain"": 0.04040404040404041, ""China"": 0.020202020202020204, ""France"": 0.6565656565656566, ""Germany"": 0.08080808080808081, ""Japan"": 0.020202020202020204, ""None of these (VOL)"": 0.030303030303030304, ""Russia"": 0.030303030303030304, ""United States"": 0.12121212121212122}"
llama,Llama-3.1-8B-Instruct,Q0868,GAS,Pakistan,United States,Q0868::Pakistan=>United States,0.7114307985007465,0.7470401783185721,evidence-side,"{""Britain"": 0.0001739741109551494, ""China"": 2.7852332173497197e-06, ""France"": 0.00033514693149714426, ""Germany"": 4.4789269169834716e-06, ""Japan"": 8.945206518110047e-06, ""None of these (VOL)"": 2.1460113058719712e-05, ""Russia"": 2.4541383516670493e-05, ""United States"": 0.99942866809432}","{""Britain"": 0.024096385542168676, ""China"": 0.5060240963855422, ""France"": 0.012048192771084338, ""Germany"": 0.012048192771084338, ""Japan"": 0.04819277108433735, ""None of these (VOL)"": 0.32530120481927716, ""Russia"": 0.012048192771084338, ""United States"": 0.060240963855421686}","{""Britain"": 0.06382978723404256, ""China"": 0.010638297872340427, ""France"": 0.03191489361702128, ""Germany"": 0.021276595744680854, ""Japan"": 0.010638297872340427, ""None of these (VOL)"": 0.06382978723404256, ""Russia"": 0.021276595744680854, ""United States"": 0.7765957446808511}"
llama,Llama-3.1-8B-Instruct,Q0868,GAS,United States,Pakistan,Q0868::United States=>Pakistan,0.7242461303948553,0.7520812818343289,evidence-side,"{""Britain"": 6.933766784086664e-05, ""China"": 0.8259392846540854, ""France"": 0.003444508152054603, ""Germany"": 3.033943382472245e-05, ""Japan"": 1.5751693774715044e-05, ""None of these (VOL)"": 0.1698230553941659, ""Russia"": 4.8997665472087766e-05, ""United States"": 0.0006287253387818009}","{""Britain"": 0.06382978723404256, ""China"": 0.010638297872340427, ""France"": 0.03191489361702128, ""Germany"": 0.021276595744680854, ""Japan"": 0.010638297872340427, ""None of these (VOL)"": 0.06382978723404256, ""Russia"": 0.021276595744680854, ""United States"": 0.7765957446808511}","{""Britain"": 0.024096385542168676, ""China"": 0.5060240963855422, ""France"": 0.012048192771084338, ""Germany"": 0.012048192771084338, ""Japan"": 0.04819277108433735, ""None of these (VOL)"": 0.32530120481927716, ""Russia"": 0.012048192771084338, ""United States"": 0.060240963855421686}"
llama,Llama-3.1-8B-Instruct,Q0914,GAS,Netherlands,Vietnam,Q0914::Netherlands=>Vietnam,0.5895960248258708,0.9294389469813309,evidence-side,"{""No, does not respect personal freedoms"": 0.06255480920001205, ""Yes, respects personal freedoms"": 0.937445190799988}","{""No, does not respect personal freedoms"": 0.8969072164948454, ""Yes, respects personal freedoms"": 0.10309278350515463}","{""No, does not respect personal freedoms"": 0.0449438202247191, ""Yes, respects personal freedoms"": 0.9550561797752809}"
llama,Llama-3.1-8B-Instruct,Q0914,GAS,Poland,Vietnam,Q0914::Poland=>Vietnam,0.7540005629378385,0.9109791163027152,evidence-side,"{""No, does not respect personal freedoms"": 0.000414202966572913, ""Yes, respects personal freedoms"": 0.9995857970334271}","{""No, does not respect personal freedoms"": 0.9111111111111111, ""Yes, respects personal freedoms"": 0.08888888888888889}","{""No, does not respect personal freedoms"": 0.0449438202247191, ""Yes, respects personal freedoms"": 0.9550561797752809}"
llama,Llama-3.1-8B-Instruct,Q0914,GAS,Sweden,Vietnam,Q0914::Sweden=>Vietnam,0.5334391329989722,0.7307797893014418,evidence-side,"{""No, does not respect personal freedoms"": 0.13006081676148537, ""Yes, respects personal freedoms"": 0.8699391832385147}","{""No, does not respect personal freedoms"": 0.9381443298969073, ""Yes, respects personal freedoms"": 0.061855670103092786}","{""No, does not respect personal freedoms"": 0.0449438202247191, ""Yes, respects personal freedoms"": 0.9550561797752809}"
llama,Llama-3.1-8B-Instruct,Q0914,GAS,Vietnam,Netherlands,Q0914::Vietnam=>Netherlands,0.8098324372522242,0.8919854073718659,evidence-side,"{""No, does not respect personal freedoms"": 0.9985809706383622, ""Yes, respects personal freedoms"": 0.0014190293616378113}","{""No, does not respect personal freedoms"": 0.0449438202247191, ""Yes, respects personal freedoms"": 0.9550561797752809}","{""No, does not respect personal freedoms"": 0.8969072164948454, ""Yes, respects personal freedoms"": 0.10309278350515463}"
llama,Llama-3.1-8B-Instruct,Q0914,GAS,Vietnam,Poland,Q0914::Vietnam=>Poland,0.8186389545811502,0.8941087693118658,evidence-side,"{""No, does not respect personal freedoms"": 0.9992035960582317, ""Yes, respects personal freedoms"": 0.0007964039417683737}","{""No, does not respect personal freedoms"": 0.0449438202247191, ""Yes, respects personal freedoms"": 0.9550561797752809}","{""No, does not respect personal freedoms"": 0.9111111111111111, ""Yes, respects personal freedoms"": 0.08888888888888889}"
llama,Llama-3.1-8B-Instruct,Q0914,GAS,Vietnam,Sweden,Q0914::Vietnam=>Sweden,0.8327537129698978,0.905960597456843,evidence-side,"{""No, does not respect personal freedoms"": 0.9992176276925879, ""Yes, respects personal freedoms"": 0.0007823723074120462}","{""No, does not respect personal freedoms"": 0.0449438202247191, ""Yes, respects personal freedoms"": 0.9550561797752809}","{""No, does not respect personal freedoms"": 0.9381443298969073, ""Yes, respects personal freedoms"": 0.061855670103092786}"
llama,Llama-3.1-8B-Instruct,Q0956,GAS,Israel,Kuwait,Q0956::Israel=>Kuwait,0.7075430694031063,0.7674847671242321,evidence-side,"{""A lot of confidence"": 0.9020138597455407, ""No confidence at all"": 0.012783976923065894, ""Not too much confidence"": 0.018732701776345142, ""Some confidence"": 0.0664694615550483}","{""A lot of confidence"": 0.010309278350515464, ""No confidence at all"": 0.5876288659793815, ""Not too much confidence"": 0.3402061855670103, ""Some confidence"": 0.061855670103092786}","{""A lot of confidence"": 0.6129032258064516, ""No confidence at all"": 0.07526881720430108, ""Not too much confidence"": 0.03225806451612903, ""Some confidence"": 0.27956989247311825}"
llama,Llama-3.1-8B-Instruct,Q0956,GAS,Israel,Pakistan,Q0956::Israel=>Pakistan,0.7451499177916424,0.7446343818284076,evidence-side,"{""A lot of confidence"": 0.9236915647607292, ""No confidence at all"": 0.00620661941886944, ""Not too much confidence"": 0.010625937543593294, ""Some confidence"": 0.05947587827680808}","{""A lot of confidence"": 0.010309278350515464, ""No confidence at all"": 0.5876288659793815, ""Not too much confidence"": 0.3402061855670103, ""Some confidence"": 0.061855670103092786}","{""A lot of confidence"": 0.6363636363636364, ""No confidence at all"": 0.03896103896103896, ""Not too much confidence"": 0.025974025974025976, ""Some confidence"": 0.2987012987012987}"
llama,Llama-3.1-8B-Instruct,Q0956,GAS,Kuwait,Israel,Q0956::Kuwait=>Israel,0.6068974285943506,0.6499214152101823,evidence-side,"{""A lot of confidence"": 0.0029011285246997027, ""No confidence at all"": 0.9279725772851832, ""Not too much confidence"": 0.06417535624927448, ""Some confidence"": 0.0049509379408426545}","{""A lot of confidence"": 0.6129032258064516, ""No confidence at all"": 0.07526881720430108, ""Not too much confidence"": 0.03225806451612903, ""Some confidence"": 0.27956989247311825}","{""A lot of confidence"": 0.010309278350515464, ""No confidence at all"": 0.5876288659793815, ""Not too much confidence"": 0.3402061855670103, ""Some confidence"": 0.061855670103092786}"
llama,Llama-3.1-8B-Instruct,Q0956,GAS,Pakistan,Israel,Q0956::Pakistan=>Israel,0.6088406771653248,0.6598825062860894,evidence-side,"{""A lot of confidence"": 0.028167862341738122, ""No confidence at all"": 0.8613872468182466, ""Not too much confidence"": 0.08669678905632211, ""Some confidence"": 0.0237481017836931}","{""A lot of confidence"": 0.6363636363636364, ""No confidence at all"": 0.03896103896103896, ""Not too much confidence"": 0.025974025974025976, ""Some confidence"": 0.2987012987012987}","{""A lot of confidence"": 0.010309278350515464, ""No confidence at all"": 0.5876288659793815, ""Not too much confidence"": 0.3402061855670103, ""Some confidence"": 0.061855670103092786}"
llama,Llama-3.1-8B-Instruct,Q0990,GAS,Canada,Pakistan,Q0990::Canada=>Pakistan,0.7392676711283442,0.8880700857317363,evidence-side,"{""I dislike American music, movies and television"": 0.9996792644535434, ""I like American music, movies and television"": 0.00032073554645669055}","{""I dislike American music, movies and television"": 0.08333333333333334, ""I like American music, movies and television"": 0.9166666666666667}","{""I dislike American music, movies and television"": 0.9069767441860465, ""I like American music, movies and television"": 0.09302325581395349}"
llama,Llama-3.1-8B-Instruct,Q0990,GAS,Pakistan,Canada,Q0990::Pakistan=>Canada,0.7265191983697933,0.8921847737037624,evidence-side,"{""I dislike American music, movies and television"": 0.0004776418730663483, ""I like American music, movies and television"": 0.9995223581269337}","{""I dislike American music, movies and television"": 0.9069767441860465, ""I like American music, movies and television"": 0.09302325581395349}","{""I dislike American music, movies and television"": 0.08333333333333334, ""I like American music, movies and television"": 0.9166666666666667}"
llama,Llama-3.1-8B-Instruct,Q1024,GAS,Indonesia,Sweden,Q1024::Indonesia=>Sweden,0.7294973484708791,0.9071270592606034,evidence-side,"{""Homosexuality should be accepted by society"": 0.9995512976871385, ""Homosexuality should not be accepted by society"": 0.0004487023128615761}","{""Homosexuality should be accepted by society"": 0.10112359550561797, ""Homosexuality should not be accepted by society"": 0.8988764044943821}","{""Homosexuality should be accepted by society"": 0.9494949494949495, ""Homosexuality should not be accepted by society"": 0.050505050505050504}"
llama,Llama-3.1-8B-Instruct,Q1024,GAS,Netherlands,Nigeria,Q1024::Netherlands=>Nigeria,0.6957950834164086,0.9629657015121669,evidence-side,"{""Homosexuality should be accepted by society"": 0.02877922837822238, ""Homosexuality should not be accepted by society"": 0.9712207716217777}","{""Homosexuality should be accepted by society"": 0.92, ""Homosexuality should not be accepted by society"": 0.08}","{""Homosexuality should be accepted by society"": 0.07142857142857144, ""Homosexuality should not be accepted by society"": 0.9285714285714286}"
llama,Llama-3.1-8B-Instruct,Q1024,GAS,Nigeria,Netherlands,Q1024::Nigeria=>Netherlands,0.7638382118578592,0.9048819386215442,evidence-side,"{""Homosexuality should be accepted by society"": 0.9974027630162807, ""Homosexuality should not be accepted by society"": 0.0025972369837192837}","{""Homosexuality should be accepted by society"": 0.07142857142857144, ""Homosexuality should not be accepted by society"": 0.9285714285714286}","{""Homosexuality should be accepted by society"": 0.92, ""Homosexuality should not be accepted by society"": 0.08}"
llama,Llama-3.1-8B-Instruct,Q1024,GAS,Nigeria,Sweden,Q1024::Nigeria=>Sweden,0.7813731294450028,0.9150026125261405,evidence-side,"{""Homosexuality should be accepted by society"": 0.9985718766637358, ""Homosexuality should not be accepted by society"": 0.0014281233362642039}","{""Homosexuality should be accepted by society"": 0.07142857142857144, ""Homosexuality should not be accepted by society"": 0.9285714285714286}","{""Homosexuality should be accepted by society"": 0.9494949494949495, ""Homosexuality should not be accepted by society"": 0.050505050505050504}"
llama,Llama-3.1-8B-Instruct,Q1024,GAS,Sweden,Indonesia,Q1024::Sweden=>Indonesia,-0.5124829084228137,-0.8055158880193002,label-side,"{""Homosexuality should be accepted by society"": 0.8942776992654949, ""Homosexuality should not be accepted by society"": 0.10572230073450509}","{""Homosexuality should be accepted by society"": 0.9494949494949495, ""Homosexuality should not be accepted by society"": 0.050505050505050504}","{""Homosexuality should be accepted by society"": 0.10112359550561797, ""Homosexuality should not be accepted by society"": 0.8988764044943821}"
llama,Llama-3.1-8B-Instruct,Q1024,GAS,Sweden,Nigeria,Q1024::Sweden=>Nigeria,-0.5803927401520329,-0.8441358416021236,label-side,"{""Homosexuality should be accepted by society"": 0.904064872565489, ""Homosexuality should not be accepted by society"": 0.09593512743451106}","{""Homosexuality should be accepted by society"": 0.9494949494949495, ""Homosexuality should not be accepted by society"": 0.050505050505050504}","{""Homosexuality should be accepted by society"": 0.07142857142857144, ""Homosexuality should not be accepted by society"": 0.9285714285714286}"
llama,Llama-3.1-8B-Instruct,Q1035,GAS,Ghana,Sweden,Q1035::Ghana=>Sweden,0.899777741666498,0.8976222635492475,evidence-side,"{""Necessary to believe in God to be moral/have good values"": 0.0027068225426203664, ""Not necessary to believe in God to be moral/have good values"": 0.9972931774573797}","{""Necessary to believe in God to be moral/have good values"": 0.99, ""Not necessary to believe in God to be moral/have good values"": 0.01}","{""Necessary to believe in God to be moral/have good values"": 0.10416666666666667, ""Not necessary to believe in God to be moral/have good values"": 0.8958333333333334}"
llama,Llama-3.1-8B-Instruct,Q1035,GAS,Indonesia,Sweden,Q1035::Indonesia=>Sweden,0.8879674907082564,0.9132666693621527,evidence-side,"{""Necessary to believe in God to be moral/have good values"": 0.008476910887632656, ""Not necessary to believe in God to be moral/have good values"": 0.9915230891123673}","{""Necessary to believe in God to be moral/have good values"": 0.99, ""Not necessary to believe in God to be moral/have good values"": 0.01}","{""Necessary to believe in God to be moral/have good values"": 0.10416666666666667, ""Not necessary to believe in God to be moral/have good values"": 0.8958333333333334}"
llama,Llama-3.1-8B-Instruct,Q1035,GAS,Pakistan,Sweden,Q1035::Pakistan=>Sweden,0.8708726683636886,0.9290160456592185,evidence-side,"{""Necessary to believe in God to be moral/have good values"": 0.01681832188266543, ""Not necessary to believe in God to be moral/have good values"": 0.9831816781173346}","{""Necessary to believe in God to be moral/have good values"": 0.98989898989899, ""Not necessary to believe in God to be moral/have good values"": 0.010101010101010102}","{""Necessary to believe in God to be moral/have good values"": 0.10416666666666667, ""Not necessary to believe in God to be moral/have good values"": 0.8958333333333334}"
llama,Llama-3.1-8B-Instruct,Q1035,GAS,Sweden,Ghana,Q1035::Sweden=>Ghana,-0.8280323396181778,-0.9568335169131726,label-side,"{""Necessary to believe in God to be moral/have good values"": 0.039101934301600944, ""Not necessary to believe in God to be moral/have good values"": 0.9608980656983991}","{""Necessary to believe in God to be moral/have good values"": 0.10416666666666667, ""Not necessary to believe in God to be moral/have good values"": 0.8958333333333334}","{""Necessary to believe in God to be moral/have good values"": 0.99, ""Not necessary to believe in God to be moral/have good values"": 0.01}"
llama,Llama-3.1-8B-Instruct,Q1035,GAS,Sweden,Indonesia,Q1035::Sweden=>Indonesia,-0.8280323396181778,-0.9568335169131726,label-side,"{""Necessary to believe in God to be moral/have good values"": 0.039101934301600944, ""Not necessary to believe in God to be moral/have good values"": 0.9608980656983991}","{""Necessary to believe in God to be moral/have good values"": 0.10416666666666667, ""Not necessary to believe in God to be moral/have good values"": 0.8958333333333334}","{""Necessary to believe in God to be moral/have good values"": 0.99, ""Not necessary to believe in God to be moral/have good values"": 0.01}"
llama,Llama-3.1-8B-Instruct,Q1035,GAS,Sweden,Pakistan,Q1035::Sweden=>Pakistan,-0.7931931770803057,-0.9728207071274142,label-side,"{""Necessary to believe in God to be moral/have good values"": 0.057708012740302135, ""Not necessary to believe in God to be moral/have good values"": 0.9422919872596979}","{""Necessary to believe in God to be moral/have good values"": 0.10416666666666667, ""Not necessary to believe in God to be moral/have good values"": 0.8958333333333334}","{""Necessary to believe in God to be moral/have good values"": 0.98989898989899, ""Not necessary to believe in God to be moral/have good values"": 0.010101010101010102}"
llama,Llama-3.1-8B-Instruct,Q1094,GAS,Jordan,Uzbekistan,Q1094::Jordan=>Uzbekistan,0.7343434727372339,0.9252807015617129,evidence-side,"{""I favor the US-led efforts to fight terrorism"": 0.9941125103649782, ""I oppose the US-led efforts to fight terrorism"": 0.00588748963502187}","{""I favor the US-led efforts to fight terrorism"": 0.08791208791208792, ""I oppose the US-led efforts to fight terrorism"": 0.9120879120879121}","{""I favor the US-led efforts to fight terrorism"": 0.9381443298969072, ""I oppose the US-led efforts to fight terrorism"": 0.061855670103092786}"
llama,Llama-3.1-8B-Instruct,Q1094,GAS,Palest. ter.,Uzbekistan,Q1094::Palest. ter.=>Uzbekistan,0.6965279270232437,0.9363778184133829,evidence-side,"{""I favor the US-led efforts to fight terrorism"": 0.9899474225529137, ""I oppose the US-led efforts to fight terrorism"": 0.010052577447086354}","{""I favor the US-led efforts to fight terrorism"": 0.10416666666666667, ""I oppose the US-led efforts to fight terrorism"": 0.8958333333333334}","{""I favor the US-led efforts to fight terrorism"": 0.9381443298969072, ""I oppose the US-led efforts to fight terrorism"": 0.061855670103092786}"
llama,Llama-3.1-8B-Instruct,Q1094,GAS,Uzbekistan,Jordan,Q1094::Uzbekistan=>Jordan,0.6962350158477281,0.9701202994077691,evidence-side,"{""I favor the US-led efforts to fight terrorism"": 0.04412423625640839, ""I oppose the US-led efforts to fight terrorism"": 0.9558757637435916}","{""I favor the US-led efforts to fight terrorism"": 0.9381443298969072, ""I oppose the US-led efforts to fight terrorism"": 0.061855670103092786}","{""I favor the US-led efforts to fight terrorism"": 0.08791208791208792, ""I oppose the US-led efforts to fight terrorism"": 0.9120879120879121}"
llama,Llama-3.1-8B-Instruct,Q1094,GAS,Uzbekistan,Palest. ter.,Q1094::Uzbekistan=>Palest. ter.,0.703218448360434,0.9562164819442053,evidence-side,"{""I favor the US-led efforts to fight terrorism"": 0.0380366976634751, ""I oppose the US-led efforts to fight terrorism"": 0.9619633023365249}","{""I favor the US-led efforts to fight terrorism"": 0.9381443298969072, ""I oppose the US-led efforts to fight terrorism"": 0.061855670103092786}","{""I favor the US-led efforts to fight terrorism"": 0.10416666666666667, ""I oppose the US-led efforts to fight terrorism"": 0.8958333333333334}"
llama,Llama-3.1-8B-Instruct,Q1110,GAS,Sweden,Vietnam,Q1110::Sweden=>Vietnam,0.32909498333998904,0.5061191923801254,evidence-side,"{""Somewhat bad"": 0.33212365979165254, ""Somewhat good"": 0.3797980841776876, ""Very bad"": 0.12745322301773496, ""Very good"": 0.1606250330129249}","{""Somewhat bad"": 0.19191919191919193, ""Somewhat good"": 0.030303030303030304, ""Very bad"": 0.7676767676767677, ""Very good"": 0.010101010101010102}","{""Somewhat bad"": 0.20652173913043478, ""Somewhat good"": 0.44565217391304346, ""Very bad"": 0.03260869565217391, ""Very good"": 0.31521739130434784}"
llama,Llama-3.1-8B-Instruct,Q1110,GAS,Vietnam,Sweden,Q1110::Vietnam=>Sweden,0.7656729479681548,0.7816166179454838,evidence-side,"{""Somewhat bad"": 0.0034197312015195698, ""Somewhat good"": 0.00032063190857434606, ""Very bad"": 0.9961039855602557, ""Very good"": 0.00015565132965037834}","{""Somewhat bad"": 0.20652173913043478, ""Somewhat good"": 0.44565217391304346, ""Very bad"": 0.03260869565217391, ""Very good"": 0.31521739130434784}","{""Somewhat bad"": 0.19191919191919193, ""Somewhat good"": 0.030303030303030304, ""Very bad"": 0.7676767676767677, ""Very good"": 0.010101010101010102}"
llama,Llama-3.1-8B-Instruct,Q1139,GAS,Kenya,Palest. ter.,Q1139::Kenya=>Palest. ter.,0.6154359884578113,0.8531140561670074,evidence-side,"{""Somewhat bad"": 0.3214618831989663, ""Somewhat good"": 0.0688903193761287, ""Very bad"": 0.5781002309143664, ""Very good"": 0.03154756651053872}","{""Somewhat bad"": 0.04081632653061224, ""Somewhat good"": 0.42857142857142855, ""Very bad"": 0.01020408163265306, ""Very good"": 0.5204081632653061}","{""Somewhat bad"": 0.3125, ""Somewhat good"": 0.17708333333333334, ""Very bad"": 0.5, ""Very good"": 0.010416666666666666}"
llama,Llama-3.1-8B-Instruct,Q1139,GAS,Palest. ter.,Kenya,Q1139::Palest. ter.=>Kenya,0.6774516151740355,0.7219835721425771,evidence-side,"{""Somewhat bad"": 0.004926620961155692, ""Somewhat good"": 0.11197421421156704, ""Very bad"": 0.0005981961070428262, ""Very good"": 0.8825009687202344}","{""Somewhat bad"": 0.3125, ""Somewhat good"": 0.17708333333333334, ""Very bad"": 0.5, ""Very good"": 0.010416666666666666}","{""Somewhat bad"": 0.04081632653061224, ""Somewhat good"": 0.42857142857142855, ""Very bad"": 0.01020408163265306, ""Very good"": 0.5204081632653061}"
llama,Llama-3.1-8B-Instruct,Q1139,GAS,Palest. ter.,Uganda,Q1139::Palest. ter.=>Uganda,0.6934534190563223,0.8092812303905139,evidence-side,"{""Somewhat bad"": 0.004100668056440072, ""Somewhat good"": 0.18580770488456516, ""Very bad"": 0.0007058715544282642, ""Very good"": 0.8093857555045665}","{""Somewhat bad"": 0.3125, ""Somewhat good"": 0.17708333333333334, ""Very bad"": 0.5, ""Very good"": 0.010416666666666666}","{""Somewhat bad"": 0.03614457831325301, ""Somewhat good"": 0.40963855421686746, ""Very bad"": 0.012048192771084338, ""Very good"": 0.5421686746987951}"
llama,Llama-3.1-8B-Instruct,Q1139,GAS,Uganda,Palest. ter.,Q1139::Uganda=>Palest. ter.,0.48156781287420164,0.7279713206605042,evidence-side,"{""Somewhat bad"": 0.42396733003192283, ""Somewhat good"": 0.24066515114891165, ""Very bad"": 0.3180563277011915, ""Very good"": 0.017311191117973967}","{""Somewhat bad"": 0.03614457831325301, ""Somewhat good"": 0.40963855421686746, ""Very bad"": 0.012048192771084338, ""Very good"": 0.5421686746987951}","{""Somewhat bad"": 0.3125, ""Somewhat good"": 0.17708333333333334, ""Very bad"": 0.5, ""Very good"": 0.010416666666666666}"
llama,Llama-3.1-8B-Instruct,Q1155,GAS,Indonesia,Sweden,Q1155::Indonesia=>Sweden,0.8475127883283966,0.9333555264106671,evidence-side,"{""It is necessary to believe in God in order to be moral and have good values"": 0.015740943737131502, ""It is not necessary to believe in God in order to be moral and have good values"": 0.9842590562628685}","{""It is necessary to believe in God in order to be moral and have good values"": 0.9795918367346939, ""It is not necessary to believe in God in order to be moral and have good values"": 0.020408163265306124}","{""It is necessary to believe in God in order to be moral and have good values"": 0.09090909090909091, ""It is not necessary to believe in God in order to be moral and have good values"": 0.9090909090909092}"
llama,Llama-3.1-8B-Instruct,Q1155,GAS,Kenya,Sweden,Q1155::Kenya=>Sweden,0.8075248851179988,0.8895720610931871,evidence-side,"{""It is necessary to believe in God in order to be moral and have good values"": 0.00021477732373243304, ""It is not necessary to believe in God in order to be moral and have good values"": 0.9997852226762676}","{""It is necessary to believe in God in order to be moral and have good values"": 0.95, ""It is not necessary to believe in God in order to be moral and have good values"": 0.05}","{""It is necessary to believe in God in order to be moral and have good values"": 0.09090909090909091, ""It is not necessary to believe in God in order to be moral and have good values"": 0.9090909090909092}"
llama,Llama-3.1-8B-Instruct,Q1155,GAS,Philippines,Sweden,Q1155::Philippines=>Sweden,0.8012136101226,0.9302028566961572,evidence-side,"{""It is necessary to believe in God in order to be moral and have good values"": 0.014081728259920925, ""It is not necessary to believe in God in order to be moral and have good values"": 0.9859182717400791}","{""It is necessary to believe in God in order to be moral and have good values"": 0.96, ""It is not necessary to believe in God in order to be moral and have good values"": 0.04}","{""It is necessary to believe in God in order to be moral and have good values"": 0.09090909090909091, ""It is not necessary to believe in God in order to be moral and have good values"": 0.9090909090909092}"
llama,Llama-3.1-8B-Instruct,Q1155,GAS,Sweden,Indonesia,Q1155::Sweden=>Indonesia,0.24130537824227544,0.3179786667117985,evidence-side,"{""It is necessary to believe in God in order to be moral and have good values"": 0.7365771710351875, ""It is not necessary to believe in God in order to be moral and have good values"": 0.26342282896481245}","{""It is necessary to believe in God in order to be moral and have good values"": 0.09090909090909091, ""It is not necessary to believe in God in order to be moral and have good values"": 0.9090909090909092}","{""It is necessary to believe in God in order to be moral and have good values"": 0.9795918367346939, ""It is not necessary to believe in God in order to be moral and have good values"": 0.020408163265306124}"
llama,Llama-3.1-8B-Instruct,Q1155,GAS,Sweden,Kenya,Q1155::Sweden=>Kenya,0.5446383533627053,0.8338956826107528,evidence-side,"{""It is necessary to believe in God in order to be moral and have good values"": 0.9030361477632478, ""It is not necessary to believe in God in order to be moral and have good values"": 0.09696385223675216}","{""It is necessary to believe in God in order to be moral and have good values"": 0.09090909090909091, ""It is not necessary to believe in God in order to be moral and have good values"": 0.9090909090909092}","{""It is necessary to believe in God in order to be moral and have good values"": 0.95, ""It is not necessary to believe in God in order to be moral and have good values"": 0.05}"
llama,Llama-3.1-8B-Instruct,Q1155,GAS,Sweden,Philippines,Q1155::Sweden=>Philippines,0.5183161877417005,0.7586514485869958,evidence-side,"{""It is necessary to believe in God in order to be moral and have good values"": 0.8908108602984904, ""It is not necessary to believe in God in order to be moral and have good values"": 0.1091891397015096}","{""It is necessary to believe in God in order to be moral and have good values"": 0.09090909090909091, ""It is not necessary to believe in God in order to be moral and have good values"": 0.9090909090909092}","{""It is necessary to believe in God in order to be moral and have good values"": 0.96, ""It is not necessary to believe in God in order to be moral and have good values"": 0.04}"
llama,Llama-3.1-8B-Instruct,Q1223,GAS,Germany,Pakistan,Q1223::Germany=>Pakistan,0.7271278365358362,0.9521029082176918,evidence-side,"{""No, does not respect personal freedoms"": 0.054262317430462385, ""Yes, respects personal freedoms"": 0.9457376825695376}","{""No, does not respect personal freedoms"": 0.9680851063829787, ""Yes, respects personal freedoms"": 0.031914893617021274}","{""No, does not respect personal freedoms"": 0.14925373134328357, ""Yes, respects personal freedoms"": 0.8507462686567164}"
llama,Llama-3.1-8B-Instruct,Q1223,GAS,Italy,Pakistan,Q1223::Italy=>Pakistan,0.7387872740420414,0.9702507051491732,evidence-side,"{""No, does not respect personal freedoms"": 0.0825575364522575, ""Yes, respects personal freedoms"": 0.9174424635477425}","{""No, does not respect personal freedoms"": 0.9888888888888889, ""Yes, respects personal freedoms"": 0.011111111111111112}","{""No, does not respect personal freedoms"": 0.14925373134328357, ""Yes, respects personal freedoms"": 0.8507462686567164}"
llama,Llama-3.1-8B-Instruct,Q1223,GAS,Pakistan,Germany,Q1223::Pakistan=>Germany,0.5442722908724505,0.915834169902357,evidence-side,"{""No, does not respect personal freedoms"": 0.9500408422345974, ""Yes, respects personal freedoms"": 0.04995915776540264}","{""No, does not respect personal freedoms"": 0.14925373134328357, ""Yes, respects personal freedoms"": 0.8507462686567164}","{""No, does not respect personal freedoms"": 0.9680851063829787, ""Yes, respects personal freedoms"": 0.031914893617021274}"
llama,Llama-3.1-8B-Instruct,Q1223,GAS,Pakistan,Italy,Q1223::Pakistan=>Italy,0.5802985985108775,0.8789934891896266,evidence-side,"{""No, does not respect personal freedoms"": 0.9681065340994974, ""Yes, respects personal freedoms"": 0.03189346590050257}","{""No, does not respect personal freedoms"": 0.14925373134328357, ""Yes, respects personal freedoms"": 0.8507462686567164}","{""No, does not respect personal freedoms"": 0.9888888888888889, ""Yes, respects personal freedoms"": 0.011111111111111112}"
llama,Llama-3.1-8B-Instruct,Q1223,GAS,Pakistan,Spain,Q1223::Pakistan=>Spain,0.529420186566882,0.838680783851594,evidence-side,"{""No, does not respect personal freedoms"": 0.9446522619668183, ""Yes, respects personal freedoms"": 0.055347738033181694}","{""No, does not respect personal freedoms"": 0.14925373134328357, ""Yes, respects personal freedoms"": 0.8507462686567164}","{""No, does not respect personal freedoms"": 0.9787234042553191, ""Yes, respects personal freedoms"": 0.02127659574468085}"
llama,Llama-3.1-8B-Instruct,Q1223,GAS,Spain,Pakistan,Q1223::Spain=>Pakistan,0.8460642147671663,0.873363153545606,evidence-side,"{""No, does not respect personal freedoms"": 0.00020257107619952, ""Yes, respects personal freedoms"": 0.9997974289238005}","{""No, does not respect personal freedoms"": 0.9787234042553191, ""Yes, respects personal freedoms"": 0.02127659574468085}","{""No, does not respect personal freedoms"": 0.14925373134328357, ""Yes, respects personal freedoms"": 0.8507462686567164}"
llama,Llama-3.1-8B-Instruct,Q1262,WVS,Germany,Peru,Q1262::Germany=>Peru,0.470797540406953,0.4631655433847737,evidence-side,"{""All of them"": 0.0011157209743188445, ""Few of them"": 0.03140329080656191, ""Most of them"": 0.9587341897417871, ""None of them"": 0.008746798477332183}","{""All of them"": 0.007709251101321585, ""Few of them"": 0.6563876651982379, ""Most of them"": 0.06387665198237885, ""None of them"": 0.2720264317180617}","{""All of them"": 0.35721493440968716, ""Few of them"": 0.10595358224016144, ""Most of them"": 0.5327951564076691, ""None of them"": 0.004036326942482341}"
llama,Llama-3.1-8B-Instruct,Q1262,WVS,Peru,Germany,Q1262::Peru=>Germany,0.27352233757059685,0.3639710713143201,evidence-side,"{""All of them"": 0.004837081282964275, ""Few of them"": 0.7214485513842384, ""Most of them"": 0.2436353432679497, ""None of them"": 0.030079024064847706}","{""All of them"": 0.35721493440968716, ""Few of them"": 0.10595358224016144, ""Most of them"": 0.5327951564076691, ""None of them"": 0.004036326942482341}","{""All of them"": 0.007709251101321585, ""Few of them"": 0.6563876651982379, ""Most of them"": 0.06387665198237885, ""None of them"": 0.2720264317180617}"
llama,Llama-3.1-8B-Instruct,Q1321,WVS,Greece,Vietnam,Q1321::Greece=>Vietnam,0.7647440333819006,0.9063641896064604,evidence-side,"{""A great deal"": 0.3101310127719231, ""None at all"": 0.004389020300897869, ""Not very much"": 0.007530590340581353, ""Quite a lot"": 0.6779493765865977}","{""A great deal"": 0.0031315240083507304, ""None at all"": 0.5960334029227558, ""Not very much"": 0.33924843423799583, ""Quite a lot"": 0.0615866388308977}","{""A great deal"": 0.22752808988764048, ""None at all"": 0.019662921348314606, ""Not very much"": 0.05898876404494383, ""Quite a lot"": 0.6938202247191011}"
llama,Llama-3.1-8B-Instruct,Q1321,WVS,Tunisia,Vietnam,Q1321::Tunisia=>Vietnam,0.6679817363303798,0.746466730223393,evidence-side,"{""A great deal"": 0.05118170090227617, ""None at all"": 0.0002717822111824839, ""Not very much"": 0.0027376876241376464, ""Quite a lot"": 0.9458088292624037}","{""A great deal"": 0.019583843329253364, ""None at all"": 0.5716034271725826, ""Not very much"": 0.33047735618115054, ""Quite a lot"": 0.07833537331701346}","{""A great deal"": 0.22752808988764048, ""None at all"": 0.019662921348314606, ""Not very much"": 0.05898876404494383, ""Quite a lot"": 0.6938202247191011}"
llama,Llama-3.1-8B-Instruct,Q1321,WVS,Vietnam,Greece,Q1321::Vietnam=>Greece,0.6737264056019274,0.7959734442073827,evidence-side,"{""A great deal"": 0.02219192976843184, ""None at all"": 0.7812740462107199, ""Not very much"": 0.1753348574459897, ""Quite a lot"": 0.021199166574858586}","{""A great deal"": 0.22752808988764048, ""None at all"": 0.019662921348314606, ""Not very much"": 0.05898876404494383, ""Quite a lot"": 0.6938202247191011}","{""A great deal"": 0.0031315240083507304, ""None at all"": 0.5960334029227558, ""Not very much"": 0.33924843423799583, ""Quite a lot"": 0.0615866388308977}"
llama,Llama-3.1-8B-Instruct,Q1321,WVS,Vietnam,Tunisia,Q1321::Vietnam=>Tunisia,0.604053396776008,0.796843872764034,evidence-side,"{""A great deal"": 0.042343836378911245, ""None at all"": 0.7504622545359129, ""Not very much"": 0.1652734094860811, ""Quite a lot"": 0.04192049959909474}","{""A great deal"": 0.22752808988764048, ""None at all"": 0.019662921348314606, ""Not very much"": 0.05898876404494383, ""Quite a lot"": 0.6938202247191011}","{""A great deal"": 0.019583843329253364, ""None at all"": 0.5716034271725826, ""Not very much"": 0.33047735618115054, ""Quite a lot"": 0.07833537331701346}"
llama,Llama-3.1-8B-Instruct,Q1322,WVS,China,Maldives,Q1322::China=>Maldives,0.8697913503940963,0.8822606949912061,evidence-side,"{""Agree"": 5.076284170805479e-06, ""Disagree"": 5.334249588092534e-05, ""Strongly agree"": 0.9997771587702615, ""Strongly disagree"": 0.00016442244968678329}","{""Agree"": 0.09674134419551934, ""Disagree"": 0.4562118126272912, ""Strongly agree"": 0.029531568228105903, ""Strongly disagree"": 0.4175152749490835}","{""Agree"": 0.03811434302908726, ""Disagree"": 0.01805416248746239, ""Strongly agree"": 0.9358074222668004, ""Strongly disagree"": 0.00802407221664995}"
llama,Llama-3.1-8B-Instruct,Q1322,WVS,Maldives,China,Q1322::Maldives=>China,0.6884651035007563,0.6181755745726623,evidence-side,"{""Agree"": 0.011700201895196976, ""Disagree"": 0.8492067484535863, ""Strongly agree"": 0.020665490800253365, ""Strongly disagree"": 0.1184275588509633}","{""Agree"": 0.03811434302908726, ""Disagree"": 0.01805416248746239, ""Strongly agree"": 0.9358074222668004, ""Strongly disagree"": 0.00802407221664995}","{""Agree"": 0.09674134419551934, ""Disagree"": 0.4562118126272912, ""Strongly agree"": 0.029531568228105903, ""Strongly disagree"": 0.4175152749490835}"
llama,Llama-3.1-8B-Instruct,Q1322,WVS,Maldives,South Korea,Q1322::Maldives=>South Korea,0.6385012868772035,0.5083660493655406,evidence-side,"{""Agree"": 0.0075057172381669535, ""Disagree"": 0.952102855021655, ""Strongly agree"": 0.008270947506305205, ""Strongly disagree"": 0.03212048023387284}","{""Agree"": 0.03811434302908726, ""Disagree"": 0.01805416248746239, ""Strongly agree"": 0.9358074222668004, ""Strongly disagree"": 0.00802407221664995}","{""Agree"": 0.2, ""Disagree"": 0.47600000000000003, ""Strongly agree"": 0.015, ""Strongly disagree"": 0.309}"
llama,Llama-3.1-8B-Instruct,Q1322,WVS,Maldives,Taiwan ROC,Q1322::Maldives=>Taiwan ROC,0.751539079894572,0.7044946500107427,evidence-side,"{""Agree"": 0.006759510214862605, ""Disagree"": 0.8798299610895292, ""Strongly agree"": 0.016699215627813763, ""Strongly disagree"": 0.09671131306779455}","{""Agree"": 0.03811434302908726, ""Disagree"": 0.01805416248746239, ""Strongly agree"": 0.9358074222668004, ""Strongly disagree"": 0.00802407221664995}","{""Agree"": 0.10810810810810811, ""Disagree"": 0.5965965965965966, ""Strongly agree"": 0.02602602602602603, ""Strongly disagree"": 0.2692692692692693}"
llama,Llama-3.1-8B-Instruct,Q1322,WVS,South Korea,Maldives,Q1322::South Korea=>Maldives,0.9086017059352314,0.8994340227303226,evidence-side,"{""Agree"": 0.0011781938694372554, ""Disagree"": 3.517379915802161e-05, ""Strongly agree"": 0.9987399116268323, ""Strongly disagree"": 4.672070457247908e-05}","{""Agree"": 0.2, ""Disagree"": 0.47600000000000003, ""Strongly agree"": 0.015, ""Strongly disagree"": 0.309}","{""Agree"": 0.03811434302908726, ""Disagree"": 0.01805416248746239, ""Strongly agree"": 0.9358074222668004, ""Strongly disagree"": 0.00802407221664995}"
llama,Llama-3.1-8B-Instruct,Q1322,WVS,Taiwan ROC,Maldives,Q1322::Taiwan ROC=>Maldives,0.8780600071413038,0.8862536962551681,evidence-side,"{""Agree"": 8.918086876972955e-06, ""Disagree"": 0.00022899633295964618, ""Strongly agree"": 0.999470749289643, ""Strongly disagree"": 0.000291336290520466}","{""Agree"": 0.10810810810810811, ""Disagree"": 0.5965965965965966, ""Strongly agree"": 0.02602602602602603, ""Strongly disagree"": 0.2692692692692693}","{""Agree"": 0.03811434302908726, ""Disagree"": 0.01805416248746239, ""Strongly agree"": 0.9358074222668004, ""Strongly disagree"": 0.00802407221664995}"
llama,Llama-3.1-8B-Instruct,Q1333,WVS,Lebanon,Vietnam,Q1333::Lebanon=>Vietnam,0.6832214099512791,0.8853325313306745,evidence-side,"{""A great deal"": 0.432350829617764, ""None at all"": 0.00257524930945915, ""Not very much"": 0.0037725162978210873, ""Quite a lot"": 0.5613014047749557}","{""A great deal"": 0.01725997842502697, ""None at all"": 0.4832793959007551, ""Not very much"": 0.39374325782092773, ""Quite a lot"": 0.1057173678532902}","{""A great deal"": 0.3057851239669422, ""None at all"": 0.011019283746556474, ""Not very much"": 0.045454545454545456, ""Quite a lot"": 0.6377410468319559}"
llama,Llama-3.1-8B-Instruct,Q1333,WVS,Peru,Vietnam,Q1333::Peru=>Vietnam,0.5318690958155219,0.5352750949345114,evidence-side,"{""A great deal"": 0.0006622603871982963, ""None at all"": 0.002871443455987862, ""Not very much"": 0.013582359227675528, ""Quite a lot"": 0.9828839369291383}","{""A great deal"": 0.020986358866736624, ""None at all"": 0.5697796432318992, ""Not very much"": 0.31689401888772295, ""Quite a lot"": 0.09233997901364115}","{""A great deal"": 0.3057851239669422, ""None at all"": 0.011019283746556474, ""Not very much"": 0.045454545454545456, ""Quite a lot"": 0.6377410468319559}"
llama,Llama-3.1-8B-Instruct,Q1333,WVS,Serbia,Vietnam,Q1333::Serbia=>Vietnam,0.5398862012461398,0.5683063490155408,evidence-side,"{""A great deal"": 0.015553888941220567, ""None at all"": 0.005009270516665588, ""Not very much"": 0.000701462923562072, ""Quite a lot"": 0.9787353776185518}","{""A great deal"": 0.016816143497757848, ""None at all"": 0.492152466367713, ""Not very much"": 0.38116591928251126, ""Quite a lot"": 0.10986547085201794}","{""A great deal"": 0.3057851239669422, ""None at all"": 0.011019283746556474, ""Not very much"": 0.045454545454545456, ""Quite a lot"": 0.6377410468319559}"
llama,Llama-3.1-8B-Instruct,Q1333,WVS,Vietnam,Lebanon,Q1333::Vietnam=>Lebanon,0.5998452752681267,0.5910218020150718,evidence-side,"{""A great deal"": 0.012442972719697165, ""None at all"": 0.9193012152675578, ""Not very much"": 0.03813840243597353, ""Quite a lot"": 0.03011740957677149}","{""A great deal"": 0.3057851239669422, ""None at all"": 0.011019283746556474, ""Not very much"": 0.045454545454545456, ""Quite a lot"": 0.6377410468319559}","{""A great deal"": 0.01725997842502697, ""None at all"": 0.4832793959007551, ""Not very much"": 0.39374325782092773, ""Quite a lot"": 0.1057173678532902}"
llama,Llama-3.1-8B-Instruct,Q1333,WVS,Vietnam,Peru,Q1333::Vietnam=>Peru,0.6726089561717012,0.639813794419089,evidence-side,"{""A great deal"": 0.0058936868472587636, ""None at all"": 0.9619377407749325, ""Not very much"": 0.015450983305563971, ""Quite a lot"": 0.016717589072244715}","{""A great deal"": 0.3057851239669422, ""None at all"": 0.011019283746556474, ""Not very much"": 0.045454545454545456, ""Quite a lot"": 0.6377410468319559}","{""A great deal"": 0.020986358866736624, ""None at all"": 0.5697796432318992, ""Not very much"": 0.31689401888772295, ""Quite a lot"": 0.09233997901364115}"
llama,Llama-3.1-8B-Instruct,Q1333,WVS,Vietnam,Serbia,Q1333::Vietnam=>Serbia,0.6126857603468947,0.5757752001372752,evidence-side,"{""A great deal"": 0.007832393497434509, ""None at all"": 0.9541667907619851, ""Not very much"": 0.01847965502258563, ""Quite a lot"": 0.019521160717994823}","{""A great deal"": 0.3057851239669422, ""None at all"": 0.011019283746556474, ""Not very much"": 0.045454545454545456, ""Quite a lot"": 0.6377410468319559}","{""A great deal"": 0.016816143497757848, ""None at all"": 0.492152466367713, ""Not very much"": 0.38116591928251126, ""Quite a lot"": 0.10986547085201794}"
llama,Llama-3.1-8B-Instruct,Q1371,WVS,Argentina,Vietnam,Q1371::Argentina=>Vietnam,0.8357616684202039,0.8890010304668611,evidence-side,"{""No"": 0.0013168825722565721, ""Yes"": 0.9986831174277435}","{""No"": 0.9678714859437751, ""Yes"": 0.032128514056224904}","{""No"": 0.11199999999999999, ""Yes"": 0.888}"
llama,Llama-3.1-8B-Instruct,Q1371,WVS,Vietnam,Argentina,Q1371::Vietnam=>Argentina,0.561086383315139,0.8519199030513257,evidence-side,"{""No"": 0.9318225402672204, ""Yes"": 0.06817745973277961}","{""No"": 0.11199999999999999, ""Yes"": 0.888}","{""No"": 0.9678714859437751, ""Yes"": 0.032128514056224904}"
llama,Llama-3.1-8B-Instruct,Q1375,WVS,Australia,Vietnam,Q1375::Australia=>Vietnam,0.48279200073761436,0.6297216678210951,evidence-side,"{""Mentioned"": 0.8126606542909479, ""Not mentioned"": 0.18733934570905209}","{""Mentioned"": 0.04, ""Not mentioned"": 0.96}","{""Mentioned"": 0.9470000000000001, ""Not mentioned"": 0.053}"
llama,Llama-3.1-8B-Instruct,Q1375,WVS,Great Britain,Vietnam,Q1375::Great Britain=>Vietnam,0.46315907728659206,0.6077224050516976,evidence-side,"{""Mentioned"": 0.8036678275357737, ""Not mentioned"": 0.19633217246422635}","{""Mentioned"": 0.04238143289606459, ""Not mentioned"": 0.9576185671039354}","{""Mentioned"": 0.9470000000000001, ""Not mentioned"": 0.053}"
llama,Llama-3.1-8B-Instruct,Q1375,WVS,Uruguay,Vietnam,Q1375::Uruguay=>Vietnam,0.63342458782067,0.8425115112433185,evidence-side,"{""Mentioned"": 0.8974345234040032, ""Not mentioned"": 0.10256547659599682}","{""Mentioned"": 0.039, ""Not mentioned"": 0.961}","{""Mentioned"": 0.9470000000000001, ""Not mentioned"": 0.053}"
llama,Llama-3.1-8B-Instruct,Q1375,WVS,Vietnam,Australia,Q1375::Vietnam=>Australia,0.4937428850903366,0.6425176863789303,evidence-side,"{""Mentioned"": 0.1603620586146219, ""Not mentioned"": 0.8396379413853782}","{""Mentioned"": 0.9470000000000001, ""Not mentioned"": 0.053}","{""Mentioned"": 0.04, ""Not mentioned"": 0.96}"
llama,Llama-3.1-8B-Instruct,Q1375,WVS,Vietnam,Great Britain,Q1375::Vietnam=>Great Britain,0.3753963002786187,0.4876511303164261,evidence-side,"{""Mentioned"": 0.23299695656442537, ""Not mentioned"": 0.7670030434355747}","{""Mentioned"": 0.9470000000000001, ""Not mentioned"": 0.053}","{""Mentioned"": 0.04238143289606459, ""Not mentioned"": 0.9576185671039354}"
llama,Llama-3.1-8B-Instruct,Q1375,WVS,Vietnam,Uruguay,Q1375::Vietnam=>Uruguay,0.24091742221856827,0.3072073016414671,evidence-side,"{""Mentioned"": 0.31824922066990996, ""Not mentioned"": 0.6817507793300901}","{""Mentioned"": 0.9470000000000001, ""Not mentioned"": 0.053}","{""Mentioned"": 0.039, ""Not mentioned"": 0.961}"
llama,Llama-3.1-8B-Instruct,Q1392,WVS,Australia,Vietnam,Q1392::Australia=>Vietnam,0.7285140543148827,0.9800904252337262,evidence-side,"{""A great deal"": 0.33046402540711756, ""None at all"": 0.009250405096461294, ""Not very much"": 0.036154649009074016, ""Quite a lot"": 0.6241309204873472}","{""A great deal"": 0.014336917562724014, ""None at all"": 0.5627240143369175, ""Not very much"": 0.38530465949820786, ""Quite a lot"": 0.03763440860215053}","{""A great deal"": 0.3445491251682369, ""None at all"": 0.013458950201884253, ""Not very much"": 0.04710632570659489, ""Quite a lot"": 0.5948855989232841}"
llama,Llama-3.1-8B-Instruct,Q1392,WVS,Vietnam,Australia,Q1392::Vietnam=>Australia,0.6694250317301311,0.5937080685679911,evidence-side,"{""A great deal"": 0.0060350501186655315, ""None at all"": 0.9569307332343321, ""Not very much"": 0.02486185404439171, ""Quite a lot"": 0.012172362602610644}","{""A great deal"": 0.3445491251682369, ""None at all"": 0.013458950201884253, ""Not very much"": 0.04710632570659489, ""Quite a lot"": 0.5948855989232841}","{""A great deal"": 0.014336917562724014, ""None at all"": 0.5627240143369175, ""Not very much"": 0.38530465949820786, ""Quite a lot"": 0.03763440860215053}"
llama,Llama-3.1-8B-Instruct,Q1395,WVS,Iran,Japan,Q1395::Iran=>Japan,0.594449092455055,0.7801047051977089,evidence-side,"{""Bad"": 0.01384375403715866, ""Fairly good"": 0.0031115891677173475, ""Very bad"": 0.9657542330385652, ""Very good"": 0.01729042375655884}","{""Bad"": 0.08620689655172416, ""Fairly good"": 0.3691683569979716, ""Very bad"": 0.11866125760649088, ""Very good"": 0.4259634888438134}","{""Bad"": 0.1182669789227166, ""Fairly good"": 0.011709601873536299, ""Very bad"": 0.8653395784543326, ""Very good"": 0.00468384074941452}"
llama,Llama-3.1-8B-Instruct,Q1395,WVS,Iran,New Zealand,Q1395::Iran=>New Zealand,0.6268108980629502,0.8188564840772901,evidence-side,"{""Bad"": 0.007646444684047384, ""Fairly good"": 0.002830407239531601, ""Very bad"": 0.9789685083743372, ""Very good"": 0.01055463970208379}","{""Bad"": 0.08620689655172416, ""Fairly good"": 0.3691683569979716, ""Very bad"": 0.11866125760649088, ""Very good"": 0.4259634888438134}","{""Bad"": 0.09180327868852457, ""Fairly good"": 0.013114754098360654, ""Very bad"": 0.8896174863387978, ""Very good"": 0.005464480874316939}"
llama,Llama-3.1-8B-Instruct,Q1395,WVS,Japan,Iran,Q1395::Japan=>Iran,0.06840946018678923,0.09291026446356415,evidence-side,"{""Bad"": 0.09947823319171153, ""Fairly good"": 0.022503821065769033, ""Very bad"": 0.42347311801623516, ""Very good"": 0.45454482772628435}","{""Bad"": 0.1182669789227166, ""Fairly good"": 0.011709601873536299, ""Very bad"": 0.8653395784543326, ""Very good"": 0.00468384074941452}","{""Bad"": 0.08620689655172416, ""Fairly good"": 0.3691683569979716, ""Very bad"": 0.11866125760649088, ""Very good"": 0.4259634888438134}"
llama,Llama-3.1-8B-Instruct,Q1395,WVS,New Zealand,Iran,Q1395::New Zealand=>Iran,0.298659798841465,0.4346084146404174,evidence-side,"{""Bad"": 0.054156594707347884, ""Fairly good"": 0.1317864697476054, ""Very bad"": 0.31401191943910384, ""Very good"": 0.5000450161059429}","{""Bad"": 0.09180327868852457, ""Fairly good"": 0.013114754098360654, ""Very bad"": 0.8896174863387978, ""Very good"": 0.005464480874316939}","{""Bad"": 0.08620689655172416, ""Fairly good"": 0.3691683569979716, ""Very bad"": 0.11866125760649088, ""Very good"": 0.4259634888438134}"
llama,Llama-3.1-8B-Instruct,Q1430,WVS,Tunisia,Vietnam,Q1430::Tunisia=>Vietnam,0.6415327499021046,0.7863558782390716,evidence-side,"{""A great deal"": 0.12891511201910058, ""None at all"": 0.0029192246977665396, ""Not very much"": 0.0012145255387861534, ""Quite a lot"": 0.8669511377443467}","{""A great deal"": 0.03041362530413625, ""None at all"": 0.51338199513382, ""Not very much"": 0.3600973236009733, ""Quite a lot"": 0.09610705596107057}","{""A great deal"": 0.28243243243243243, ""None at all"": 0.006756756756756757, ""Not very much"": 0.058108108108108104, ""Quite a lot"": 0.6527027027027027}"
llama,Llama-3.1-8B-Instruct,Q1430,WVS,Vietnam,Tunisia,Q1430::Vietnam=>Tunisia,0.532373379551321,0.7245236915415756,evidence-side,"{""A great deal"": 0.003064651927272265, ""None at all"": 0.3116968293573024, ""Not very much"": 0.5594252604816586, ""Quite a lot"": 0.12581325823376677}","{""A great deal"": 0.28243243243243243, ""None at all"": 0.006756756756756757, ""Not very much"": 0.058108108108108104, ""Quite a lot"": 0.6527027027027027}","{""A great deal"": 0.03041362530413625, ""None at all"": 0.51338199513382, ""Not very much"": 0.3600973236009733, ""Quite a lot"": 0.09610705596107057}"
llama,Llama-3.1-8B-Instruct,Q1456,WVS,Ethiopia,South Korea,Q1456::Ethiopia=>South Korea,0.28062887328213637,0.36729723099315914,evidence-side,"{""2"": 0.0116306623778621, ""3"": 0.01633050318724525, ""4"": 0.0673465335003855, ""5"": 0.28853022800229716, ""6"": 0.1989477742991351, ""7"": 0.13607591694644927, ""8"": 0.08387536492739914, ""9"": 0.013928366442988617, ""Hard work doesn't generally bring success - it's more a matter of luck and connections"": 0.048961500878504115, ""In the long run, hard work usually brings a better life"": 0.1343731494377338}","{""2"": 0.08032128514056225, ""3"": 0.020080321285140562, ""4"": 0.012048192771084338, ""5"": 0.07228915662650603, ""6"": 0.009036144578313254, ""7"": 0.004016064257028112, ""8"": 0.012048192771084338, ""9"": 0.019076305220883532, ""Hard work doesn't generally bring success - it's more a matter of luck and connections"": 0.05622489959839356, ""In the long run, hard work usually brings a better life"": 0.714859437751004}","{""2"": 0.05, ""3"": 0.095, ""4"": 0.145, ""5"": 0.153, ""6"": 0.17800000000000002, ""7"": 0.22399999999999998, ""8"": 0.11699999999999999, ""9"": 0.015, ""Hard work doesn't generally bring success - it's more a matter of luck and connections"": 0.009000000000000001, ""In the long run, hard work usually brings a better life"": 0.013999999999999999}"
llama,Llama-3.1-8B-Instruct,Q1456,WVS,South Korea,Ethiopia,Q1456::South Korea=>Ethiopia,0.780556478112419,0.7562792571711775,evidence-side,"{""2"": 0.005447766370122339, ""3"": 0.0004159232669268647, ""4"": 2.4506415289151106e-05, ""5"": 0.0020079972423325157, ""6"": 0.0011728841320560208, ""7"": 0.00040653026608023895, ""8"": 0.00010483843184095728, ""9"": 0.00014635103236374132, ""Hard work doesn't generally bring success - it's more a matter of luck and connections"": 0.0009526191199269673, ""In the long run, hard work usually brings a better life"": 0.9893205837230612}","{""2"": 0.05, ""3"": 0.095, ""4"": 0.145, ""5"": 0.153, ""6"": 0.17800000000000002, ""7"": 0.22399999999999998, ""8"": 0.11699999999999999, ""9"": 0.015, ""Hard work doesn't generally bring success - it's more a matter of luck and connections"": 0.009000000000000001, ""In the long run, hard work usually brings a better life"": 0.013999999999999999}","{""2"": 0.08032128514056225, ""3"": 0.020080321285140562, ""4"": 0.012048192771084338, ""5"": 0.07228915662650603, ""6"": 0.009036144578313254, ""7"": 0.004016064257028112, ""8"": 0.012048192771084338, ""9"": 0.019076305220883532, ""Hard work doesn't generally bring success - it's more a matter of luck and connections"": 0.05622489959839356, ""In the long run, hard work usually brings a better life"": 0.714859437751004}"
llama,Llama-3.1-8B-Instruct,Q1483,WVS,Argentina,Maldives,Q1483::Argentina=>Maldives,0.7716850926536153,0.9067515582632021,evidence-side,"{""Make sense of life after death"": 0.9997824842040176, ""Make sense of life in this world"": 0.00021751579598241105}","{""Make sense of life after death"": 0.0782520325203252, ""Make sense of life in this world"": 0.9217479674796748}","{""Make sense of life after death"": 0.9502212389380531, ""Make sense of life in this world"": 0.04977876106194689}"
llama,Llama-3.1-8B-Instruct,Q1483,WVS,Greece,Maldives,Q1483::Greece=>Maldives,0.6868249622567746,0.977445278309556,evidence-side,"{""Make sense of life after death"": 0.971976118713396, ""Make sense of life in this world"": 0.028023881286604102}","{""Make sense of life after death"": 0.08867521367521368, ""Make sense of life in this world"": 0.9113247863247863}","{""Make sense of life after death"": 0.9502212389380531, ""Make sense of life in this world"": 0.04977876106194689}"
llama,Llama-3.1-8B-Instruct,Q1483,WVS,Maldives,Argentina,Q1483::Maldives=>Argentina,0.8126103758463609,0.900117308970591,evidence-side,"{""Make sense of life after death"": 0.0011635764449809208, ""Make sense of life in this world"": 0.9988364235550191}","{""Make sense of life after death"": 0.9502212389380531, ""Make sense of life in this world"": 0.04977876106194689}","{""Make sense of life after death"": 0.0782520325203252, ""Make sense of life in this world"": 0.9217479674796748}"
llama,Llama-3.1-8B-Instruct,Q1483,WVS,Maldives,Greece,Q1483::Maldives=>Greece,0.8065868092003654,0.8971699345804605,evidence-side,"{""Make sense of life after death"": 0.0014381654512943271, ""Make sense of life in this world"": 0.9985618345487056}","{""Make sense of life after death"": 0.9502212389380531, ""Make sense of life in this world"": 0.04977876106194689}","{""Make sense of life after death"": 0.08867521367521368, ""Make sense of life in this world"": 0.9113247863247863}"
llama,Llama-3.1-8B-Instruct,Q1483,WVS,Maldives,Vietnam,Q1483::Maldives=>Vietnam,0.8037267939925622,0.8967667777508197,evidence-side,"{""Make sense of life after death"": 0.0017228631848943063, ""Make sense of life in this world"": 0.9982771368151058}","{""Make sense of life after death"": 0.9502212389380531, ""Make sense of life in this world"": 0.04977876106194689}","{""Make sense of life after death"": 0.09300000000000001, ""Make sense of life in this world"": 0.907}"
llama,Llama-3.1-8B-Instruct,Q1483,WVS,Vietnam,Maldives,Q1483::Vietnam=>Maldives,0.7066384922270266,0.9582363847603662,evidence-side,"{""Make sense of life after death"": 0.984032226632469, ""Make sense of life in this world"": 0.015967773367531034}","{""Make sense of life after death"": 0.09300000000000001, ""Make sense of life in this world"": 0.907}","{""Make sense of life after death"": 0.9502212389380531, ""Make sense of life in this world"": 0.04977876106194689}"
llama,Llama-3.1-8B-Instruct,Q1508,WVS,Germany,Myanmar,Q1508::Germany=>Myanmar,0.457651527796395,0.5906093062574532,evidence-side,"{""Mentioned"": 0.7281869132569226, ""Not mentioned"": 0.2718130867430774}","{""Mentioned"": 0.0070210631895687055, ""Not mentioned"": 0.9929789368104313}","{""Mentioned"": 0.905, ""Not mentioned"": 0.095}"
llama,Llama-3.1-8B-Instruct,Q1508,WVS,Myanmar,Germany,Q1508::Myanmar=>Germany,0.24941778425824085,0.31061486446831527,evidence-side,"{""Mentioned"": 0.23980558973395888, ""Not mentioned"": 0.7601944102660412}","{""Mentioned"": 0.905, ""Not mentioned"": 0.095}","{""Mentioned"": 0.0070210631895687055, ""Not mentioned"": 0.9929789368104313}"
llama,Llama-3.1-8B-Instruct,Q1508,WVS,Myanmar,Netherlands,Q1508::Myanmar=>Netherlands,0.239229250652357,0.29079311861437096,evidence-side,"{""Mentioned"": 0.24030943194006565, ""Not mentioned"": 0.7596905680599344}","{""Mentioned"": 0.905, ""Not mentioned"": 0.095}","{""Mentioned"": 0.0031282586027111575, ""Not mentioned"": 0.9968717413972888}"
llama,Llama-3.1-8B-Instruct,Q1508,WVS,Myanmar,Northern Ireland,Q1508::Myanmar=>Northern Ireland,0.10958324811967068,0.13590015595387683,evidence-side,"{""Mentioned"": 0.32808610835894697, ""Not mentioned"": 0.671913891641053}","{""Mentioned"": 0.905, ""Not mentioned"": 0.095}","{""Mentioned"": 0.006018054162487463, ""Not mentioned"": 0.9939819458375125}"
llama,Llama-3.1-8B-Instruct,Q1508,WVS,Netherlands,Myanmar,Q1508::Netherlands=>Myanmar,0.8868318579813412,0.942881316085484,evidence-side,"{""Mentioned"": 0.9766915166441082, ""Not mentioned"": 0.023308483355891703}","{""Mentioned"": 0.0031282586027111575, ""Not mentioned"": 0.9968717413972888}","{""Mentioned"": 0.905, ""Not mentioned"": 0.095}"
llama,Llama-3.1-8B-Instruct,Q1508,WVS,Northern Ireland,Myanmar,Q1508::Northern Ireland=>Myanmar,0.5017223544078314,0.6473940438321567,evidence-side,"{""Mentioned"": 0.7557215109745204, ""Not mentioned"": 0.24427848902547963}","{""Mentioned"": 0.006018054162487463, ""Not mentioned"": 0.9939819458375125}","{""Mentioned"": 0.905, ""Not mentioned"": 0.095}"
llama,Llama-3.1-8B-Instruct,Q1510,WVS,Brazil,Singapore,Q1510::Brazil=>Singapore,0.6263962586268923,0.524095585314956,evidence-side,"{""1 There is no corruption in the respondent's country"": 0.06268288136955634, ""10 There is abundant corruption in the respondent's country"": 0.021782155656995792, ""2"": 0.6909918704575795, ""3"": 0.21250044847706723, ""4"": 0.0008981091438441358, ""5"": 0.007854636390464844, ""6"": 0.00016423618569648063, ""7"": 0.0007464626197885802, ""8"": 0.0016437854899957467, ""9"": 0.000735414209011454}","{""1 There is no corruption in the respondent's country"": 0.009081735620585268, ""10 There is abundant corruption in the respondent's country"": 0.851664984863774, ""2"": 0.0010090817356205853, ""3"": 0.006054490413723511, ""4"": 0.011099899091826439, ""5"": 0.033299697275479316, ""6"": 0.010090817356205853, ""7"": 0.020181634712411706, ""8"": 0.027245206861755807, ""9"": 0.030272452068617554}","{""1 There is no corruption in the respondent's country"": 0.10214504596527069, ""10 There is abundant corruption in the respondent's country"": 0.01327885597548519, ""2"": 0.26762002042900923, ""3"": 0.2533197139938714, ""4"": 0.09908069458631255, ""5"": 0.11950970377936669, ""6"": 0.05924412665985699, ""7"": 0.05107252298263534, ""8"": 0.027579162410623085, ""9"": 0.007150153217568947}"
llama,Llama-3.1-8B-Instruct,Q1510,WVS,Colombia,Singapore,Q1510::Colombia=>Singapore,0.6722306738285265,0.6575083019172369,evidence-side,"{""1 There is no corruption in the respondent's country"": 0.0820719593449361, ""10 There is abundant corruption in the respondent's country"": 0.02140289045411954, ""2"": 0.20826865728106292, ""3"": 0.4613438560644865, ""4"": 0.004624966706689157, ""5"": 0.18592538528811212, ""6"": 0.008830797889325902, ""7"": 0.013746740657894151, ""8"": 0.011139034165195629, ""9"": 0.002645712148177966}","{""1 There is no corruption in the respondent's country"": 0.01, ""10 There is abundant corruption in the respondent's country"": 0.8200000000000001, ""2"": 0.005, ""3"": 0.005, ""4"": 0.003, ""5"": 0.017, ""6"": 0.013000000000000001, ""7"": 0.015, ""8"": 0.048, ""9"": 0.064}","{""1 There is no corruption in the respondent's country"": 0.10214504596527069, ""10 There is abundant corruption in the respondent's country"": 0.01327885597548519, ""2"": 0.26762002042900923, ""3"": 0.2533197139938714, ""4"": 0.09908069458631255, ""5"": 0.11950970377936669, ""6"": 0.05924412665985699, ""7"": 0.05107252298263534, ""8"": 0.027579162410623085, ""9"": 0.007150153217568947}"
llama,Llama-3.1-8B-Instruct,Q1510,WVS,Peru,Singapore,Q1510::Peru=>Singapore,0.5747355128998144,0.43470254238735384,evidence-side,"{""1 There is no corruption in the respondent's country"": 0.0024239370618830197, ""10 There is abundant corruption in the respondent's country"": 0.0041575690193339, ""2"": 0.046401320494172636, ""3"": 0.8515131641955231, ""4"": 0.0028810560984008434, ""5"": 0.05603914857719877, ""6"": 0.015284146855240259, ""7"": 0.006891812079231374, ""8"": 0.0060611461562904475, ""9"": 0.008346699462725676}","{""1 There is no corruption in the respondent's country"": 0.0070351758793969835, ""10 There is abundant corruption in the respondent's country"": 0.7557788944723618, ""2"": 0.0010050251256281406, ""3"": 0.0010050251256281406, ""4"": 0.0010050251256281406, ""5"": 0.011055276381909548, ""6"": 0.008040201005025125, ""7"": 0.022110552763819097, ""8"": 0.07437185929648242, ""9"": 0.1185929648241206}","{""1 There is no corruption in the respondent's country"": 0.10214504596527069, ""10 There is abundant corruption in the respondent's country"": 0.01327885597548519, ""2"": 0.26762002042900923, ""3"": 0.2533197139938714, ""4"": 0.09908069458631255, ""5"": 0.11950970377936669, ""6"": 0.05924412665985699, ""7"": 0.05107252298263534, ""8"": 0.027579162410623085, ""9"": 0.007150153217568947}"
llama,Llama-3.1-8B-Instruct,Q1510,WVS,Singapore,Brazil,Q1510::Singapore=>Brazil,0.8703011625251991,0.815041583887211,evidence-side,"{""1 There is no corruption in the respondent's country"": 1.98897232013457e-05, ""10 There is abundant corruption in the respondent's country"": 0.9998764943671055, ""2"": 6.02001072303107e-06, ""3"": 1.4920372938753477e-05, ""4"": 9.038037294395407e-06, ""5"": 5.2690183888386e-05, ""6"": 6.407384815863768e-07, ""7"": 3.245624710164708e-07, ""8"": 7.610079185681845e-06, ""9"": 1.237192471030534e-05}","{""1 There is no corruption in the respondent's country"": 0.10214504596527069, ""10 There is abundant corruption in the respondent's country"": 0.01327885597548519, ""2"": 0.26762002042900923, ""3"": 0.2533197139938714, ""4"": 0.09908069458631255, ""5"": 0.11950970377936669, ""6"": 0.05924412665985699, ""7"": 0.05107252298263534, ""8"": 0.027579162410623085, ""9"": 0.007150153217568947}","{""1 There is no corruption in the respondent's country"": 0.009081735620585268, ""10 There is abundant corruption in the respondent's country"": 0.851664984863774, ""2"": 0.0010090817356205853, ""3"": 0.006054490413723511, ""4"": 0.011099899091826439, ""5"": 0.033299697275479316, ""6"": 0.010090817356205853, ""7"": 0.020181634712411706, ""8"": 0.027245206861755807, ""9"": 0.030272452068617554}"
llama,Llama-3.1-8B-Instruct,Q1510,WVS,Singapore,Colombia,Q1510::Singapore=>Colombia,0.8518823725651186,0.7721785937321017,evidence-side,"{""1 There is no corruption in the respondent's country"": 4.162125670548173e-05, ""10 There is abundant corruption in the respondent's country"": 0.9996598108268034, ""2"": 7.516767198823507e-05, ""3"": 6.872323166319843e-05, ""4"": 1.757179190577084e-05, ""5"": 5.0911946574418844e-05, ""6"": 1.6543725387479647e-06, ""7"": 7.798859307116534e-07, ""8"": 3.400139464015727e-05, ""9"": 4.975762124979869e-05}","{""1 There is no corruption in the respondent's country"": 0.10214504596527069, ""10 There is abundant corruption in the respondent's country"": 0.01327885597548519, ""2"": 0.26762002042900923, ""3"": 0.2533197139938714, ""4"": 0.09908069458631255, ""5"": 0.11950970377936669, ""6"": 0.05924412665985699, ""7"": 0.05107252298263534, ""8"": 0.027579162410623085, ""9"": 0.007150153217568947}","{""1 There is no corruption in the respondent's country"": 0.01, ""10 There is abundant corruption in the respondent's country"": 0.8200000000000001, ""2"": 0.005, ""3"": 0.005, ""4"": 0.003, ""5"": 0.017, ""6"": 0.013000000000000001, ""7"": 0.015, ""8"": 0.048, ""9"": 0.064}"
llama,Llama-3.1-8B-Instruct,Q1510,WVS,Singapore,Peru,Q1510::Singapore=>Peru,0.8144581406035765,0.688725364980693,evidence-side,"{""1 There is no corruption in the respondent's country"": 1.5196769907338793e-05, ""10 There is abundant corruption in the respondent's country"": 0.9999079014808072, ""2"": 4.214368096743229e-06, ""3"": 7.858907697157958e-06, ""4"": 7.77157208392058e-06, ""5"": 1.3389045294904544e-05, ""6"": 7.112438132043616e-07, ""7"": 3.0298021568238103e-07, ""8"": 1.8861711125709247e-05, ""9"": 2.3791920958126217e-05}","{""1 There is no corruption in the respondent's country"": 0.10214504596527069, ""10 There is abundant corruption in the respondent's country"": 0.01327885597548519, ""2"": 0.26762002042900923, ""3"": 0.2533197139938714, ""4"": 0.09908069458631255, ""5"": 0.11950970377936669, ""6"": 0.05924412665985699, ""7"": 0.05107252298263534, ""8"": 0.027579162410623085, ""9"": 0.007150153217568947}","{""1 There is no corruption in the respondent's country"": 0.0070351758793969835, ""10 There is abundant corruption in the respondent's country"": 0.7557788944723618, ""2"": 0.0010050251256281406, ""3"": 0.0010050251256281406, ""4"": 0.0010050251256281406, ""5"": 0.011055276381909548, ""6"": 0.008040201005025125, ""7"": 0.022110552763819097, ""8"": 0.07437185929648242, ""9"": 0.1185929648241206}"
mistral,Mistral-7B-Instruct-v0.3,Q0059,GAS,El Salvador,India (Current national sample),Q0059::El Salvador=>India (Current national sample),0.6428107615731092,0.6702211787613667,evidence-side,"{""Somewhat favorable"": 4.943109471959321e-05, ""Somewhat unfavorable"": 0.006758730703211497, ""Very favorable"": 0.8208781424439449, ""Very unfavorable"": 0.17231369575812405}","{""Somewhat favorable"": 0.41509433962264153, ""Somewhat unfavorable"": 0.37735849056603776, ""Very favorable"": 0.018867924528301886, ""Very unfavorable"": 0.18867924528301888}","{""Somewhat favorable"": 0.07526881720430108, ""Somewhat unfavorable"": 0.010752688172043012, ""Very favorable"": 0.8924731182795699, ""Very unfavorable"": 0.021505376344086023}"
mistral,Mistral-7B-Instruct-v0.3,Q0059,GAS,India (Current national sample),El Salvador,Q0059::India (Current national sample)=>El Salvador,0.42094924653805343,0.33300782155173336,evidence-side,"{""Somewhat favorable"": 0.9999991468687308, ""Somewhat unfavorable"": 8.371279646193391e-07, ""Very favorable"": 2.172832864629222e-09, ""Very unfavorable"": 1.383047180405874e-08}","{""Somewhat favorable"": 0.07526881720430108, ""Somewhat unfavorable"": 0.010752688172043012, ""Very favorable"": 0.8924731182795699, ""Very unfavorable"": 0.021505376344086023}","{""Somewhat favorable"": 0.41509433962264153, ""Somewhat unfavorable"": 0.37735849056603776, ""Very favorable"": 0.018867924528301886, ""Very unfavorable"": 0.18867924528301888}"
mistral,Mistral-7B-Instruct-v0.3,Q0059,GAS,India (Current national sample),Pakistan,Q0059::India (Current national sample)=>Pakistan,0.7242562371675425,0.6190600523972393,evidence-side,"{""Somewhat favorable"": 1.76412487864852e-07, ""Somewhat unfavorable"": 0.0004354971222264411, ""Very favorable"": 1.7534388009293696e-07, ""Very unfavorable"": 0.9995641511214056}","{""Somewhat favorable"": 0.07526881720430108, ""Somewhat unfavorable"": 0.010752688172043012, ""Very favorable"": 0.8924731182795699, ""Very unfavorable"": 0.021505376344086023}","{""Somewhat favorable"": 0.15116279069767444, ""Somewhat unfavorable"": 0.16279069767441862, ""Very favorable"": 0.03488372093023256, ""Very unfavorable"": 0.6511627906976745}"
mistral,Mistral-7B-Instruct-v0.3,Q0059,GAS,India (Current national sample),S. Korea,Q0059::India (Current national sample)=>S. Korea,0.6348072955238873,0.599423819283627,evidence-side,"{""Somewhat favorable"": 0.9999999908101793, ""Somewhat unfavorable"": 3.899573559099251e-09, ""Very favorable"": 1.9305292315907552e-09, ""Very unfavorable"": 3.3597179328995035e-09}","{""Somewhat favorable"": 0.07526881720430108, ""Somewhat unfavorable"": 0.010752688172043012, ""Very favorable"": 0.8924731182795699, ""Very unfavorable"": 0.021505376344086023}","{""Somewhat favorable"": 0.7011494252873564, ""Somewhat unfavorable"": 0.2298850574712644, ""Very favorable"": 0.034482758620689655, ""Very unfavorable"": 0.034482758620689655}"
mistral,Mistral-7B-Instruct-v0.3,Q0059,GAS,Pakistan,India (Current national sample),Q0059::Pakistan=>India (Current national sample),0.8339921798615192,0.8501956763839097,evidence-side,"{""Somewhat favorable"": 1.128451500039207e-06, ""Somewhat unfavorable"": 5.247453696114684e-09, ""Very favorable"": 0.9999988288099483, ""Very unfavorable"": 3.749109798332999e-08}","{""Somewhat favorable"": 0.15116279069767444, ""Somewhat unfavorable"": 0.16279069767441862, ""Very favorable"": 0.03488372093023256, ""Very unfavorable"": 0.6511627906976745}","{""Somewhat favorable"": 0.07526881720430108, ""Somewhat unfavorable"": 0.010752688172043012, ""Very favorable"": 0.8924731182795699, ""Very unfavorable"": 0.021505376344086023}"
mistral,Mistral-7B-Instruct-v0.3,Q0059,GAS,S. Korea,India (Current national sample),Q0059::S. Korea=>India (Current national sample),0.8349455417903182,0.8728989939124976,evidence-side,"{""Somewhat favorable"": 1.459672261919396e-05, ""Somewhat unfavorable"": 1.5503130426453956e-08, ""Very favorable"": 0.9999853353190075, ""Very unfavorable"": 5.245524291252552e-08}","{""Somewhat favorable"": 0.7011494252873564, ""Somewhat unfavorable"": 0.2298850574712644, ""Very favorable"": 0.034482758620689655, ""Very unfavorable"": 0.034482758620689655}","{""Somewhat favorable"": 0.07526881720430108, ""Somewhat unfavorable"": 0.010752688172043012, ""Very favorable"": 0.8924731182795699, ""Very unfavorable"": 0.021505376344086023}"
mistral,Mistral-7B-Instruct-v0.3,Q0160,GAS,El Salvador,Jordan,Q0160::El Salvador=>Jordan,0.3954890177961112,0.3674405024327477,evidence-side,"{""Not too well"": 0.9932960190102905, ""Not well at all"": 0.006703967818152658, ""Somewhat well"": 8.907077243683587e-09, ""Very well"": 4.26447954520061e-09}","{""Not too well"": 0.12121212121212122, ""Not well at all"": 0.050505050505050504, ""Somewhat well"": 0.47474747474747475, ""Very well"": 0.35353535353535354}","{""Not too well"": 0.46808510638297873, ""Not well at all"": 0.5106382978723404, ""Somewhat well"": 0.010638297872340425, ""Very well"": 0.010638297872340425}"
mistral,Mistral-7B-Instruct-v0.3,Q0160,GAS,Ghana,Jordan,Q0160::Ghana=>Jordan,0.5049023917110221,0.4492835972474238,evidence-side,"{""Not too well"": 8.457259583129055e-09, ""Not well at all"": 0.999999981326288, ""Somewhat well"": 1.47004384019401e-09, ""Very well"": 8.74640858011832e-09}","{""Not too well"": 0.08333333333333333, ""Not well at all"": 0.07291666666666667, ""Somewhat well"": 0.28125, ""Very well"": 0.5625}","{""Not too well"": 0.46808510638297873, ""Not well at all"": 0.5106382978723404, ""Somewhat well"": 0.010638297872340425, ""Very well"": 0.010638297872340425}"
mistral,Mistral-7B-Instruct-v0.3,Q0160,GAS,Jordan,El Salvador,Q0160::Jordan=>El Salvador,0.6627183444926162,0.5749092097218419,evidence-side,"{""Not too well"": 6.41702858613247e-08, ""Not well at all"": 4.957236682293066e-08, ""Somewhat well"": 0.9797342563788045, ""Very well"": 0.020265629878542805}","{""Not too well"": 0.46808510638297873, ""Not well at all"": 0.5106382978723404, ""Somewhat well"": 0.010638297872340425, ""Very well"": 0.010638297872340425}","{""Not too well"": 0.12121212121212122, ""Not well at all"": 0.050505050505050504, ""Somewhat well"": 0.47474747474747475, ""Very well"": 0.35353535353535354}"
mistral,Mistral-7B-Instruct-v0.3,Q0160,GAS,Jordan,Ghana,Q0160::Jordan=>Ghana,0.6938919454371058,0.5997878442572798,evidence-side,"{""Not too well"": 2.440540787284798e-09, ""Not well at all"": 1.0580409450587321e-08, ""Somewhat well"": 7.061329677288854e-08, ""Very well"": 0.999999916365753}","{""Not too well"": 0.46808510638297873, ""Not well at all"": 0.5106382978723404, ""Somewhat well"": 0.010638297872340425, ""Very well"": 0.010638297872340425}","{""Not too well"": 0.08333333333333333, ""Not well at all"": 0.07291666666666667, ""Somewhat well"": 0.28125, ""Very well"": 0.5625}"
mistral,Mistral-7B-Instruct-v0.3,Q0160,GAS,Jordan,Uzbekistan,Q0160::Jordan=>Uzbekistan,0.6510201518378184,0.5280801561544484,evidence-side,"{""Not too well"": 2.5005292804763795e-08, ""Not well at all"": 4.544030507654009e-08, ""Somewhat well"": 0.04590908937533532, ""Very well"": 0.9540908401790668}","{""Not too well"": 0.46808510638297873, ""Not well at all"": 0.5106382978723404, ""Somewhat well"": 0.010638297872340425, ""Very well"": 0.010638297872340425}","{""Not too well"": 0.07954545454545456, ""Not well at all"": 0.034090909090909095, ""Somewhat well"": 0.4772727272727273, ""Very well"": 0.4090909090909091}"
mistral,Mistral-7B-Instruct-v0.3,Q0160,GAS,Uzbekistan,Jordan,Q0160::Uzbekistan=>Jordan,0.47630052136055734,0.406259904077919,evidence-side,"{""Not too well"": 0.988817328557734, ""Not well at all"": 0.011182659302698204, ""Somewhat well"": 8.707230956687818e-09, ""Very well"": 3.432336862570823e-09}","{""Not too well"": 0.07954545454545456, ""Not well at all"": 0.034090909090909095, ""Somewhat well"": 0.4772727272727273, ""Very well"": 0.4090909090909091}","{""Not too well"": 0.46808510638297873, ""Not well at all"": 0.5106382978723404, ""Somewhat well"": 0.010638297872340425, ""Very well"": 0.010638297872340425}"
mistral,Mistral-7B-Instruct-v0.3,Q0238,GAS,Israel,Morocco,Q0238::Israel=>Morocco,0.6822632433619475,0.6193978349484798,evidence-side,"{""Somewhat favorable"": 0.946902689753278, ""Somewhat unfavorable"": 0.0021107851970180265, ""Very favorable"": 0.05027290938004099, ""Very unfavorable"": 0.0007136156696630409}","{""Somewhat favorable"": 0.030303030303030304, ""Somewhat unfavorable"": 0.0707070707070707, ""Very favorable"": 0.010101010101010102, ""Very unfavorable"": 0.8888888888888888}","{""Somewhat favorable"": 0.5333333333333333, ""Somewhat unfavorable"": 0.13333333333333333, ""Very favorable"": 0.2833333333333333, ""Very unfavorable"": 0.05}"
mistral,Mistral-7B-Instruct-v0.3,Q0238,GAS,Morocco,Israel,Q0238::Morocco=>Israel,0.7970800220096825,0.8502194876841913,evidence-side,"{""Somewhat favorable"": 1.5282294383851967e-08, ""Somewhat unfavorable"": 3.0191236409108986e-06, ""Very favorable"": 1.4792281506132655e-07, ""Very unfavorable"": 0.9999968176712497}","{""Somewhat favorable"": 0.5333333333333333, ""Somewhat unfavorable"": 0.13333333333333333, ""Very favorable"": 0.2833333333333333, ""Very unfavorable"": 0.05}","{""Somewhat favorable"": 0.030303030303030304, ""Somewhat unfavorable"": 0.0707070707070707, ""Very favorable"": 0.010101010101010102, ""Very unfavorable"": 0.8888888888888888}"
mistral,Mistral-7B-Instruct-v0.3,Q0238,GAS,Morocco,Turkey,Q0238::Morocco=>Turkey,0.753432918846834,0.7944411416885352,evidence-side,"{""Somewhat favorable"": 4.654407194624257e-08, ""Somewhat unfavorable"": 2.891828997115552e-06, ""Very favorable"": 2.0630961656196711e-07, ""Very unfavorable"": 0.9999968553173144}","{""Somewhat favorable"": 0.5333333333333333, ""Somewhat unfavorable"": 0.13333333333333333, ""Very favorable"": 0.2833333333333333, ""Very unfavorable"": 0.05}","{""Somewhat favorable"": 0.044444444444444446, ""Somewhat unfavorable"": 0.13333333333333333, ""Very favorable"": 0.011111111111111112, ""Very unfavorable"": 0.8111111111111111}"
mistral,Mistral-7B-Instruct-v0.3,Q0238,GAS,Turkey,Morocco,Q0238::Turkey=>Morocco,0.41727685125113173,0.42087387600269865,evidence-side,"{""Somewhat favorable"": 0.5265416405143059, ""Somewhat unfavorable"": 0.4734414050480231, ""Very favorable"": 4.715616017402103e-06, ""Very unfavorable"": 1.2238821653704448e-05}","{""Somewhat favorable"": 0.044444444444444446, ""Somewhat unfavorable"": 0.13333333333333333, ""Very favorable"": 0.011111111111111112, ""Very unfavorable"": 0.8111111111111111}","{""Somewhat favorable"": 0.5333333333333333, ""Somewhat unfavorable"": 0.13333333333333333, ""Very favorable"": 0.2833333333333333, ""Very unfavorable"": 0.05}"
mistral,Mistral-7B-Instruct-v0.3,Q0254,GAS,Indonesia,Sweden,Q0254::Indonesia=>Sweden,-0.1330067407433566,-0.10497504743380132,label-side,"{""Completely agree"": 5.978276745064711e-08, ""Completely disagree"": 0.0027294787644331873, ""Mostly agree"": 1.5045454467058655e-08, ""Mostly disagree"": 0.997270446407345}","{""Completely agree"": 0.4574468085106383, ""Completely disagree"": 0.04255319148936171, ""Mostly agree"": 0.3191489361702128, ""Mostly disagree"": 0.18085106382978727}","{""Completely agree"": 0.030303030303030304, ""Completely disagree"": 0.8383838383838383, ""Mostly agree"": 0.04040404040404041, ""Mostly disagree"": 0.09090909090909091}"
mistral,Mistral-7B-Instruct-v0.3,Q0254,GAS,Sweden,Indonesia,Q0254::Sweden=>Indonesia,-0.760999982396834,-0.8913785596688225,label-side,"{""Completely agree"": 0.00259501747629343, ""Completely disagree"": 0.9784056278021107, ""Mostly agree"": 0.0020362873676428956, ""Mostly disagree"": 0.01696306735395301}","{""Completely agree"": 0.030303030303030304, ""Completely disagree"": 0.8383838383838383, ""Mostly agree"": 0.04040404040404041, ""Mostly disagree"": 0.09090909090909091}","{""Completely agree"": 0.4574468085106383, ""Completely disagree"": 0.04255319148936171, ""Mostly agree"": 0.3191489361702128, ""Mostly disagree"": 0.18085106382978727}"
mistral,Mistral-7B-Instruct-v0.3,Q0268,GAS,India (Current national sample),Pakistan,Q0268::India (Current national sample)=>Pakistan,-0.1922563359912216,-0.1610896351815152,label-side,"{""Major threat"": 2.076726342640685e-08, ""Minor threat"": 0.9999642745296751, ""Not a threat"": 3.570470306148158e-05}","{""Major threat"": 0.6666666666666666, ""Minor threat"": 0.2619047619047619, ""Not a threat"": 0.07142857142857142}","{""Major threat"": 0.02631578947368421, ""Minor threat"": 0.11842105263157894, ""Not a threat"": 0.8552631578947368}"
mistral,Mistral-7B-Instruct-v0.3,Q0268,GAS,Japan,Pakistan,Q0268::Japan=>Pakistan,0.7342552261555065,0.8100216405189677,evidence-side,"{""Major threat"": 3.191013523976189e-09, ""Minor threat"": 2.2121313519059713e-09, ""Not a threat"": 0.9999999945968552}","{""Major threat"": 0.7551020408163266, ""Minor threat"": 0.17346938775510207, ""Not a threat"": 0.07142857142857144}","{""Major threat"": 0.02631578947368421, ""Minor threat"": 0.11842105263157894, ""Not a threat"": 0.8552631578947368}"
mistral,Mistral-7B-Instruct-v0.3,Q0268,GAS,Pakistan,India (Current national sample),Q0268::Pakistan=>India (Current national sample),0.7208434835585704,0.6874881069732841,evidence-side,"{""Major threat"": 0.9999994841632416, ""Minor threat"": 5.124485241383257e-07, ""Not a threat"": 3.388234301646179e-09}","{""Major threat"": 0.02631578947368421, ""Minor threat"": 0.11842105263157894, ""Not a threat"": 0.8552631578947368}","{""Major threat"": 0.6666666666666666, ""Minor threat"": 0.2619047619047619, ""Not a threat"": 0.07142857142857142}"
mistral,Mistral-7B-Instruct-v0.3,Q0268,GAS,Pakistan,Japan,Q0268::Pakistan=>Japan,0.7769036909179354,0.7629816462204636,evidence-side,"{""Major threat"": 0.9999997987046679, ""Minor threat"": 1.9900125014540335e-07, ""Not a threat"": 2.294081954839131e-09}","{""Major threat"": 0.02631578947368421, ""Minor threat"": 0.11842105263157894, ""Not a threat"": 0.8552631578947368}","{""Major threat"": 0.7551020408163266, ""Minor threat"": 0.17346938775510207, ""Not a threat"": 0.07142857142857144}"
mistral,Mistral-7B-Instruct-v0.3,Q0268,GAS,Pakistan,S. Korea,Q0268::Pakistan=>S. Korea,0.7845114353366852,0.7632818676967482,evidence-side,"{""Major threat"": 0.9999990897683333, ""Minor threat"": 9.054075083533591e-07, ""Not a threat"": 4.824158365200658e-09}","{""Major threat"": 0.02631578947368421, ""Minor threat"": 0.11842105263157894, ""Not a threat"": 0.8552631578947368}","{""Major threat"": 0.7676767676767676, ""Minor threat"": 0.1717171717171717, ""Not a threat"": 0.06060606060606061}"
mistral,Mistral-7B-Instruct-v0.3,Q0268,GAS,S. Korea,Pakistan,Q0268::S. Korea=>Pakistan,0.7551416551624351,0.8125185943537433,evidence-side,"{""Major threat"": 0.0002954470604991536, ""Minor threat"": 3.0620163055953534e-06, ""Not a threat"": 0.9997014909231953}","{""Major threat"": 0.7676767676767676, ""Minor threat"": 0.1717171717171717, ""Not a threat"": 0.06060606060606061}","{""Major threat"": 0.02631578947368421, ""Minor threat"": 0.11842105263157894, ""Not a threat"": 0.8552631578947368}"
mistral,Mistral-7B-Instruct-v0.3,Q0394,GAS,Australia,Palest. ter.,Q0394::Australia=>Palest. ter.,0.7987352711778564,0.907826438485422,evidence-side,"{""Better off"": 1.5093332993719196e-08, ""Worse off"": 0.999999984906667}","{""Better off"": 0.9340659340659341, ""Worse off"": 0.06593406593406594}","{""Better off"": 0.0449438202247191, ""Worse off"": 0.9550561797752809}"
mistral,Mistral-7B-Instruct-v0.3,Q0394,GAS,Canada,Palest. ter.,Q0394::Canada=>Palest. ter.,0.7351840350957636,0.9072886253315093,evidence-side,"{""Better off"": 9.62866080996218e-05, ""Worse off"": 0.9999037133919004}","{""Better off"": 0.9, ""Worse off"": 0.1}","{""Better off"": 0.0449438202247191, ""Worse off"": 0.9550561797752809}"
mistral,Mistral-7B-Instruct-v0.3,Q0394,GAS,Palest. ter.,Australia,Q0394::Palest. ter.=>Australia,0.6418262299443732,0.9138255350233686,evidence-side,"{""Better off"": 0.9074180323000187, ""Worse off"": 0.0925819676999813}","{""Better off"": 0.0449438202247191, ""Worse off"": 0.9550561797752809}","{""Better off"": 0.9340659340659341, ""Worse off"": 0.06593406593406594}"
mistral,Mistral-7B-Instruct-v0.3,Q0394,GAS,Palest. ter.,Canada,Q0394::Palest. ter.=>Canada,-0.31549565503463944,-0.4725398364891956,label-side,"{""Better off"": 0.225030867635797, ""Worse off"": 0.7749691323642031}","{""Better off"": 0.0449438202247191, ""Worse off"": 0.9550561797752809}","{""Better off"": 0.9, ""Worse off"": 0.1}"
mistral,Mistral-7B-Instruct-v0.3,Q0394,GAS,Palest. ter.,United States,Q0394::Palest. ter.=>United States,-0.2686351291466359,-0.39775163938984937,label-side,"{""Better off"": 0.25931132851661226, ""Worse off"": 0.7406886714833877}","{""Better off"": 0.0449438202247191, ""Worse off"": 0.9550561797752809}","{""Better off"": 0.9032258064516129, ""Worse off"": 0.0967741935483871}"
mistral,Mistral-7B-Instruct-v0.3,Q0394,GAS,United States,Palest. ter.,Q0394::United States=>Palest. ter.,0.7410463046782949,0.9060901916823378,evidence-side,"{""Better off"": 7.375635010208642e-09, ""Worse off"": 0.999999992624365}","{""Better off"": 0.9032258064516129, ""Worse off"": 0.0967741935483871}","{""Better off"": 0.0449438202247191, ""Worse off"": 0.9550561797752809}"
mistral,Mistral-7B-Instruct-v0.3,Q0410,GAS,Italy,Pakistan,Q0410::Italy=>Pakistan,0.6969598496559077,0.910460019015013,evidence-side,"{""More of a partner"": 0.999999790484338, ""More of an enemy"": 2.753989356964331e-09, ""Neither"": 2.0676167265848967e-07}","{""More of a partner"": 0.12631578947368421, ""More of an enemy"": 0.4105263157894737, ""Neither"": 0.4631578947368421}","{""More of a partner"": 0.9647058823529412, ""More of an enemy"": 0.011764705882352941, ""Neither"": 0.023529411764705882}"
mistral,Mistral-7B-Instruct-v0.3,Q0410,GAS,Japan,Pakistan,Q0410::Japan=>Pakistan,0.7196916995204928,0.9113467648543817,evidence-side,"{""More of a partner"": 0.9999999971695982, ""More of an enemy"": 5.368258330268764e-10, ""Neither"": 2.293575988608562e-09}","{""More of a partner"": 0.11224489795918367, ""More of an enemy"": 0.40816326530612246, ""Neither"": 0.47959183673469385}","{""More of a partner"": 0.9647058823529412, ""More of an enemy"": 0.011764705882352941, ""Neither"": 0.023529411764705882}"
mistral,Mistral-7B-Instruct-v0.3,Q0410,GAS,Pakistan,Italy,Q0410::Pakistan=>Italy,0.5780535650972369,0.47927223723127116,evidence-side,"{""More of a partner"": 3.742482017128374e-08, ""More of an enemy"": 6.2286936890501355e-06, ""Neither"": 0.9999937338814908}","{""More of a partner"": 0.9647058823529412, ""More of an enemy"": 0.011764705882352941, ""Neither"": 0.023529411764705882}","{""More of a partner"": 0.12631578947368421, ""More of an enemy"": 0.4105263157894737, ""Neither"": 0.4631578947368421}"
mistral,Mistral-7B-Instruct-v0.3,Q0410,GAS,Pakistan,Japan,Q0410::Pakistan=>Japan,0.5915369796509968,0.48556003188778957,evidence-side,"{""More of a partner"": 3.49045694934258e-08, ""More of an enemy"": 1.3828789881141243e-06, ""Neither"": 0.9999985822164424}","{""More of a partner"": 0.9647058823529412, ""More of an enemy"": 0.011764705882352941, ""Neither"": 0.023529411764705882}","{""More of a partner"": 0.11224489795918367, ""More of an enemy"": 0.40816326530612246, ""Neither"": 0.47959183673469385}"
mistral,Mistral-7B-Instruct-v0.3,Q0448,GAS,Germany,Pakistan,Q0448::Germany=>Pakistan,0.794376053364845,0.8976830911381402,evidence-side,"{""Bad"": 4.4588031405331366e-08, ""Good"": 0.9999999554119686}","{""Bad"": 0.9368421052631579, ""Good"": 0.06315789473684211}","{""Bad"": 0.0641025641025641, ""Good"": 0.9358974358974359}"
mistral,Mistral-7B-Instruct-v0.3,Q0448,GAS,Japan,Pakistan,Q0448::Japan=>Pakistan,0.7719887196563696,0.8970685075074566,evidence-side,"{""Bad"": 8.124100265003041e-09, ""Good"": 0.9999999918758998}","{""Bad"": 0.925531914893617, ""Good"": 0.07446808510638298}","{""Bad"": 0.0641025641025641, ""Good"": 0.9358974358974359}"
mistral,Mistral-7B-Instruct-v0.3,Q0448,GAS,Pakistan,Germany,Q0448::Pakistan=>Germany,0.7929520219341935,0.8980722454341846,evidence-side,"{""Bad"": 0.9999999698081521, ""Good"": 3.0191847918530546e-08}","{""Bad"": 0.0641025641025641, ""Good"": 0.9358974358974359}","{""Bad"": 0.9368421052631579, ""Good"": 0.06315789473684211}"
mistral,Mistral-7B-Instruct-v0.3,Q0448,GAS,Pakistan,Japan,Q0448::Pakistan=>Japan,0.7870008626014233,0.89312972943968,evidence-side,"{""Bad"": 0.9999999639532364, ""Good"": 3.604676364689104e-08}","{""Bad"": 0.0641025641025641, ""Good"": 0.9358974358974359}","{""Bad"": 0.925531914893617, ""Good"": 0.07446808510638298}"
mistral,Mistral-7B-Instruct-v0.3,Q0448,GAS,Pakistan,United States,Q0448::Pakistan=>United States,0.7808682683162046,0.8887115092560787,evidence-side,"{""Bad"": 0.999999965118942, ""Good"": 3.48810580704355e-08}","{""Bad"": 0.0641025641025641, ""Good"": 0.9358974358974359}","{""Bad"": 0.9139784946236559, ""Good"": 0.08602150537634409}"
mistral,Mistral-7B-Instruct-v0.3,Q0448,GAS,United States,Pakistan,Q0448::United States=>Pakistan,0.7503142376556553,0.8964461492910641,evidence-side,"{""Bad"": 3.639476253984841e-09, ""Good"": 0.9999999963605237}","{""Bad"": 0.9139784946236559, ""Good"": 0.08602150537634409}","{""Bad"": 0.0641025641025641, ""Good"": 0.9358974358974359}"
mistral,Mistral-7B-Instruct-v0.3,Q0514,GAS,Australia,China,Q0514::Australia=>China,0.7406242101690182,0.641648753059396,evidence-side,"{""Somewhat favorable"": 4.586001517650747e-09, ""Somewhat unfavorable"": 1.2567202301779748e-08, ""Very favorable"": 3.095725279440364e-09, ""Very unfavorable"": 0.9999999797510709}","{""Somewhat favorable"": 0.6105263157894737, ""Somewhat unfavorable"": 0.06315789473684211, ""Very favorable"": 0.3157894736842105, ""Very unfavorable"": 0.010526315789473686}","{""Somewhat favorable"": 0.07446808510638298, ""Somewhat unfavorable"": 0.2872340425531915, ""Very favorable"": 0.010638297872340425, ""Very unfavorable"": 0.6276595744680851}"
mistral,Mistral-7B-Instruct-v0.3,Q0514,GAS,China,Australia,Q0514::China=>Australia,0.4045791390444623,0.4848734076617897,evidence-side,"{""Somewhat favorable"": 0.8177026568432324, ""Somewhat unfavorable"": 0.0767407448808992, ""Very favorable"": 0.04498106663247335, ""Very unfavorable"": 0.06057553164339512}","{""Somewhat favorable"": 0.07446808510638298, ""Somewhat unfavorable"": 0.2872340425531915, ""Very favorable"": 0.010638297872340425, ""Very unfavorable"": 0.6276595744680851}","{""Somewhat favorable"": 0.6105263157894737, ""Somewhat unfavorable"": 0.06315789473684211, ""Very favorable"": 0.3157894736842105, ""Very unfavorable"": 0.010526315789473686}"
mistral,Mistral-7B-Instruct-v0.3,Q0514,GAS,China,Thailand,Q0514::China=>Thailand,0.4293796848945206,0.4767226777783288,evidence-side,"{""Somewhat favorable"": 0.8802909630406659, ""Somewhat unfavorable"": 0.06818452246676386, ""Very favorable"": 0.019166923731683768, ""Very unfavorable"": 0.03235759076088656}","{""Somewhat favorable"": 0.07446808510638298, ""Somewhat unfavorable"": 0.2872340425531915, ""Very favorable"": 0.010638297872340425, ""Very unfavorable"": 0.6276595744680851}","{""Somewhat favorable"": 0.5795454545454546, ""Somewhat unfavorable"": 0.05681818181818181, ""Very favorable"": 0.3409090909090909, ""Very unfavorable"": 0.022727272727272728}"
mistral,Mistral-7B-Instruct-v0.3,Q0514,GAS,China,Vietnam,Q0514::China=>Vietnam,-0.13705043586814453,-0.14946322934984982,label-side,"{""Somewhat favorable"": 0.0526692079337045, ""Somewhat unfavorable"": 0.011741032040084268, ""Very favorable"": 0.353716490079572, ""Very unfavorable"": 0.5818732699466392}","{""Somewhat favorable"": 0.07446808510638298, ""Somewhat unfavorable"": 0.2872340425531915, ""Very favorable"": 0.010638297872340425, ""Very unfavorable"": 0.6276595744680851}","{""Somewhat favorable"": 0.4148936170212766, ""Somewhat unfavorable"": 0.07446808510638298, ""Very favorable"": 0.5, ""Very unfavorable"": 0.010638297872340427}"
mistral,Mistral-7B-Instruct-v0.3,Q0514,GAS,Thailand,China,Q0514::Thailand=>China,0.7137638378367647,0.6603277398923785,evidence-side,"{""Somewhat favorable"": 2.698373848538904e-07, ""Somewhat unfavorable"": 0.012333674417186795, ""Very favorable"": 4.909253573029824e-07, ""Very unfavorable"": 0.9876655648200711}","{""Somewhat favorable"": 0.5795454545454546, ""Somewhat unfavorable"": 0.05681818181818181, ""Very favorable"": 0.3409090909090909, ""Very unfavorable"": 0.022727272727272728}","{""Somewhat favorable"": 0.07446808510638298, ""Somewhat unfavorable"": 0.2872340425531915, ""Very favorable"": 0.010638297872340425, ""Very unfavorable"": 0.6276595744680851}"
mistral,Mistral-7B-Instruct-v0.3,Q0514,GAS,Vietnam,China,Q0514::Vietnam=>China,0.7403048434555408,0.6407554040415847,evidence-side,"{""Somewhat favorable"": 9.416227885063105e-07, ""Somewhat unfavorable"": 8.263474579413247e-05, ""Very favorable"": 5.265292486906219e-07, ""Very unfavorable"": 0.9999158971021687}","{""Somewhat favorable"": 0.4148936170212766, ""Somewhat unfavorable"": 0.07446808510638298, ""Very favorable"": 0.5, ""Very unfavorable"": 0.010638297872340427}","{""Somewhat favorable"": 0.07446808510638298, ""Somewhat unfavorable"": 0.2872340425531915, ""Very favorable"": 0.010638297872340425, ""Very unfavorable"": 0.6276595744680851}"
mistral,Mistral-7B-Instruct-v0.3,Q0558,GAS,Greece,Pakistan,Q0558::Greece=>Pakistan,-0.725513441797319,-0.9209197328485027,label-side,"{""No, does not respect personal freedoms"": 0.9962752844645643, ""Yes, respects personal freedoms"": 0.0037247155354358497}","{""No, does not respect personal freedoms"": 0.9438202247191011, ""Yes, respects personal freedoms"": 0.056179775280898875}","{""No, does not respect personal freedoms"": 0.09722222222222222, ""Yes, respects personal freedoms"": 0.9027777777777778}"
mistral,Mistral-7B-Instruct-v0.3,Q0558,GAS,Italy,Pakistan,Q0558::Italy=>Pakistan,-0.7206795868334369,-0.9065819250323632,label-side,"{""No, does not respect personal freedoms"": 0.9976074747352521, ""Yes, respects personal freedoms"": 0.002392525264747913}","{""No, does not respect personal freedoms"": 0.927710843373494, ""Yes, respects personal freedoms"": 0.07228915662650602}","{""No, does not respect personal freedoms"": 0.09722222222222222, ""Yes, respects personal freedoms"": 0.9027777777777778}"
mistral,Mistral-7B-Instruct-v0.3,Q0558,GAS,Pakistan,Greece,Q0558::Pakistan=>Greece,0.734430422342424,0.8997017802459526,evidence-side,"{""No, does not respect personal freedoms"": 0.9999995995538707, ""Yes, respects personal freedoms"": 4.004461292635491e-07}","{""No, does not respect personal freedoms"": 0.09722222222222222, ""Yes, respects personal freedoms"": 0.9027777777777778}","{""No, does not respect personal freedoms"": 0.9438202247191011, ""Yes, respects personal freedoms"": 0.056179775280898875}"
mistral,Mistral-7B-Instruct-v0.3,Q0558,GAS,Pakistan,Italy,Q0558::Pakistan=>Italy,0.7259839852438666,0.8922998469749106,evidence-side,"{""No, does not respect personal freedoms"": 0.9999997937885235, ""Yes, respects personal freedoms"": 2.0621147655187063e-07}","{""No, does not respect personal freedoms"": 0.09722222222222222, ""Yes, respects personal freedoms"": 0.9027777777777778}","{""No, does not respect personal freedoms"": 0.927710843373494, ""Yes, respects personal freedoms"": 0.07228915662650602}"
mistral,Mistral-7B-Instruct-v0.3,Q0558,GAS,Pakistan,Spain,Q0558::Pakistan=>Spain,0.7297045939066128,0.8953461237104698,evidence-side,"{""No, does not respect personal freedoms"": 0.9999997139179914, ""Yes, respects personal freedoms"": 2.8608200863781815e-07}","{""No, does not respect personal freedoms"": 0.09722222222222222, ""Yes, respects personal freedoms"": 0.9027777777777778}","{""No, does not respect personal freedoms"": 0.9347826086956522, ""Yes, respects personal freedoms"": 0.06521739130434782}"
mistral,Mistral-7B-Instruct-v0.3,Q0558,GAS,Spain,Pakistan,Q0558::Spain=>Pakistan,-0.7239728742879883,-0.910614752142664,label-side,"{""No, does not respect personal freedoms"": 0.9974993739570389, ""Yes, respects personal freedoms"": 0.0025006260429611057}","{""No, does not respect personal freedoms"": 0.9347826086956522, ""Yes, respects personal freedoms"": 0.06521739130434782}","{""No, does not respect personal freedoms"": 0.09722222222222222, ""Yes, respects personal freedoms"": 0.9027777777777778}"
mistral,Mistral-7B-Instruct-v0.3,Q0574,GAS,Israel,Pakistan,Q0574::Israel=>Pakistan,0.8312165446244093,0.8647296606701398,evidence-side,"{""Favor"": 0.9999999824720894, ""Oppose"": 1.7527910537655964e-08}","{""Favor"": 0.02040816326530612, ""Oppose"": 0.9795918367346939}","{""Favor"": 0.819672131147541, ""Oppose"": 0.18032786885245902}"
mistral,Mistral-7B-Instruct-v0.3,Q0574,GAS,Pakistan,Israel,Q0574::Pakistan=>Israel,0.6257373234991568,0.9226690292079686,evidence-side,"{""Favor"": 4.2991798389569835e-08, ""Oppose"": 0.9999999570082017}","{""Favor"": 0.819672131147541, ""Oppose"": 0.18032786885245902}","{""Favor"": 0.02040816326530612, ""Oppose"": 0.9795918367346939}"
mistral,Mistral-7B-Instruct-v0.3,Q0595,GAS,El Salvador,Palest. ter.,Q0595::El Salvador=>Palest. ter.,0.8203873509671509,0.7642287078161327,evidence-side,"{""More of a partner"": 6.959687171464656e-09, ""More of an enemy"": 0.9999998123502746, ""Neither"": 1.8069003821244152e-07}","{""More of a partner"": 0.8888888888888888, ""More of an enemy"": 0.020202020202020204, ""Neither"": 0.09090909090909091}","{""More of a partner"": 0.042105263157894736, ""More of an enemy"": 0.8, ""Neither"": 0.15789473684210525}"
mistral,Mistral-7B-Instruct-v0.3,Q0595,GAS,Israel,Palest. ter.,Q0595::Israel=>Palest. ter.,0.8508218200163312,0.7597256522239885,evidence-side,"{""More of a partner"": 9.697177374710544e-09, ""More of an enemy"": 0.999999811495492, ""Neither"": 1.7880733069871883e-07}","{""More of a partner"": 0.9183673469387755, ""More of an enemy"": 0.01020408163265306, ""Neither"": 0.07142857142857142}","{""More of a partner"": 0.042105263157894736, ""More of an enemy"": 0.8, ""Neither"": 0.15789473684210525}"
mistral,Mistral-7B-Instruct-v0.3,Q0595,GAS,Palest. ter.,El Salvador,Q0595::Palest. ter.=>El Salvador,0.5148677448861674,0.5360146934922148,evidence-side,"{""More of a partner"": 0.5618233165628578, ""More of an enemy"": 2.0707523392334375e-07, ""Neither"": 0.4381764763619083}","{""More of a partner"": 0.042105263157894736, ""More of an enemy"": 0.8, ""Neither"": 0.15789473684210525}","{""More of a partner"": 0.8888888888888888, ""More of an enemy"": 0.020202020202020204, ""Neither"": 0.09090909090909091}"
mistral,Mistral-7B-Instruct-v0.3,Q0595,GAS,Palest. ter.,Israel,Q0595::Palest. ter.=>Israel,0.13403358313099867,0.10636212159346026,evidence-side,"{""More of a partner"": 0.17253423503344903, ""More of an enemy"": 1.1782333253310506e-07, ""Neither"": 0.8274656471432185}","{""More of a partner"": 0.042105263157894736, ""More of an enemy"": 0.8, ""Neither"": 0.15789473684210525}","{""More of a partner"": 0.9183673469387755, ""More of an enemy"": 0.01020408163265306, ""Neither"": 0.07142857142857142}"
mistral,Mistral-7B-Instruct-v0.3,Q0595,GAS,Palest. ter.,Senegal,Q0595::Palest. ter.=>Senegal,0.7440224973035546,0.9066578250312565,evidence-side,"{""More of a partner"": 0.9005817824373553, ""More of an enemy"": 1.1274702325452885e-07, ""Neither"": 0.0994181048156215}","{""More of a partner"": 0.042105263157894736, ""More of an enemy"": 0.8, ""Neither"": 0.15789473684210525}","{""More of a partner"": 0.9230769230769231, ""More of an enemy"": 0.01098901098901099, ""Neither"": 0.06593406593406594}"
mistral,Mistral-7B-Instruct-v0.3,Q0595,GAS,Senegal,Palest. ter.,Q0595::Senegal=>Palest. ter.,0.8482323431235389,0.7571103939752748,evidence-side,"{""More of a partner"": 3.2957191283961615e-06, ""More of an enemy"": 0.9999966775757446, ""Neither"": 2.670512702129935e-08}","{""More of a partner"": 0.9230769230769231, ""More of an enemy"": 0.01098901098901099, ""Neither"": 0.06593406593406594}","{""More of a partner"": 0.042105263157894736, ""More of an enemy"": 0.8, ""Neither"": 0.15789473684210525}"
mistral,Mistral-7B-Instruct-v0.3,Q0630,GAS,Australia,Pakistan,Q0630::Australia=>Pakistan,-0.6791926870727922,-0.9447158225149243,label-side,"{""No, does not respect personal freedoms"": 0.9862082161623273, ""Yes, respects personal freedoms"": 0.013791783837672688}","{""No, does not respect personal freedoms"": 0.9381443298969072, ""Yes, respects personal freedoms"": 0.06185567010309278}","{""No, does not respect personal freedoms"": 0.1095890410958904, ""Yes, respects personal freedoms"": 0.8904109589041096}"
mistral,Mistral-7B-Instruct-v0.3,Q0630,GAS,Pakistan,Australia,Q0630::Pakistan=>Australia,0.710340008783754,0.8962450764975686,evidence-side,"{""No, does not respect personal freedoms"": 0.9999992169691242, ""Yes, respects personal freedoms"": 7.830308757856859e-07}","{""No, does not respect personal freedoms"": 0.1095890410958904, ""Yes, respects personal freedoms"": 0.8904109589041096}","{""No, does not respect personal freedoms"": 0.9381443298969072, ""Yes, respects personal freedoms"": 0.06185567010309278}"
mistral,Mistral-7B-Instruct-v0.3,Q0630,GAS,Pakistan,Poland,Q0630::Pakistan=>Poland,0.7104043077235738,0.8963246396153363,evidence-side,"{""No, does not respect personal freedoms"": 0.9999982236527468, ""Yes, respects personal freedoms"": 1.7763472531472768e-06}","{""No, does not respect personal freedoms"": 0.1095890410958904, ""Yes, respects personal freedoms"": 0.8904109589041096}","{""No, does not respect personal freedoms"": 0.9382716049382716, ""Yes, respects personal freedoms"": 0.06172839506172839}"
mistral,Mistral-7B-Instruct-v0.3,Q0630,GAS,Pakistan,Sweden,Q0630::Pakistan=>Sweden,0.7265024229738402,0.9159334593900481,evidence-side,"{""No, does not respect personal freedoms"": 0.9999994292544586, ""Yes, respects personal freedoms"": 5.707455414258658e-07}","{""No, does not respect personal freedoms"": 0.1095890410958904, ""Yes, respects personal freedoms"": 0.8904109589041096}","{""No, does not respect personal freedoms"": 0.9693877551020409, ""Yes, respects personal freedoms"": 0.030612244897959186}"
mistral,Mistral-7B-Instruct-v0.3,Q0630,GAS,Poland,Pakistan,Q0630::Poland=>Pakistan,-0.7095153440141854,-0.9000706438075544,label-side,"{""No, does not respect personal freedoms"": 0.9996159666484148, ""Yes, respects personal freedoms"": 0.0003840333515852488}","{""No, does not respect personal freedoms"": 0.9382716049382716, ""Yes, respects personal freedoms"": 0.06172839506172839}","{""No, does not respect personal freedoms"": 0.1095890410958904, ""Yes, respects personal freedoms"": 0.8904109589041096}"
mistral,Mistral-7B-Instruct-v0.3,Q0630,GAS,Sweden,Pakistan,Q0630::Sweden=>Pakistan,-0.7225903339564591,-0.928824091069529,label-side,"{""No, does not respect personal freedoms"": 0.998616919457906, ""Yes, respects personal freedoms"": 0.0013830805420940301}","{""No, does not respect personal freedoms"": 0.9693877551020409, ""Yes, respects personal freedoms"": 0.030612244897959186}","{""No, does not respect personal freedoms"": 0.1095890410958904, ""Yes, respects personal freedoms"": 0.8904109589041096}"
mistral,Mistral-7B-Instruct-v0.3,Q0703,GAS,Senegal,Turkey,Q0703::Senegal=>Turkey,0.7501892315990184,0.6538678757290788,evidence-side,"{""Somewhat favorable"": 2.4183614287679857e-07, ""Somewhat unfavorable"": 3.19409333517798e-06, ""Very favorable"": 4.3571001036961967e-07, ""Very unfavorable"": 0.9999961283605115}","{""Somewhat favorable"": 0.2988505747126437, ""Somewhat unfavorable"": 0.04597701149425287, ""Very favorable"": 0.6436781609195402, ""Very unfavorable"": 0.011494252873563218}","{""Somewhat favorable"": 0.08536585365853659, ""Somewhat unfavorable"": 0.24390243902439024, ""Very favorable"": 0.024390243902439025, ""Very unfavorable"": 0.6463414634146342}"
mistral,Mistral-7B-Instruct-v0.3,Q0703,GAS,Turkey,Senegal,Q0703::Turkey=>Senegal,0.24130035097675337,0.2890505697075598,evidence-side,"{""Somewhat favorable"": 0.1415298847043656, ""Somewhat unfavorable"": 0.4049529504439835, ""Very favorable"": 0.41381748438423555, ""Very unfavorable"": 0.03969968046741535}","{""Somewhat favorable"": 0.08536585365853659, ""Somewhat unfavorable"": 0.24390243902439024, ""Very favorable"": 0.024390243902439025, ""Very unfavorable"": 0.6463414634146342}","{""Somewhat favorable"": 0.2988505747126437, ""Somewhat unfavorable"": 0.04597701149425287, ""Very favorable"": 0.6436781609195402, ""Very unfavorable"": 0.011494252873563218}"
mistral,Mistral-7B-Instruct-v0.3,Q0703,GAS,Turkey,Ukraine,Q0703::Turkey=>Ukraine,0.3085009691998995,0.351480428345066,evidence-side,"{""Somewhat favorable"": 0.7008422368962813, ""Somewhat unfavorable"": 0.2832241974102025, ""Very favorable"": 0.0014018033178347029, ""Very unfavorable"": 0.014531762375681464}","{""Somewhat favorable"": 0.08536585365853659, ""Somewhat unfavorable"": 0.24390243902439024, ""Very favorable"": 0.024390243902439025, ""Very unfavorable"": 0.6463414634146342}","{""Somewhat favorable"": 0.7058823529411765, ""Somewhat unfavorable"": 0.047058823529411764, ""Very favorable"": 0.23529411764705882, ""Very unfavorable"": 0.011764705882352941}"
mistral,Mistral-7B-Instruct-v0.3,Q0703,GAS,Ukraine,Turkey,Q0703::Ukraine=>Turkey,0.7493166917362594,0.6709658645659341,evidence-side,"{""Somewhat favorable"": 3.262831554957323e-08, ""Somewhat unfavorable"": 3.127288775251331e-08, ""Very favorable"": 1.6597386083558613e-08, ""Very unfavorable"": 0.9999999195014107}","{""Somewhat favorable"": 0.7058823529411765, ""Somewhat unfavorable"": 0.047058823529411764, ""Very favorable"": 0.23529411764705882, ""Very unfavorable"": 0.011764705882352941}","{""Somewhat favorable"": 0.08536585365853659, ""Somewhat unfavorable"": 0.24390243902439024, ""Very favorable"": 0.024390243902439025, ""Very unfavorable"": 0.6463414634146342}"
mistral,Mistral-7B-Instruct-v0.3,Q0710,GAS,Kenya,Ukraine,Q0710::Kenya=>Ukraine,0.6267099777439412,0.5881547028013414,evidence-side,"{""About the same"": 8.560539487661117e-06, ""Losing ground"": 0.9999914301343948, ""Making progress"": 9.326117576926849e-09}","{""About the same"": 0.04040404040404041, ""Losing ground"": 0.06060606060606061, ""Making progress"": 0.898989898989899}","{""About the same"": 0.3, ""Losing ground"": 0.6444444444444445, ""Making progress"": 0.05555555555555555}"
mistral,Mistral-7B-Instruct-v0.3,Q0710,GAS,Mali,Ukraine,Q0710::Mali=>Ukraine,0.6481669924130172,0.6200017175469782,evidence-side,"{""About the same"": 3.9588376958772925e-06, ""Losing ground"": 0.9999960349112246, ""Making progress"": 6.251079530985128e-09}","{""About the same"": 0.08080808080808081, ""Losing ground"": 0.050505050505050504, ""Making progress"": 0.8686868686868687}","{""About the same"": 0.3, ""Losing ground"": 0.6444444444444445, ""Making progress"": 0.05555555555555555}"
mistral,Mistral-7B-Instruct-v0.3,Q0710,GAS,Ukraine,Kenya,Q0710::Ukraine=>Kenya,0.790551508598339,0.883392347093276,evidence-side,"{""About the same"": 2.9009947819606047e-06, ""Losing ground"": 1.5567078177544692e-09, ""Making progress"": 0.9999970974485102}","{""About the same"": 0.3, ""Losing ground"": 0.6444444444444445, ""Making progress"": 0.05555555555555555}","{""About the same"": 0.04040404040404041, ""Losing ground"": 0.06060606060606061, ""Making progress"": 0.898989898989899}"
mistral,Mistral-7B-Instruct-v0.3,Q0710,GAS,Ukraine,Mali,Q0710::Ukraine=>Mali,0.774005594072738,0.8638260421347493,evidence-side,"{""About the same"": 5.7179600109419656e-06, ""Losing ground"": 1.3093133396580912e-09, ""Making progress"": 0.9999942807306758}","{""About the same"": 0.3, ""Losing ground"": 0.6444444444444445, ""Making progress"": 0.05555555555555555}","{""About the same"": 0.08080808080808081, ""Losing ground"": 0.050505050505050504, ""Making progress"": 0.8686868686868687}"
mistral,Mistral-7B-Instruct-v0.3,Q0739,GAS,Jordan,Turkey,Q0739::Jordan=>Turkey,0.6944327610011546,0.9004969603000091,evidence-side,"{""Favor"": 2.1111251143862682e-07, ""Oppose"": 0.9999997888874885}","{""Favor"": 0.8775510204081632, ""Oppose"": 0.12244897959183673}","{""Favor"": 0.052083333333333336, ""Oppose"": 0.9479166666666666}"
mistral,Mistral-7B-Instruct-v0.3,Q0739,GAS,Turkey,Jordan,Q0739::Turkey=>Jordan,0.7858977889624653,0.8797666107017612,evidence-side,"{""Favor"": 0.9997640012585226, ""Oppose"": 0.00023599874147744028}","{""Favor"": 0.052083333333333336, ""Oppose"": 0.9479166666666666}","{""Favor"": 0.8775510204081632, ""Oppose"": 0.12244897959183673}"
mistral,Mistral-7B-Instruct-v0.3,Q0747,GAS,El Salvador,Jordan,Q0747::El Salvador=>Jordan,0.5657605119403712,0.4969527316384158,evidence-side,"{""Not important at all"": 0.9893412539629737, ""Not too important"": 3.967639193278839e-06, ""Somewhat important"": 5.970981383946215e-06, ""Very important"": 0.010648807416449134}","{""Not important at all"": 0.04040404040404041, ""Not too important"": 0.06060606060606061, ""Somewhat important"": 0.20202020202020202, ""Very important"": 0.696969696969697}","{""Not important at all"": 0.5368421052631579, ""Not too important"": 0.4105263157894737, ""Somewhat important"": 0.031578947368421054, ""Very important"": 0.021052631578947368}"
mistral,Mistral-7B-Instruct-v0.3,Q0747,GAS,Jordan,El Salvador,Q0747::Jordan=>El Salvador,0.7549048755751127,0.6920511527326427,evidence-side,"{""Not important at all"": 4.94579448191106e-09, ""Not too important"": 2.8540148705622054e-09, ""Somewhat important"": 1.7653293302198554e-05, ""Very important"": 0.9999823389068885}","{""Not important at all"": 0.5368421052631579, ""Not too important"": 0.4105263157894737, ""Somewhat important"": 0.031578947368421054, ""Very important"": 0.021052631578947368}","{""Not important at all"": 0.04040404040404041, ""Not too important"": 0.06060606060606061, ""Somewhat important"": 0.20202020202020202, ""Very important"": 0.696969696969697}"
mistral,Mistral-7B-Instruct-v0.3,Q0747,GAS,Jordan,Morocco,Q0747::Jordan=>Morocco,0.7533495767868773,0.6627630562124996,evidence-side,"{""Not important at all"": 6.0397666070266055e-09, ""Not too important"": 4.077180824731668e-09, ""Somewhat important"": 7.812332266223977e-05, ""Very important"": 0.9999218665603903}","{""Not important at all"": 0.5368421052631579, ""Not too important"": 0.4105263157894737, ""Somewhat important"": 0.031578947368421054, ""Very important"": 0.021052631578947368}","{""Not important at all"": 0.027777777777777776, ""Not too important"": 0.041666666666666664, ""Somewhat important"": 0.2361111111111111, ""Very important"": 0.6944444444444444}"
mistral,Mistral-7B-Instruct-v0.3,Q0747,GAS,Jordan,Venezuela,Q0747::Jordan=>Venezuela,0.7758938837419677,0.8457263378077912,evidence-side,"{""Not important at all"": 3.828824903514645e-08, ""Not too important"": 3.183183421721589e-08, ""Somewhat important"": 0.4934447837591271, ""Very important"": 0.5065551461207897}","{""Not important at all"": 0.5368421052631579, ""Not too important"": 0.4105263157894737, ""Somewhat important"": 0.031578947368421054, ""Very important"": 0.021052631578947368}","{""Not important at all"": 0.041237113402061855, ""Not too important"": 0.08247422680412371, ""Somewhat important"": 0.32989690721649484, ""Very important"": 0.5463917525773195}"
mistral,Mistral-7B-Instruct-v0.3,Q0747,GAS,Morocco,Jordan,Q0747::Morocco=>Jordan,0.4874323306827236,0.3794466397585261,evidence-side,"{""Not important at all"": 1.9348514107842897e-09, ""Not too important"": 0.9999999791924011, ""Somewhat important"": 4.763105648936402e-09, ""Very important"": 1.410964186054531e-08}","{""Not important at all"": 0.027777777777777776, ""Not too important"": 0.041666666666666664, ""Somewhat important"": 0.2361111111111111, ""Very important"": 0.6944444444444444}","{""Not important at all"": 0.5368421052631579, ""Not too important"": 0.4105263157894737, ""Somewhat important"": 0.031578947368421054, ""Very important"": 0.021052631578947368}"
mistral,Mistral-7B-Instruct-v0.3,Q0747,GAS,Venezuela,Jordan,Q0747::Venezuela=>Jordan,0.5676355045006825,0.5176275366400253,evidence-side,"{""Not important at all"": 0.9863077311536949, ""Not too important"": 0.00034395819035419026, ""Somewhat important"": 0.01334816590436295, ""Very important"": 1.4475158805632236e-07}","{""Not important at all"": 0.041237113402061855, ""Not too important"": 0.08247422680412371, ""Somewhat important"": 0.32989690721649484, ""Very important"": 0.5463917525773195}","{""Not important at all"": 0.5368421052631579, ""Not too important"": 0.4105263157894737, ""Somewhat important"": 0.031578947368421054, ""Very important"": 0.021052631578947368}"
mistral,Mistral-7B-Instruct-v0.3,Q0758,GAS,Egypt,Spain,Q0758::Egypt=>Spain,0.8644394510244379,0.8653721018422432,evidence-side,"{""No, not sympathetic"": 0.9999999847130511, ""Yes, sympathetic"": 1.5286948981087697e-08}","{""No, not sympathetic"": 0.010101010101010102, ""Yes, sympathetic"": 0.98989898989899}","{""No, not sympathetic"": 0.8229166666666666, ""Yes, sympathetic"": 0.17708333333333334}"
mistral,Mistral-7B-Instruct-v0.3,Q0758,GAS,Jordan,Spain,Q0758::Jordan=>Spain,0.8647614515692053,0.8654506964298531,evidence-side,"{""No, not sympathetic"": 0.9999916427701244, ""Yes, sympathetic"": 8.357229875606373e-06}","{""No, not sympathetic"": 0.01, ""Yes, sympathetic"": 0.99}","{""No, not sympathetic"": 0.8229166666666666, ""Yes, sympathetic"": 0.17708333333333334}"
mistral,Mistral-7B-Instruct-v0.3,Q0758,GAS,Spain,Egypt,Q0758::Spain=>Egypt,0.635363523025839,0.9394827521363077,evidence-side,"{""No, not sympathetic"": 2.211552335048484e-09, ""Yes, sympathetic"": 0.9999999977884477}","{""No, not sympathetic"": 0.8229166666666666, ""Yes, sympathetic"": 0.17708333333333334}","{""No, not sympathetic"": 0.010101010101010102, ""Yes, sympathetic"": 0.98989898989899}"
mistral,Mistral-7B-Instruct-v0.3,Q0758,GAS,Spain,Jordan,Q0758::Spain=>Jordan,0.6354143952618353,0.9397026143934366,evidence-side,"{""No, not sympathetic"": 2.69949465288014e-09, ""Yes, sympathetic"": 0.9999999973005054}","{""No, not sympathetic"": 0.8229166666666666, ""Yes, sympathetic"": 0.17708333333333334}","{""No, not sympathetic"": 0.01, ""Yes, sympathetic"": 0.99}"
mistral,Mistral-7B-Instruct-v0.3,Q0817,GAS,El Salvador,Vietnam,Q0817::El Salvador=>Vietnam,0.7833576159263541,0.8858690126696359,evidence-side,"{""No"": 4.4969357428865436e-09, ""Yes"": 0.9999999955030643}","{""No"": 0.9393939393939394, ""Yes"": 0.06060606060606061}","{""No"": 0.09473684210526316, ""Yes"": 0.9052631578947369}"
mistral,Mistral-7B-Instruct-v0.3,Q0817,GAS,Jordan,Thailand,Q0817::Jordan=>Thailand,0.8094203861433559,0.8764663847409894,evidence-side,"{""No"": 9.037796267836118e-06, ""Yes"": 0.9999909622037322}","{""No"": 0.96, ""Yes"": 0.04}","{""No"": 0.13, ""Yes"": 0.87}"
mistral,Mistral-7B-Instruct-v0.3,Q0817,GAS,Jordan,Vietnam,Q0817::Jordan=>Vietnam,0.8254299990919929,0.8956133406645181,evidence-side,"{""No"": 0.0015227869385298174, ""Yes"": 0.9984772130614702}","{""No"": 0.96, ""Yes"": 0.04}","{""No"": 0.09473684210526316, ""Yes"": 0.9052631578947369}"
mistral,Mistral-7B-Instruct-v0.3,Q0817,GAS,Thailand,Jordan,Q0817::Thailand=>Jordan,0.6887604029486177,0.9075159145056003,evidence-side,"{""No"": 0.9999997281692299, ""Yes"": 2.718307700975115e-07}","{""No"": 0.13, ""Yes"": 0.87}","{""No"": 0.96, ""Yes"": 0.04}"
mistral,Mistral-7B-Instruct-v0.3,Q0817,GAS,Vietnam,El Salvador,Q0817::Vietnam=>El Salvador,0.7364866148519257,0.8976242166778491,evidence-side,"{""No"": 0.9999999209281332, ""Yes"": 7.907186690380751e-08}","{""No"": 0.09473684210526316, ""Yes"": 0.9052631578947369}","{""No"": 0.9393939393939394, ""Yes"": 0.06060606060606061}"
mistral,Mistral-7B-Instruct-v0.3,Q0817,GAS,Vietnam,Jordan,Q0817::Vietnam=>Jordan,0.7471779397597442,0.9094687212061712,evidence-side,"{""No"": 0.9999997566902993, ""Yes"": 2.433097006907952e-07}","{""No"": 0.09473684210526316, ""Yes"": 0.9052631578947369}","{""No"": 0.96, ""Yes"": 0.04}"
mistral,Mistral-7B-Instruct-v0.3,Q0830,GAS,Jordan,United States,Q0830::Jordan=>United States,0.8243249750180747,0.8726108015853653,evidence-side,"{""Didn't try hard enough"": 5.402465912596008e-09, ""Tried very hard"": 0.9999999945975341}","{""Didn't try hard enough"": 0.9696969696969697, ""Tried very hard"": 0.030303030303030304}","{""Didn't try hard enough"": 0.14583333333333334, ""Tried very hard"": 0.8541666666666666}"
mistral,Mistral-7B-Instruct-v0.3,Q0830,GAS,Palest. ter.,United States,Q0830::Palest. ter.=>United States,0.8810923825537361,0.8729641698275639,evidence-side,"{""Didn't try hard enough"": 9.135587095206161e-09, ""Tried very hard"": 0.9999999908644129}","{""Didn't try hard enough"": 0.9895833333333334, ""Tried very hard"": 0.010416666666666666}","{""Didn't try hard enough"": 0.14583333333333334, ""Tried very hard"": 0.8541666666666666}"
mistral,Mistral-7B-Instruct-v0.3,Q0830,GAS,United States,Jordan,Q0830::United States=>Jordan,0.6696271251411119,0.9142068705128447,evidence-side,"{""Didn't try hard enough"": 0.999999969866402, ""Tried very hard"": 3.0133597974662334e-08}","{""Didn't try hard enough"": 0.14583333333333334, ""Tried very hard"": 0.8541666666666666}","{""Didn't try hard enough"": 0.9696969696969697, ""Tried very hard"": 0.030303030303030304}"
mistral,Mistral-7B-Instruct-v0.3,Q0830,GAS,United States,Palest. ter.,Q0830::United States=>Palest. ter.,0.6797188141292196,0.9402517466092496,evidence-side,"{""Didn't try hard enough"": 0.9999999832956489, ""Tried very hard"": 1.670435112857005e-08}","{""Didn't try hard enough"": 0.14583333333333334, ""Tried very hard"": 0.8541666666666666}","{""Didn't try hard enough"": 0.9895833333333334, ""Tried very hard"": 0.010416666666666666}"
mistral,Mistral-7B-Instruct-v0.3,Q0868,GAS,France,Pakistan,Q0868::France=>Pakistan,0.4313144527539092,0.3332407474997269,evidence-side,"{""Britain"": 7.063885427399834e-08, ""China"": 5.0639716299085334e-05, ""France"": 0.0009686841150556431, ""Germany"": 4.7567570381592626e-07, ""Japan"": 2.1259295928560155e-07, ""None of these (VOL)"": 0.9989794803067873, ""Russia"": 2.0251413142167178e-07, ""United States"": 2.344402091718901e-07}","{""Britain"": 0.04040404040404041, ""China"": 0.020202020202020204, ""France"": 0.6565656565656566, ""Germany"": 0.08080808080808081, ""Japan"": 0.020202020202020204, ""None of these (VOL)"": 0.030303030303030304, ""Russia"": 0.030303030303030304, ""United States"": 0.12121212121212122}","{""Britain"": 0.024096385542168676, ""China"": 0.5060240963855422, ""France"": 0.012048192771084338, ""Germany"": 0.012048192771084338, ""Japan"": 0.04819277108433735, ""None of these (VOL)"": 0.32530120481927716, ""Russia"": 0.012048192771084338, ""United States"": 0.060240963855421686}"
mistral,Mistral-7B-Instruct-v0.3,Q0868,GAS,Pakistan,France,Q0868::Pakistan=>France,0.7552669131115896,0.6688082594878763,evidence-side,"{""Britain"": 4.4992666250235096e-08, ""China"": 2.229294991768877e-08, ""France"": 0.9999888668198433, ""Germany"": 3.819723737089084e-07, ""Japan"": 3.164073741717945e-06, ""None of these (VOL)"": 1.0454246749274525e-07, ""Russia"": 1.0171962651817263e-08, ""United States"": 7.405133995015903e-06}","{""Britain"": 0.024096385542168676, ""China"": 0.5060240963855422, ""France"": 0.012048192771084338, ""Germany"": 0.012048192771084338, ""Japan"": 0.04819277108433735, ""None of these (VOL)"": 0.32530120481927716, ""Russia"": 0.012048192771084338, ""United States"": 0.060240963855421686}","{""Britain"": 0.04040404040404041, ""China"": 0.020202020202020204, ""France"": 0.6565656565656566, ""Germany"": 0.08080808080808081, ""Japan"": 0.020202020202020204, ""None of these (VOL)"": 0.030303030303030304, ""Russia"": 0.030303030303030304, ""United States"": 0.12121212121212122}"
mistral,Mistral-7B-Instruct-v0.3,Q0868,GAS,Pakistan,United States,Q0868::Pakistan=>United States,0.7112987044535951,0.7442797517279762,evidence-side,"{""Britain"": 1.1283543019154273e-07, ""China"": 1.7074051814278495e-08, ""France"": 3.609239415519292e-08, ""Germany"": 1.9815617625162766e-08, ""Japan"": 1.2266727725873576e-06, ""None of these (VOL)"": 1.1948763568582496e-05, ""Russia"": 5.89526561787187e-09, ""United States"": 0.9999866328508995}","{""Britain"": 0.024096385542168676, ""China"": 0.5060240963855422, ""France"": 0.012048192771084338, ""Germany"": 0.012048192771084338, ""Japan"": 0.04819277108433735, ""None of these (VOL)"": 0.32530120481927716, ""Russia"": 0.012048192771084338, ""United States"": 0.060240963855421686}","{""Britain"": 0.06382978723404256, ""China"": 0.010638297872340427, ""France"": 0.03191489361702128, ""Germany"": 0.021276595744680854, ""Japan"": 0.010638297872340427, ""None of these (VOL)"": 0.06382978723404256, ""Russia"": 0.021276595744680854, ""United States"": 0.7765957446808511}"
mistral,Mistral-7B-Instruct-v0.3,Q0868,GAS,United States,Pakistan,Q0868::United States=>Pakistan,-0.7022840619609256,-0.7484983556130759,label-side,"{""Britain"": 1.88116536138498e-07, ""China"": 0.0018233429947536312, ""France"": 3.327136181119453e-07, ""Germany"": 9.440407127834474e-08, ""Japan"": 1.5559746948599542e-07, ""None of these (VOL)"": 0.0021977989247304337, ""Russia"": 4.524264246237712e-06, ""United States"": 0.9959735629845747}","{""Britain"": 0.06382978723404256, ""China"": 0.010638297872340427, ""France"": 0.03191489361702128, ""Germany"": 0.021276595744680854, ""Japan"": 0.010638297872340427, ""None of these (VOL)"": 0.06382978723404256, ""Russia"": 0.021276595744680854, ""United States"": 0.7765957446808511}","{""Britain"": 0.024096385542168676, ""China"": 0.5060240963855422, ""France"": 0.012048192771084338, ""Germany"": 0.012048192771084338, ""Japan"": 0.04819277108433735, ""None of these (VOL)"": 0.32530120481927716, ""Russia"": 0.012048192771084338, ""United States"": 0.060240963855421686}"
mistral,Mistral-7B-Instruct-v0.3,Q0914,GAS,Netherlands,Vietnam,Q0914::Netherlands=>Vietnam,-0.8060424796390977,-0.8990611085434186,label-side,"{""No, does not respect personal freedoms"": 0.9967067498665705, ""Yes, respects personal freedoms"": 0.0032932501334295666}","{""No, does not respect personal freedoms"": 0.8969072164948454, ""Yes, respects personal freedoms"": 0.10309278350515463}","{""No, does not respect personal freedoms"": 0.0449438202247191, ""Yes, respects personal freedoms"": 0.9550561797752809}"
mistral,Mistral-7B-Instruct-v0.3,Q0914,GAS,Poland,Vietnam,Q0914::Poland=>Vietnam,-0.8199258212418848,-0.8903969472658348,label-side,"{""No, does not respect personal freedoms"": 0.9998036002413853, ""Yes, respects personal freedoms"": 0.00019639975861481418}","{""No, does not respect personal freedoms"": 0.9111111111111111, ""Yes, respects personal freedoms"": 0.08888888888888889}","{""No, does not respect personal freedoms"": 0.0449438202247191, ""Yes, respects personal freedoms"": 0.9550561797752809}"
mistral,Mistral-7B-Instruct-v0.3,Q0914,GAS,Sweden,Vietnam,Q0914::Sweden=>Vietnam,-0.7928193836727591,-0.953476182582126,label-side,"{""No, does not respect personal freedoms"": 0.9820794665350653, ""Yes, respects personal freedoms"": 0.017920533464934735}","{""No, does not respect personal freedoms"": 0.9381443298969073, ""Yes, respects personal freedoms"": 0.061855670103092786}","{""No, does not respect personal freedoms"": 0.0449438202247191, ""Yes, respects personal freedoms"": 0.9550561797752809}"
mistral,Mistral-7B-Instruct-v0.3,Q0914,GAS,Vietnam,Netherlands,Q0914::Vietnam=>Netherlands,0.8125959893516133,0.8844837062378679,evidence-side,"{""No, does not respect personal freedoms"": 0.9999412718541675, ""Yes, respects personal freedoms"": 5.87281458325439e-05}","{""No, does not respect personal freedoms"": 0.0449438202247191, ""Yes, respects personal freedoms"": 0.9550561797752809}","{""No, does not respect personal freedoms"": 0.8969072164948454, ""Yes, respects personal freedoms"": 0.10309278350515463}"
mistral,Mistral-7B-Instruct-v0.3,Q0914,GAS,Vietnam,Poland,Q0914::Vietnam=>Poland,0.8200404400005865,0.8899859131878151,evidence-side,"{""No, does not respect personal freedoms"": 0.9998569844449359, ""Yes, respects personal freedoms"": 0.0001430155550642112}","{""No, does not respect personal freedoms"": 0.0449438202247191, ""Yes, respects personal freedoms"": 0.9550561797752809}","{""No, does not respect personal freedoms"": 0.9111111111111111, ""Yes, respects personal freedoms"": 0.08888888888888889}"
mistral,Mistral-7B-Instruct-v0.3,Q0914,GAS,Vietnam,Sweden,Q0914::Vietnam=>Sweden,0.8345182826855845,0.9004275052224102,evidence-side,"{""No, does not respect personal freedoms"": 0.9999481371324619, ""Yes, respects personal freedoms"": 5.186286753813009e-05}","{""No, does not respect personal freedoms"": 0.0449438202247191, ""Yes, respects personal freedoms"": 0.9550561797752809}","{""No, does not respect personal freedoms"": 0.9381443298969073, ""Yes, respects personal freedoms"": 0.061855670103092786}"
mistral,Mistral-7B-Instruct-v0.3,Q0956,GAS,Israel,Kuwait,Q0956::Israel=>Kuwait,-0.5577309036287845,-0.5190757634443376,label-side,"{""A lot of confidence"": 9.973744739255318e-05, ""No confidence at all"": 0.999864062992226, ""Not too much confidence"": 3.5475697818931736e-05, ""Some confidence"": 7.238625625857918e-07}","{""A lot of confidence"": 0.010309278350515464, ""No confidence at all"": 0.5876288659793815, ""Not too much confidence"": 0.3402061855670103, ""Some confidence"": 0.061855670103092786}","{""A lot of confidence"": 0.6129032258064516, ""No confidence at all"": 0.07526881720430108, ""Not too much confidence"": 0.03225806451612903, ""Some confidence"": 0.27956989247311825}"
mistral,Mistral-7B-Instruct-v0.3,Q0956,GAS,Israel,Pakistan,Q0956::Israel=>Pakistan,-0.6348359217738511,-0.5415003065421702,label-side,"{""A lot of confidence"": 3.925453140486257e-05, ""No confidence at all"": 0.999908697160527, ""Not too much confidence"": 5.103552066615686e-05, ""Some confidence"": 1.0127874020827654e-06}","{""A lot of confidence"": 0.010309278350515464, ""No confidence at all"": 0.5876288659793815, ""Not too much confidence"": 0.3402061855670103, ""Some confidence"": 0.061855670103092786}","{""A lot of confidence"": 0.6363636363636364, ""No confidence at all"": 0.03896103896103896, ""Not too much confidence"": 0.025974025974025976, ""Some confidence"": 0.2987012987012987}"
mistral,Mistral-7B-Instruct-v0.3,Q0956,GAS,Kuwait,Israel,Q0956::Kuwait=>Israel,0.5577189210694637,0.5192518222029049,evidence-side,"{""A lot of confidence"": 2.9521532785621543e-07, ""No confidence at all"": 0.9997914298898789, ""Not too much confidence"": 5.938686498510883e-07, ""Some confidence"": 0.0002076810261433691}","{""A lot of confidence"": 0.6129032258064516, ""No confidence at all"": 0.07526881720430108, ""Not too much confidence"": 0.03225806451612903, ""Some confidence"": 0.27956989247311825}","{""A lot of confidence"": 0.010309278350515464, ""No confidence at all"": 0.5876288659793815, ""Not too much confidence"": 0.3402061855670103, ""Some confidence"": 0.061855670103092786}"
mistral,Mistral-7B-Instruct-v0.3,Q0956,GAS,Pakistan,Israel,Q0956::Pakistan=>Israel,0.634886970270537,0.5412274268952905,evidence-side,"{""A lot of confidence"": 1.7394807965121304e-08, ""No confidence at all"": 0.999999971853952, ""Not too much confidence"": 8.78885120262341e-09, ""Some confidence"": 1.962388882638963e-09}","{""A lot of confidence"": 0.6363636363636364, ""No confidence at all"": 0.03896103896103896, ""Not too much confidence"": 0.025974025974025976, ""Some confidence"": 0.2987012987012987}","{""A lot of confidence"": 0.010309278350515464, ""No confidence at all"": 0.5876288659793815, ""Not too much confidence"": 0.3402061855670103, ""Some confidence"": 0.061855670103092786}"
mistral,Mistral-7B-Instruct-v0.3,Q0990,GAS,Canada,Pakistan,Q0990::Canada=>Pakistan,0.7399131277546858,0.8854660870484848,evidence-side,"{""I dislike American music, movies and television"": 0.9999930226021205, ""I like American music, movies and television"": 6.977397879498063e-06}","{""I dislike American music, movies and television"": 0.08333333333333334, ""I like American music, movies and television"": 0.9166666666666667}","{""I dislike American music, movies and television"": 0.9069767441860465, ""I like American music, movies and television"": 0.09302325581395349}"
mistral,Mistral-7B-Instruct-v0.3,Q0990,GAS,Pakistan,Canada,Q0990::Pakistan=>Canada,0.72740262029374,0.8889739775524476,evidence-side,"{""I dislike American music, movies and television"": 6.19428367765856e-05, ""I like American music, movies and television"": 0.9999380571632234}","{""I dislike American music, movies and television"": 0.9069767441860465, ""I like American music, movies and television"": 0.09302325581395349}","{""I dislike American music, movies and television"": 0.08333333333333334, ""I like American music, movies and television"": 0.9166666666666667}"
mistral,Mistral-7B-Instruct-v0.3,Q1024,GAS,Indonesia,Sweden,Q1024::Indonesia=>Sweden,0.7306127829830203,0.902539354162831,evidence-side,"{""Homosexuality should be accepted by society"": 0.9999999980917282, ""Homosexuality should not be accepted by society"": 1.9082717376129346e-09}","{""Homosexuality should be accepted by society"": 0.10112359550561797, ""Homosexuality should not be accepted by society"": 0.8988764044943821}","{""Homosexuality should be accepted by society"": 0.9494949494949495, ""Homosexuality should not be accepted by society"": 0.050505050505050504}"
mistral,Mistral-7B-Instruct-v0.3,Q1024,GAS,Netherlands,Nigeria,Q1024::Netherlands=>Nigeria,0.7575946231668751,0.8937280091825699,evidence-side,"{""Homosexuality should be accepted by society"": 1.1298071264051617e-05, ""Homosexuality should not be accepted by society"": 0.9999887019287359}","{""Homosexuality should be accepted by society"": 0.92, ""Homosexuality should not be accepted by society"": 0.08}","{""Homosexuality should be accepted by society"": 0.07142857142857144, ""Homosexuality should not be accepted by society"": 0.9285714285714286}"
mistral,Mistral-7B-Instruct-v0.3,Q1024,GAS,Nigeria,Netherlands,Q1024::Nigeria=>Netherlands,0.7694977559976409,0.8905725063202812,evidence-side,"{""Homosexuality should be accepted by society"": 0.9999999971407613, ""Homosexuality should not be accepted by society"": 2.8592387423166135e-09}","{""Homosexuality should be accepted by society"": 0.07142857142857144, ""Homosexuality should not be accepted by society"": 0.9285714285714286}","{""Homosexuality should be accepted by society"": 0.92, ""Homosexuality should not be accepted by society"": 0.08}"
mistral,Mistral-7B-Instruct-v0.3,Q1024,GAS,Nigeria,Sweden,Q1024::Nigeria=>Sweden,0.7849758597697707,0.9041903073526193,evidence-side,"{""Homosexuality should be accepted by society"": 0.9999999979096708, ""Homosexuality should not be accepted by society"": 2.0903291963078515e-09}","{""Homosexuality should be accepted by society"": 0.07142857142857144, ""Homosexuality should not be accepted by society"": 0.9285714285714286}","{""Homosexuality should be accepted by society"": 0.9494949494949495, ""Homosexuality should not be accepted by society"": 0.050505050505050504}"
mistral,Mistral-7B-Instruct-v0.3,Q1024,GAS,Sweden,Indonesia,Q1024::Sweden=>Indonesia,0.8013848810788557,0.8842595470565687,evidence-side,"{""Homosexuality should be accepted by society"": 2.3696971725113418e-08, ""Homosexuality should not be accepted by society"": 0.9999999763030283}","{""Homosexuality should be accepted by society"": 0.9494949494949495, ""Homosexuality should not be accepted by society"": 0.050505050505050504}","{""Homosexuality should be accepted by society"": 0.10112359550561797, ""Homosexuality should not be accepted by society"": 0.8988764044943821}"
mistral,Mistral-7B-Instruct-v0.3,Q1024,GAS,Sweden,Nigeria,Q1024::Sweden=>Nigeria,0.8172212770265994,0.8951127647673394,evidence-side,"{""Homosexuality should be accepted by society"": 1.3557158301505359e-08, ""Homosexuality should not be accepted by society"": 0.9999999864428417}","{""Homosexuality should be accepted by society"": 0.9494949494949495, ""Homosexuality should not be accepted by society"": 0.050505050505050504}","{""Homosexuality should be accepted by society"": 0.07142857142857144, ""Homosexuality should not be accepted by society"": 0.9285714285714286}"
mistral,Mistral-7B-Instruct-v0.3,Q1035,GAS,Ghana,Sweden,Q1035::Ghana=>Sweden,0.9053712849964304,0.8850806896406272,evidence-side,"{""Necessary to believe in God to be moral/have good values"": 5.456871529038519e-06, ""Not necessary to believe in God to be moral/have good values"": 0.999994543128471}","{""Necessary to believe in God to be moral/have good values"": 0.99, ""Not necessary to believe in God to be moral/have good values"": 0.01}","{""Necessary to believe in God to be moral/have good values"": 0.10416666666666667, ""Not necessary to believe in God to be moral/have good values"": 0.8958333333333334}"
mistral,Mistral-7B-Instruct-v0.3,Q1035,GAS,Indonesia,Sweden,Q1035::Indonesia=>Sweden,0.9053826055358316,0.8850096814718543,evidence-side,"{""Necessary to believe in God to be moral/have good values"": 1.0350061301065628e-08, ""Not necessary to believe in God to be moral/have good values"": 0.9999999896499387}","{""Necessary to believe in God to be moral/have good values"": 0.99, ""Not necessary to believe in God to be moral/have good values"": 0.01}","{""Necessary to believe in God to be moral/have good values"": 0.10416666666666667, ""Not necessary to believe in God to be moral/have good values"": 0.8958333333333334}"
mistral,Mistral-7B-Instruct-v0.3,Q1035,GAS,Pakistan,Sweden,Q1035::Pakistan=>Sweden,0.9050467024623828,0.8850056990446341,evidence-side,"{""Necessary to believe in God to be moral/have good values"": 6.928328474267196e-09, ""Not necessary to believe in God to be moral/have good values"": 0.9999999930716715}","{""Necessary to believe in God to be moral/have good values"": 0.98989898989899, ""Not necessary to believe in God to be moral/have good values"": 0.010101010101010102}","{""Necessary to believe in God to be moral/have good values"": 0.10416666666666667, ""Not necessary to believe in God to be moral/have good values"": 0.8958333333333334}"
mistral,Mistral-7B-Instruct-v0.3,Q1035,GAS,Sweden,Ghana,Q1035::Sweden=>Ghana,-0.9031054882207493,-0.891368511238653,label-side,"{""Necessary to believe in God to be moral/have good values"": 0.001097256243304585, ""Not necessary to believe in God to be moral/have good values"": 0.9989027437566954}","{""Necessary to believe in God to be moral/have good values"": 0.10416666666666667, ""Not necessary to believe in God to be moral/have good values"": 0.8958333333333334}","{""Necessary to believe in God to be moral/have good values"": 0.99, ""Not necessary to believe in God to be moral/have good values"": 0.01}"
mistral,Mistral-7B-Instruct-v0.3,Q1035,GAS,Sweden,Indonesia,Q1035::Sweden=>Indonesia,-0.9031054882207493,-0.891368511238653,label-side,"{""Necessary to believe in God to be moral/have good values"": 0.001097256243304585, ""Not necessary to believe in God to be moral/have good values"": 0.9989027437566954}","{""Necessary to believe in God to be moral/have good values"": 0.10416666666666667, ""Not necessary to believe in God to be moral/have good values"": 0.8958333333333334}","{""Necessary to believe in God to be moral/have good values"": 0.99, ""Not necessary to believe in God to be moral/have good values"": 0.01}"
mistral,Mistral-7B-Instruct-v0.3,Q1035,GAS,Sweden,Pakistan,Q1035::Sweden=>Pakistan,-0.9033153854934669,-0.8901367192447485,label-side,"{""Necessary to believe in God to be moral/have good values"": 0.0008340055672631066, ""Not necessary to believe in God to be moral/have good values"": 0.9991659944327369}","{""Necessary to believe in God to be moral/have good values"": 0.10416666666666667, ""Not necessary to believe in God to be moral/have good values"": 0.8958333333333334}","{""Necessary to believe in God to be moral/have good values"": 0.98989898989899, ""Not necessary to believe in God to be moral/have good values"": 0.010101010101010102}"
mistral,Mistral-7B-Instruct-v0.3,Q1094,GAS,Jordan,Uzbekistan,Q1094::Jordan=>Uzbekistan,0.7480468784007761,0.8973934900911037,evidence-side,"{""I favor the US-led efforts to fight terrorism"": 0.9999999981703935, ""I oppose the US-led efforts to fight terrorism"": 1.829606454282709e-09}","{""I favor the US-led efforts to fight terrorism"": 0.08791208791208792, ""I oppose the US-led efforts to fight terrorism"": 0.9120879120879121}","{""I favor the US-led efforts to fight terrorism"": 0.9381443298969072, ""I oppose the US-led efforts to fight terrorism"": 0.061855670103092786}"
mistral,Mistral-7B-Instruct-v0.3,Q1094,GAS,Palest. ter.,Uzbekistan,Q1094::Palest. ter.=>Uzbekistan,0.719485614789126,0.89651831793489,evidence-side,"{""I favor the US-led efforts to fight terrorism"": 0.9999999979994474, ""I oppose the US-led efforts to fight terrorism"": 2.0005526316902423e-09}","{""I favor the US-led efforts to fight terrorism"": 0.10416666666666667, ""I oppose the US-led efforts to fight terrorism"": 0.8958333333333334}","{""I favor the US-led efforts to fight terrorism"": 0.9381443298969072, ""I oppose the US-led efforts to fight terrorism"": 0.061855670103092786}"
mistral,Mistral-7B-Instruct-v0.3,Q1094,GAS,Uzbekistan,Jordan,Q1094::Uzbekistan=>Jordan,0.7844400651637019,0.8881470323395345,evidence-side,"{""I favor the US-led efforts to fight terrorism"": 1.0728308288432919e-08, ""I oppose the US-led efforts to fight terrorism"": 0.9999999892716918}","{""I favor the US-led efforts to fight terrorism"": 0.9381443298969072, ""I oppose the US-led efforts to fight terrorism"": 0.061855670103092786}","{""I favor the US-led efforts to fight terrorism"": 0.08791208791208792, ""I oppose the US-led efforts to fight terrorism"": 0.9120879120879121}"
mistral,Mistral-7B-Instruct-v0.3,Q1094,GAS,Uzbekistan,Palest. ter.,Q1094::Uzbekistan=>Palest. ter.,0.7757057703696609,0.8828079282967101,evidence-side,"{""I favor the US-led efforts to fight terrorism"": 1.3247793486520706e-08, ""I oppose the US-led efforts to fight terrorism"": 0.9999999867522065}","{""I favor the US-led efforts to fight terrorism"": 0.9381443298969072, ""I oppose the US-led efforts to fight terrorism"": 0.061855670103092786}","{""I favor the US-led efforts to fight terrorism"": 0.10416666666666667, ""I oppose the US-led efforts to fight terrorism"": 0.8958333333333334}"
mistral,Mistral-7B-Instruct-v0.3,Q1110,GAS,Sweden,Vietnam,Q1110::Sweden=>Vietnam,0.01892648941317787,0.015777558208682728,evidence-side,"{""Somewhat bad"": 0.9999887012614779, ""Somewhat good"": 8.656338006469134e-06, ""Very bad"": 1.440780149504315e-06, ""Very good"": 1.201620366125501e-06}","{""Somewhat bad"": 0.19191919191919193, ""Somewhat good"": 0.030303030303030304, ""Very bad"": 0.7676767676767677, ""Very good"": 0.010101010101010102}","{""Somewhat bad"": 0.20652173913043478, ""Somewhat good"": 0.44565217391304346, ""Very bad"": 0.03260869565217391, ""Very good"": 0.31521739130434784}"
mistral,Mistral-7B-Instruct-v0.3,Q1110,GAS,Vietnam,Sweden,Q1110::Vietnam=>Sweden,0.768371207665299,0.7684736518296214,evidence-side,"{""Somewhat bad"": 3.640325569585507e-07, ""Somewhat good"": 3.918362452970354e-09, ""Very bad"": 0.999999617016833, ""Very good"": 1.5032247572035453e-08}","{""Somewhat bad"": 0.20652173913043478, ""Somewhat good"": 0.44565217391304346, ""Very bad"": 0.03260869565217391, ""Very good"": 0.31521739130434784}","{""Somewhat bad"": 0.19191919191919193, ""Somewhat good"": 0.030303030303030304, ""Very bad"": 0.7676767676767677, ""Very good"": 0.010101010101010102}"
mistral,Mistral-7B-Instruct-v0.3,Q1139,GAS,Kenya,Palest. ter.,Q1139::Kenya=>Palest. ter.,0.6491714408404328,0.5612989560149956,evidence-side,"{""Somewhat bad"": 0.0013617859122228278, ""Somewhat good"": 1.5310428357109115e-07, ""Very bad"": 0.9986378734446789, ""Very good"": 1.8753881464795197e-07}","{""Somewhat bad"": 0.04081632653061224, ""Somewhat good"": 0.42857142857142855, ""Very bad"": 0.01020408163265306, ""Very good"": 0.5204081632653061}","{""Somewhat bad"": 0.3125, ""Somewhat good"": 0.17708333333333334, ""Very bad"": 0.5, ""Very good"": 0.010416666666666666}"
mistral,Mistral-7B-Instruct-v0.3,Q1139,GAS,Palest. ter.,Kenya,Q1139::Palest. ter.=>Kenya,0.26830518375677526,0.2529284718600291,evidence-side,"{""Somewhat bad"": 0.001024779642286887, ""Somewhat good"": 0.9989383911450471, ""Very bad"": 1.4157206115491147e-05, ""Very good"": 2.2672006550510916e-05}","{""Somewhat bad"": 0.3125, ""Somewhat good"": 0.17708333333333334, ""Very bad"": 0.5, ""Very good"": 0.010416666666666666}","{""Somewhat bad"": 0.04081632653061224, ""Somewhat good"": 0.42857142857142855, ""Very bad"": 0.01020408163265306, ""Very good"": 0.5204081632653061}"
mistral,Mistral-7B-Instruct-v0.3,Q1139,GAS,Palest. ter.,Uganda,Q1139::Palest. ter.=>Uganda,0.25283881231695066,0.23398953469927147,evidence-side,"{""Somewhat bad"": 0.00024209509360754067, ""Somewhat good"": 0.9997306443198066, ""Very bad"": 1.7250063413694457e-05, ""Very good"": 1.0010523172228869e-05}","{""Somewhat bad"": 0.3125, ""Somewhat good"": 0.17708333333333334, ""Very bad"": 0.5, ""Very good"": 0.010416666666666666}","{""Somewhat bad"": 0.03614457831325301, ""Somewhat good"": 0.40963855421686746, ""Very bad"": 0.012048192771084338, ""Very good"": 0.5421686746987951}"
mistral,Mistral-7B-Instruct-v0.3,Q1139,GAS,Uganda,Palest. ter.,Q1139::Uganda=>Palest. ter.,0.7374437384228822,0.7275091709726165,evidence-side,"{""Somewhat bad"": 0.141850953313317, ""Somewhat good"": 1.1823797679694204e-05, ""Very bad"": 0.8581328743680343, ""Very good"": 4.348520969060067e-06}","{""Somewhat bad"": 0.03614457831325301, ""Somewhat good"": 0.40963855421686746, ""Very bad"": 0.012048192771084338, ""Very good"": 0.5421686746987951}","{""Somewhat bad"": 0.3125, ""Somewhat good"": 0.17708333333333334, ""Very bad"": 0.5, ""Very good"": 0.010416666666666666}"
mistral,Mistral-7B-Instruct-v0.3,Q1155,GAS,Indonesia,Sweden,Q1155::Indonesia=>Sweden,0.8808199527397308,0.889087341428667,evidence-side,"{""It is necessary to believe in God in order to be moral and have good values"": 4.986738773026418e-09, ""It is not necessary to believe in God in order to be moral and have good values"": 0.9999999950132612}","{""It is necessary to believe in God in order to be moral and have good values"": 0.9795918367346939, ""It is not necessary to believe in God in order to be moral and have good values"": 0.020408163265306124}","{""It is necessary to believe in God in order to be moral and have good values"": 0.09090909090909091, ""It is not necessary to believe in God in order to be moral and have good values"": 0.9090909090909092}"
mistral,Mistral-7B-Instruct-v0.3,Q1155,GAS,Kenya,Sweden,Q1155::Kenya=>Sweden,0.8078584801406904,0.8882994808427289,evidence-side,"{""It is necessary to believe in God in order to be moral and have good values"": 5.764571418196818e-05, ""It is not necessary to believe in God in order to be moral and have good values"": 0.9999423542858181}","{""It is necessary to believe in God in order to be moral and have good values"": 0.95, ""It is not necessary to believe in God in order to be moral and have good values"": 0.05}","{""It is necessary to believe in God in order to be moral and have good values"": 0.09090909090909091, ""It is not necessary to believe in God in order to be moral and have good values"": 0.9090909090909092}"
mistral,Mistral-7B-Instruct-v0.3,Q1155,GAS,Philippines,Sweden,Q1155::Philippines=>Sweden,0.830682938579226,0.8881498042862636,evidence-side,"{""It is necessary to believe in God in order to be moral and have good values"": 3.990094826959705e-09, ""It is not necessary to believe in God in order to be moral and have good values"": 0.9999999960099052}","{""It is necessary to believe in God in order to be moral and have good values"": 0.96, ""It is not necessary to believe in God in order to be moral and have good values"": 0.04}","{""It is necessary to believe in God in order to be moral and have good values"": 0.09090909090909091, ""It is not necessary to believe in God in order to be moral and have good values"": 0.9090909090909092}"
mistral,Mistral-7B-Instruct-v0.3,Q1155,GAS,Sweden,Indonesia,Q1155::Sweden=>Indonesia,0.7619492507215803,0.9356724568610563,evidence-side,"{""It is necessary to believe in God in order to be moral and have good values"": 0.9993499447207038, ""It is not necessary to believe in God in order to be moral and have good values"": 0.0006500552792961428}","{""It is necessary to believe in God in order to be moral and have good values"": 0.09090909090909091, ""It is not necessary to believe in God in order to be moral and have good values"": 0.9090909090909092}","{""It is necessary to believe in God in order to be moral and have good values"": 0.9795918367346939, ""It is not necessary to believe in God in order to be moral and have good values"": 0.020408163265306124}"
mistral,Mistral-7B-Instruct-v0.3,Q1155,GAS,Sweden,Kenya,Q1155::Sweden=>Kenya,0.7313468266486224,0.9368898568430725,evidence-side,"{""It is necessary to believe in God in order to be moral and have good values"": 0.9929151603933672, ""It is not necessary to believe in God in order to be moral and have good values"": 0.007084839606632773}","{""It is necessary to believe in God in order to be moral and have good values"": 0.09090909090909091, ""It is not necessary to believe in God in order to be moral and have good values"": 0.9090909090909092}","{""It is necessary to believe in God in order to be moral and have good values"": 0.95, ""It is not necessary to believe in God in order to be moral and have good values"": 0.05}"
mistral,Mistral-7B-Instruct-v0.3,Q1155,GAS,Sweden,Philippines,Q1155::Sweden=>Philippines,0.7321943046732498,0.9490055402536147,evidence-side,"{""It is necessary to believe in God in order to be moral and have good values"": 0.9916496563686211, ""It is not necessary to believe in God in order to be moral and have good values"": 0.008350343631378888}","{""It is necessary to believe in God in order to be moral and have good values"": 0.09090909090909091, ""It is not necessary to believe in God in order to be moral and have good values"": 0.9090909090909092}","{""It is necessary to believe in God in order to be moral and have good values"": 0.96, ""It is not necessary to believe in God in order to be moral and have good values"": 0.04}"
mistral,Mistral-7B-Instruct-v0.3,Q1223,GAS,Germany,Pakistan,Q1223::Germany=>Pakistan,0.803975154970262,0.8968543634373914,evidence-side,"{""No, does not respect personal freedoms"": 0.0081849055191285, ""Yes, respects personal freedoms"": 0.9918150944808716}","{""No, does not respect personal freedoms"": 0.9680851063829787, ""Yes, respects personal freedoms"": 0.031914893617021274}","{""No, does not respect personal freedoms"": 0.14925373134328357, ""Yes, respects personal freedoms"": 0.8507462686567164}"
mistral,Mistral-7B-Instruct-v0.3,Q1223,GAS,Italy,Pakistan,Q1223::Italy=>Pakistan,0.8461607388001265,0.9126724211465719,evidence-side,"{""No, does not respect personal freedoms"": 0.017379833396600857, ""Yes, respects personal freedoms"": 0.9826201666033991}","{""No, does not respect personal freedoms"": 0.9888888888888889, ""Yes, respects personal freedoms"": 0.011111111111111112}","{""No, does not respect personal freedoms"": 0.14925373134328357, ""Yes, respects personal freedoms"": 0.8507462686567164}"
mistral,Mistral-7B-Instruct-v0.3,Q1223,GAS,Pakistan,Germany,Q1223::Pakistan=>Germany,0.6637403691072445,0.9126421762159471,evidence-side,"{""No, does not respect personal freedoms"": 0.9999995347109101, ""Yes, respects personal freedoms"": 4.652890898830043e-07}","{""No, does not respect personal freedoms"": 0.14925373134328357, ""Yes, respects personal freedoms"": 0.8507462686567164}","{""No, does not respect personal freedoms"": 0.9680851063829787, ""Yes, respects personal freedoms"": 0.031914893617021274}"
mistral,Mistral-7B-Instruct-v0.3,Q1223,GAS,Pakistan,Italy,Q1223::Pakistan=>Italy,0.6743043363234212,0.9387261682527329,evidence-side,"{""No, does not respect personal freedoms"": 0.9999990101819168, ""Yes, respects personal freedoms"": 9.898180831956459e-07}","{""No, does not respect personal freedoms"": 0.14925373134328357, ""Yes, respects personal freedoms"": 0.8507462686567164}","{""No, does not respect personal freedoms"": 0.9888888888888889, ""Yes, respects personal freedoms"": 0.011111111111111112}"
mistral,Mistral-7B-Instruct-v0.3,Q1223,GAS,Pakistan,Spain,Q1223::Pakistan=>Spain,0.6691629294562174,0.9232659234244066,evidence-side,"{""No, does not respect personal freedoms"": 0.9999993365875135, ""Yes, respects personal freedoms"": 6.634124865812924e-07}","{""No, does not respect personal freedoms"": 0.14925373134328357, ""Yes, respects personal freedoms"": 0.8507462686567164}","{""No, does not respect personal freedoms"": 0.9787234042553191, ""Yes, respects personal freedoms"": 0.02127659574468085}"
mistral,Mistral-7B-Instruct-v0.3,Q1223,GAS,Spain,Pakistan,Q1223::Spain=>Pakistan,-0.6489278452027049,-0.9655845140228972,label-side,"{""No, does not respect personal freedoms"": 0.9931422491678008, ""Yes, respects personal freedoms"": 0.006857750832199172}","{""No, does not respect personal freedoms"": 0.9787234042553191, ""Yes, respects personal freedoms"": 0.02127659574468085}","{""No, does not respect personal freedoms"": 0.14925373134328357, ""Yes, respects personal freedoms"": 0.8507462686567164}"
mistral,Mistral-7B-Instruct-v0.3,Q1262,WVS,Germany,Peru,Q1262::Germany=>Peru,0.5402030867475496,0.4876830461300358,evidence-side,"{""All of them"": 0.00010498273208043638, ""Few of them"": 2.60513335444818e-08, ""Most of them"": 0.9998949774654758, ""None of them"": 1.375111022363103e-08}","{""All of them"": 0.007709251101321585, ""Few of them"": 0.6563876651982379, ""Most of them"": 0.06387665198237885, ""None of them"": 0.2720264317180617}","{""All of them"": 0.35721493440968716, ""Few of them"": 0.10595358224016144, ""Most of them"": 0.5327951564076691, ""None of them"": 0.004036326942482341}"
mistral,Mistral-7B-Instruct-v0.3,Q1262,WVS,Peru,Germany,Q1262::Peru=>Germany,0.4684104505470301,0.36445001683031564,evidence-side,"{""All of them"": 0.00021853937232644487, ""Few of them"": 0.010579188112706969, ""Most of them"": 8.045400923508556e-06, ""None of them"": 0.989194227114043}","{""All of them"": 0.35721493440968716, ""Few of them"": 0.10595358224016144, ""Most of them"": 0.5327951564076691, ""None of them"": 0.004036326942482341}","{""All of them"": 0.007709251101321585, ""Few of them"": 0.6563876651982379, ""Most of them"": 0.06387665198237885, ""None of them"": 0.2720264317180617}"
mistral,Mistral-7B-Instruct-v0.3,Q1321,WVS,Greece,Vietnam,Q1321::Greece=>Vietnam,-0.38215021560262297,-0.2989982198588556,label-side,"{""A great deal"": 1.4423387802114205e-06, ""None at all"": 0.00012605835826237999, ""Not very much"": 0.9995317458206483, ""Quite a lot"": 0.00034075348230912104}","{""A great deal"": 0.0031315240083507304, ""None at all"": 0.5960334029227558, ""Not very much"": 0.33924843423799583, ""Quite a lot"": 0.0615866388308977}","{""A great deal"": 0.22752808988764048, ""None at all"": 0.019662921348314606, ""Not very much"": 0.05898876404494383, ""Quite a lot"": 0.6938202247191011}"
mistral,Mistral-7B-Instruct-v0.3,Q1321,WVS,Tunisia,Vietnam,Q1321::Tunisia=>Vietnam,0.6235587949111114,0.6231798826146938,evidence-side,"{""A great deal"": 1.9574318893224646e-06, ""None at all"": 0.00024916056067773157, ""Not very much"": 1.414327396974088e-05, ""Quite a lot"": 0.9997347387334632}","{""A great deal"": 0.019583843329253364, ""None at all"": 0.5716034271725826, ""Not very much"": 0.33047735618115054, ""Quite a lot"": 0.07833537331701346}","{""A great deal"": 0.22752808988764048, ""None at all"": 0.019662921348314606, ""Not very much"": 0.05898876404494383, ""Quite a lot"": 0.6938202247191011}"
mistral,Mistral-7B-Instruct-v0.3,Q1321,WVS,Vietnam,Greece,Q1321::Vietnam=>Greece,0.6912812784200396,0.5914030745271103,evidence-side,"{""A great deal"": 2.496672568839541e-07, ""None at all"": 0.9993561432140988, ""Not very much"": 0.0006422929123724683, ""Quite a lot"": 1.3142062718700822e-06}","{""A great deal"": 0.22752808988764048, ""None at all"": 0.019662921348314606, ""Not very much"": 0.05898876404494383, ""Quite a lot"": 0.6938202247191011}","{""A great deal"": 0.0031315240083507304, ""None at all"": 0.5960334029227558, ""Not very much"": 0.33924843423799583, ""Quite a lot"": 0.0615866388308977}"
mistral,Mistral-7B-Instruct-v0.3,Q1321,WVS,Vietnam,Tunisia,Q1321::Vietnam=>Tunisia,0.6745548321239313,0.6028244327464385,evidence-side,"{""A great deal"": 4.4362949382797626e-07, ""None at all"": 0.9984031700102763, ""Not very much"": 0.0015917361030998221, ""Quite a lot"": 4.650257130043802e-06}","{""A great deal"": 0.22752808988764048, ""None at all"": 0.019662921348314606, ""Not very much"": 0.05898876404494383, ""Quite a lot"": 0.6938202247191011}","{""A great deal"": 0.019583843329253364, ""None at all"": 0.5716034271725826, ""Not very much"": 0.33047735618115054, ""Quite a lot"": 0.07833537331701346}"
mistral,Mistral-7B-Instruct-v0.3,Q1322,WVS,China,Maldives,Q1322::China=>Maldives,0.8704873205383783,0.8807005922691334,evidence-side,"{""Agree"": 5.456786122539655e-07, ""Disagree"": 1.8793881749414916e-08, ""Strongly agree"": 0.9999994277807793, ""Strongly disagree"": 7.7467266908966e-09}","{""Agree"": 0.09674134419551934, ""Disagree"": 0.4562118126272912, ""Strongly agree"": 0.029531568228105903, ""Strongly disagree"": 0.4175152749490835}","{""Agree"": 0.03811434302908726, ""Disagree"": 0.01805416248746239, ""Strongly agree"": 0.9358074222668004, ""Strongly disagree"": 0.00802407221664995}"
mistral,Mistral-7B-Instruct-v0.3,Q1322,WVS,Maldives,China,Q1322::Maldives=>China,0.5899370415249431,0.43553429037434677,evidence-side,"{""Agree"": 3.6174296448153703e-07, ""Disagree"": 0.9990984447996738, ""Strongly agree"": 9.246539312802398e-07, ""Strongly disagree"": 0.0009002688034304601}","{""Agree"": 0.03811434302908726, ""Disagree"": 0.01805416248746239, ""Strongly agree"": 0.9358074222668004, ""Strongly disagree"": 0.00802407221664995}","{""Agree"": 0.09674134419551934, ""Disagree"": 0.4562118126272912, ""Strongly agree"": 0.029531568228105903, ""Strongly disagree"": 0.4175152749490835}"
mistral,Mistral-7B-Instruct-v0.3,Q1322,WVS,Maldives,South Korea,Q1322::Maldives=>South Korea,0.6264152747944812,0.4683635698287221,evidence-side,"{""Agree"": 5.317096622980761e-07, ""Disagree"": 0.9888862162864905, ""Strongly agree"": 3.9682355968729135e-06, ""Strongly disagree"": 0.011109283768250294}","{""Agree"": 0.03811434302908726, ""Disagree"": 0.01805416248746239, ""Strongly agree"": 0.9358074222668004, ""Strongly disagree"": 0.00802407221664995}","{""Agree"": 0.2, ""Disagree"": 0.47600000000000003, ""Strongly agree"": 0.015, ""Strongly disagree"": 0.309}"
mistral,Mistral-7B-Instruct-v0.3,Q1322,WVS,Maldives,Taiwan ROC,Q1322::Maldives=>Taiwan ROC,0.695747792595794,0.5454525210414715,evidence-side,"{""Agree"": 2.1966289289211686e-07, ""Disagree"": 0.9999835294661352, ""Strongly agree"": 4.525985022661285e-07, ""Strongly disagree"": 1.5798272469696616e-05}","{""Agree"": 0.03811434302908726, ""Disagree"": 0.01805416248746239, ""Strongly agree"": 0.9358074222668004, ""Strongly disagree"": 0.00802407221664995}","{""Agree"": 0.10810810810810811, ""Disagree"": 0.5965965965965966, ""Strongly agree"": 0.02602602602602603, ""Strongly disagree"": 0.2692692692692693}"
mistral,Mistral-7B-Instruct-v0.3,Q1322,WVS,South Korea,Maldives,Q1322::South Korea=>Maldives,-0.5416803800017536,-0.3814574316785789,label-side,"{""Agree"": 1.6045304296950465e-07, ""Disagree"": 0.03442145637846179, ""Strongly agree"": 0.0001821785005066673, ""Strongly disagree"": 0.9653962046679886}","{""Agree"": 0.2, ""Disagree"": 0.47600000000000003, ""Strongly agree"": 0.015, ""Strongly disagree"": 0.309}","{""Agree"": 0.03811434302908726, ""Disagree"": 0.01805416248746239, ""Strongly agree"": 0.9358074222668004, ""Strongly disagree"": 0.00802407221664995}"
mistral,Mistral-7B-Instruct-v0.3,Q1322,WVS,Taiwan ROC,Maldives,Q1322::Taiwan ROC=>Maldives,0.8796200713946346,0.8830357822477919,evidence-side,"{""Agree"": 2.931300076593107e-07, ""Disagree"": 1.2356260543663543e-08, ""Strongly agree"": 0.9999996549114124, ""Strongly disagree"": 3.960231943179928e-08}","{""Agree"": 0.10810810810810811, ""Disagree"": 0.5965965965965966, ""Strongly agree"": 0.02602602602602603, ""Strongly disagree"": 0.2692692692692693}","{""Agree"": 0.03811434302908726, ""Disagree"": 0.01805416248746239, ""Strongly agree"": 0.9358074222668004, ""Strongly disagree"": 0.00802407221664995}"
mistral,Mistral-7B-Instruct-v0.3,Q1333,WVS,Lebanon,Vietnam,Q1333::Lebanon=>Vietnam,-0.7080518061665373,-0.77305741958528,label-side,"{""A great deal"": 0.008492533582022432, ""None at all"": 0.8043169604386511, ""Not very much"": 0.17238909234817126, ""Quite a lot"": 0.01480141363115522}","{""A great deal"": 0.01725997842502697, ""None at all"": 0.4832793959007551, ""Not very much"": 0.39374325782092773, ""Quite a lot"": 0.1057173678532902}","{""A great deal"": 0.3057851239669422, ""None at all"": 0.011019283746556474, ""Not very much"": 0.045454545454545456, ""Quite a lot"": 0.6377410468319559}"
mistral,Mistral-7B-Instruct-v0.3,Q1333,WVS,Peru,Vietnam,Q1333::Peru=>Vietnam,0.5616430804685295,0.5401421861019985,evidence-side,"{""A great deal"": 0.00011571888019286466, ""None at all"": 6.142170455384581e-08, ""Not very much"": 4.887601291517636e-08, ""Quite a lot"": 0.9998841708220897}","{""A great deal"": 0.020986358866736624, ""None at all"": 0.5697796432318992, ""Not very much"": 0.31689401888772295, ""Quite a lot"": 0.09233997901364115}","{""A great deal"": 0.3057851239669422, ""None at all"": 0.011019283746556474, ""Not very much"": 0.045454545454545456, ""Quite a lot"": 0.6377410468319559}"
mistral,Mistral-7B-Instruct-v0.3,Q1333,WVS,Serbia,Vietnam,Q1333::Serbia=>Vietnam,0.531257335685712,0.52669870241671,evidence-side,"{""A great deal"": 2.499743663813191e-05, ""None at all"": 9.796276232344982e-07, ""Not very much"": 1.9209476498408824e-05, ""Quite a lot"": 0.9999548134592402}","{""A great deal"": 0.016816143497757848, ""None at all"": 0.492152466367713, ""Not very much"": 0.38116591928251126, ""Quite a lot"": 0.10986547085201794}","{""A great deal"": 0.3057851239669422, ""None at all"": 0.011019283746556474, ""Not very much"": 0.045454545454545456, ""Quite a lot"": 0.6377410468319559}"
mistral,Mistral-7B-Instruct-v0.3,Q1333,WVS,Vietnam,Lebanon,Q1333::Vietnam=>Lebanon,0.5411170930183898,0.4787278984738519,evidence-side,"{""A great deal"": 3.522949231232442e-08, ""None at all"": 0.04221579164960305, ""Not very much"": 0.957784150518357, ""Quite a lot"": 2.2602547659394088e-08}","{""A great deal"": 0.3057851239669422, ""None at all"": 0.011019283746556474, ""Not very much"": 0.045454545454545456, ""Quite a lot"": 0.6377410468319559}","{""A great deal"": 0.01725997842502697, ""None at all"": 0.4832793959007551, ""Not very much"": 0.39374325782092773, ""Quite a lot"": 0.1057173678532902}"
mistral,Mistral-7B-Instruct-v0.3,Q1333,WVS,Vietnam,Peru,Q1333::Vietnam=>Peru,0.7810137091367182,0.7985837453084814,evidence-side,"{""A great deal"": 5.22218834422916e-08, ""None at all"": 0.854525007035867, ""Not very much"": 0.14547490862988283, ""Quite a lot"": 3.211236684618138e-08}","{""A great deal"": 0.3057851239669422, ""None at all"": 0.011019283746556474, ""Not very much"": 0.045454545454545456, ""Quite a lot"": 0.6377410468319559}","{""A great deal"": 0.020986358866736624, ""None at all"": 0.5697796432318992, ""Not very much"": 0.31689401888772295, ""Quite a lot"": 0.09233997901364115}"
mistral,Mistral-7B-Instruct-v0.3,Q1333,WVS,Vietnam,Serbia,Q1333::Vietnam=>Serbia,0.4979797729782681,0.4295510406881734,evidence-side,"{""A great deal"": 3.38467153835926e-08, ""None at all"": 0.022006509739289474, ""Not very much"": 0.9779934419332056, ""Quite a lot"": 1.4480789509296499e-08}","{""A great deal"": 0.3057851239669422, ""None at all"": 0.011019283746556474, ""Not very much"": 0.045454545454545456, ""Quite a lot"": 0.6377410468319559}","{""A great deal"": 0.016816143497757848, ""None at all"": 0.492152466367713, ""Not very much"": 0.38116591928251126, ""Quite a lot"": 0.10986547085201794}"
mistral,Mistral-7B-Instruct-v0.3,Q1371,WVS,Argentina,Vietnam,Q1371::Argentina=>Vietnam,0.8383770290071796,0.8817065958234763,evidence-side,"{""No"": 1.1423306043089118e-06, ""Yes"": 0.9999988576693957}","{""No"": 0.9678714859437751, ""Yes"": 0.032128514056224904}","{""No"": 0.11199999999999999, ""Yes"": 0.888}"
mistral,Mistral-7B-Instruct-v0.3,Q1371,WVS,Vietnam,Argentina,Q1371::Vietnam=>Argentina,0.7217192267822,0.9144887199844944,evidence-side,"{""No"": 0.9999999647490149, ""Yes"": 3.525098520998108e-08}","{""No"": 0.11199999999999999, ""Yes"": 0.888}","{""No"": 0.9678714859437751, ""Yes"": 0.032128514056224904}"
mistral,Mistral-7B-Instruct-v0.3,Q1375,WVS,Australia,Vietnam,Q1375::Australia=>Vietnam,0.8506790072401065,0.9045944365766503,evidence-side,"{""Mentioned"": 0.9999999944103939, ""Not mentioned"": 5.589606131949413e-09}","{""Mentioned"": 0.04, ""Not mentioned"": 0.96}","{""Mentioned"": 0.9470000000000001, ""Not mentioned"": 0.053}"
mistral,Mistral-7B-Instruct-v0.3,Q1375,WVS,Great Britain,Vietnam,Q1375::Great Britain=>Vietnam,0.8451303050930257,0.9044552513656878,evidence-side,"{""Mentioned"": 0.9999999956421934, ""Not mentioned"": 4.3578065047196994e-09}","{""Mentioned"": 0.04238143289606459, ""Not mentioned"": 0.9576185671039354}","{""Mentioned"": 0.9470000000000001, ""Not mentioned"": 0.053}"
mistral,Mistral-7B-Instruct-v0.3,Q1375,WVS,Uruguay,Vietnam,Q1375::Uruguay=>Vietnam,0.8530379778011271,0.904653025460095,evidence-side,"{""Mentioned"": 0.9999999962525035, ""Not mentioned"": 3.747496520580353e-09}","{""Mentioned"": 0.039, ""Not mentioned"": 0.961}","{""Mentioned"": 0.9470000000000001, ""Not mentioned"": 0.053}"
mistral,Mistral-7B-Instruct-v0.3,Q1375,WVS,Vietnam,Australia,Q1375::Vietnam=>Australia,0.8279687776934037,0.9129659457627911,evidence-side,"{""Mentioned"": 7.555199281018767e-05, ""Not mentioned"": 0.9999244480071898}","{""Mentioned"": 0.9470000000000001, ""Not mentioned"": 0.053}","{""Mentioned"": 0.04, ""Not mentioned"": 0.96}"
mistral,Mistral-7B-Instruct-v0.3,Q1375,WVS,Vietnam,Great Britain,Q1375::Vietnam=>Great Britain,0.8269245646432384,0.9103971163710042,evidence-side,"{""Mentioned"": 8.652052697558754e-06, ""Not mentioned"": 0.9999913479473025}","{""Mentioned"": 0.9470000000000001, ""Not mentioned"": 0.053}","{""Mentioned"": 0.04238143289606459, ""Not mentioned"": 0.9576185671039354}"
mistral,Mistral-7B-Instruct-v0.3,Q1375,WVS,Vietnam,Uruguay,Q1375::Vietnam=>Uruguay,0.8286303119492505,0.9129355043566709,evidence-side,"{""Mentioned"": 2.1612480044391386e-05, ""Not mentioned"": 0.9999783875199556}","{""Mentioned"": 0.9470000000000001, ""Not mentioned"": 0.053}","{""Mentioned"": 0.039, ""Not mentioned"": 0.961}"
mistral,Mistral-7B-Instruct-v0.3,Q1392,WVS,Australia,Vietnam,Q1392::Australia=>Vietnam,0.6432827066316633,0.537774024622953,evidence-side,"{""A great deal"": 2.788721764288403e-05, ""None at all"": 7.985756790307365e-09, ""Not very much"": 3.2841123342682755e-09, ""Quite a lot"": 0.9999721015124879}","{""A great deal"": 0.014336917562724014, ""None at all"": 0.5627240143369175, ""Not very much"": 0.38530465949820786, ""Quite a lot"": 0.03763440860215053}","{""A great deal"": 0.3445491251682369, ""None at all"": 0.013458950201884253, ""Not very much"": 0.04710632570659489, ""Quite a lot"": 0.5948855989232841}"
mistral,Mistral-7B-Instruct-v0.3,Q1392,WVS,Vietnam,Australia,Q1392::Vietnam=>Australia,0.6850317346510917,0.5505525149932476,evidence-side,"{""A great deal"": 2.4262248695146904e-07, ""None at all"": 0.9999951497317192, ""Not very much"": 1.6917786041886306e-06, ""Quite a lot"": 2.915867189711678e-06}","{""A great deal"": 0.3445491251682369, ""None at all"": 0.013458950201884253, ""Not very much"": 0.04710632570659489, ""Quite a lot"": 0.5948855989232841}","{""A great deal"": 0.014336917562724014, ""None at all"": 0.5627240143369175, ""Not very much"": 0.38530465949820786, ""Quite a lot"": 0.03763440860215053}"
mistral,Mistral-7B-Instruct-v0.3,Q1395,WVS,Iran,Japan,Q1395::Iran=>Japan,0.65622937041657,0.7688623338328734,evidence-side,"{""Bad"": 4.625007966241153e-09, ""Fairly good"": 9.93377971155921e-09, ""Very bad"": 0.9999999761735764, ""Very good"": 9.267636019295538e-09}","{""Bad"": 0.08620689655172416, ""Fairly good"": 0.3691683569979716, ""Very bad"": 0.11866125760649088, ""Very good"": 0.4259634888438134}","{""Bad"": 0.1182669789227166, ""Fairly good"": 0.011709601873536299, ""Very bad"": 0.8653395784543326, ""Very good"": 0.00468384074941452}"
mistral,Mistral-7B-Instruct-v0.3,Q1395,WVS,Iran,New Zealand,Q1395::Iran=>New Zealand,0.6695506099891838,0.8011205812325057,evidence-side,"{""Bad"": 5.9367477682176044e-09, ""Fairly good"": 1.1118411179567874e-08, ""Very bad"": 0.9999999723192768, ""Very good"": 1.0625564201606592e-08}","{""Bad"": 0.08620689655172416, ""Fairly good"": 0.3691683569979716, ""Very bad"": 0.11866125760649088, ""Very good"": 0.4259634888438134}","{""Bad"": 0.09180327868852457, ""Fairly good"": 0.013114754098360654, ""Very bad"": 0.8896174863387978, ""Very good"": 0.005464480874316939}"
mistral,Mistral-7B-Instruct-v0.3,Q1395,WVS,Japan,Iran,Q1395::Japan=>Iran,-0.5863237079984229,-0.750667873118893,label-side,"{""Bad"": 0.004568461732204077, ""Fairly good"": 0.01174192002999307, ""Very bad"": 0.9710407568469723, ""Very good"": 0.012648861390830563}","{""Bad"": 0.1182669789227166, ""Fairly good"": 0.011709601873536299, ""Very bad"": 0.8653395784543326, ""Very good"": 0.00468384074941452}","{""Bad"": 0.08620689655172416, ""Fairly good"": 0.3691683569979716, ""Very bad"": 0.11866125760649088, ""Very good"": 0.4259634888438134}"
mistral,Mistral-7B-Instruct-v0.3,Q1395,WVS,New Zealand,Iran,Q1395::New Zealand=>Iran,-0.6124344430681966,-0.757266357979912,label-side,"{""Bad"": 2.137173652657449e-05, ""Fairly good"": 1.1204034635734655e-06, ""Very bad"": 0.9799146567436835, ""Very good"": 0.0200628511163263}","{""Bad"": 0.09180327868852457, ""Fairly good"": 0.013114754098360654, ""Very bad"": 0.8896174863387978, ""Very good"": 0.005464480874316939}","{""Bad"": 0.08620689655172416, ""Fairly good"": 0.3691683569979716, ""Very bad"": 0.11866125760649088, ""Very good"": 0.4259634888438134}"
mistral,Mistral-7B-Instruct-v0.3,Q1430,WVS,Tunisia,Vietnam,Q1430::Tunisia=>Vietnam,-0.3610030097623974,-0.31980644090805216,label-side,"{""A great deal"": 1.141842284002586e-06, ""None at all"": 5.5616959456751045e-05, ""Not very much"": 0.9703314681788561, ""Quite a lot"": 0.02961177301940321}","{""A great deal"": 0.03041362530413625, ""None at all"": 0.51338199513382, ""Not very much"": 0.3600973236009733, ""Quite a lot"": 0.09610705596107057}","{""A great deal"": 0.28243243243243243, ""None at all"": 0.006756756756756757, ""Not very much"": 0.058108108108108104, ""Quite a lot"": 0.6527027027027027}"
mistral,Mistral-7B-Instruct-v0.3,Q1430,WVS,Vietnam,Tunisia,Q1430::Vietnam=>Tunisia,0.7799430612399313,0.8753939428172628,evidence-side,"{""A great deal"": 2.2811961538047408e-05, ""None at all"": 0.5870955107275119, ""Not very much"": 0.41283856246455036, ""Quite a lot"": 4.3114846399679234e-05}","{""A great deal"": 0.28243243243243243, ""None at all"": 0.006756756756756757, ""Not very much"": 0.058108108108108104, ""Quite a lot"": 0.6527027027027027}","{""A great deal"": 0.03041362530413625, ""None at all"": 0.51338199513382, ""Not very much"": 0.3600973236009733, ""Quite a lot"": 0.09610705596107057}"
mistral,Mistral-7B-Instruct-v0.3,Q1456,WVS,Ethiopia,South Korea,Q1456::Ethiopia=>South Korea,0.44863849436862385,0.36375659427126067,evidence-side,"{""2"": 0.0028946256713925016, ""3"": 0.0065475589243111166, ""4"": 6.473653598664005e-05, ""5"": 0.090056379180739, ""6"": 0.013059804449664605, ""7"": 0.8866462640865502, ""8"": 0.00040996499617527256, ""9"": 6.324644099168464e-07, ""Hard work doesn't generally bring success - it's more a matter of luck and connections"": 1.0472411728033093e-06, ""In the long run, hard work usually brings a better life"": 0.0003189864495979103}","{""2"": 0.08032128514056225, ""3"": 0.020080321285140562, ""4"": 0.012048192771084338, ""5"": 0.07228915662650603, ""6"": 0.009036144578313254, ""7"": 0.004016064257028112, ""8"": 0.012048192771084338, ""9"": 0.019076305220883532, ""Hard work doesn't generally bring success - it's more a matter of luck and connections"": 0.05622489959839356, ""In the long run, hard work usually brings a better life"": 0.714859437751004}","{""2"": 0.05, ""3"": 0.095, ""4"": 0.145, ""5"": 0.153, ""6"": 0.17800000000000002, ""7"": 0.22399999999999998, ""8"": 0.11699999999999999, ""9"": 0.015, ""Hard work doesn't generally bring success - it's more a matter of luck and connections"": 0.009000000000000001, ""In the long run, hard work usually brings a better life"": 0.013999999999999999}"
mistral,Mistral-7B-Instruct-v0.3,Q1456,WVS,South Korea,Ethiopia,Q1456::South Korea=>Ethiopia,0.7868815032659876,0.7337687636163217,evidence-side,"{""2"": 4.6905145071906824e-07, ""3"": 2.795902233930509e-08, ""4"": 6.462164916610528e-09, ""5"": 8.299975189720621e-05, ""6"": 7.913873189554242e-09, ""7"": 5.659035404041657e-09, ""8"": 6.727222359406281e-06, ""9"": 4.047816626160278e-08, ""Hard work doesn't generally bring success - it's more a matter of luck and connections"": 4.732970600332927e-08, ""In the long run, hard work usually brings a better life"": 0.9999096681723245}","{""2"": 0.05, ""3"": 0.095, ""4"": 0.145, ""5"": 0.153, ""6"": 0.17800000000000002, ""7"": 0.22399999999999998, ""8"": 0.11699999999999999, ""9"": 0.015, ""Hard work doesn't generally bring success - it's more a matter of luck and connections"": 0.009000000000000001, ""In the long run, hard work usually brings a better life"": 0.013999999999999999}","{""2"": 0.08032128514056225, ""3"": 0.020080321285140562, ""4"": 0.012048192771084338, ""5"": 0.07228915662650603, ""6"": 0.009036144578313254, ""7"": 0.004016064257028112, ""8"": 0.012048192771084338, ""9"": 0.019076305220883532, ""Hard work doesn't generally bring success - it's more a matter of luck and connections"": 0.05622489959839356, ""In the long run, hard work usually brings a better life"": 0.714859437751004}"
mistral,Mistral-7B-Instruct-v0.3,Q1483,WVS,Argentina,Maldives,Q1483::Argentina=>Maldives,0.7717509117145098,0.9065026660594019,evidence-side,"{""Make sense of life after death"": 0.9998084984044019, ""Make sense of life in this world"": 0.00019150159559811673}","{""Make sense of life after death"": 0.0782520325203252, ""Make sense of life in this world"": 0.9217479674796748}","{""Make sense of life after death"": 0.9502212389380531, ""Make sense of life in this world"": 0.04977876106194689}"
mistral,Mistral-7B-Instruct-v0.3,Q1483,WVS,Greece,Maldives,Q1483::Greece=>Maldives,0.7529565070320234,0.9036417292441873,evidence-side,"{""Make sense of life after death"": 0.9999999968660264, ""Make sense of life in this world"": 3.133973679019312e-09}","{""Make sense of life after death"": 0.08867521367521368, ""Make sense of life in this world"": 0.9113247863247863}","{""Make sense of life after death"": 0.9502212389380531, ""Make sense of life in this world"": 0.04977876106194689}"
mistral,Mistral-7B-Instruct-v0.3,Q1483,WVS,Maldives,Argentina,Q1483::Maldives=>Argentina,0.8151268176535323,0.8928092196596372,evidence-side,"{""Make sense of life after death"": 3.630896191945415e-05, ""Make sense of life in this world"": 0.9999636910380806}","{""Make sense of life after death"": 0.9502212389380531, ""Make sense of life in this world"": 0.04977876106194689}","{""Make sense of life after death"": 0.0782520325203252, ""Make sense of life in this world"": 0.9217479674796748}"
mistral,Mistral-7B-Instruct-v0.3,Q1483,WVS,Maldives,Greece,Q1483::Maldives=>Greece,0.8096445594997754,0.8885780444071949,evidence-side,"{""Make sense of life after death"": 7.971189593818938e-06, ""Make sense of life in this world"": 0.9999920288104062}","{""Make sense of life after death"": 0.9502212389380531, ""Make sense of life in this world"": 0.04977876106194689}","{""Make sense of life after death"": 0.08867521367521368, ""Make sense of life in this world"": 0.9113247863247863}"
mistral,Mistral-7B-Instruct-v0.3,Q1483,WVS,Maldives,Vietnam,Q1483::Maldives=>Vietnam,0.8066859103471999,0.8895335209255405,evidence-side,"{""Make sense of life after death"": 0.0003139802412848646, ""Make sense of life in this world"": 0.9996860197587152}","{""Make sense of life after death"": 0.9502212389380531, ""Make sense of life in this world"": 0.04977876106194689}","{""Make sense of life after death"": 0.09300000000000001, ""Make sense of life in this world"": 0.907}"
mistral,Mistral-7B-Instruct-v0.3,Q1483,WVS,Vietnam,Maldives,Q1483::Vietnam=>Maldives,0.745201867822341,0.9034018226899646,evidence-side,"{""Make sense of life after death"": 0.9999999974360049, ""Make sense of life in this world"": 2.563995166149111e-09}","{""Make sense of life after death"": 0.09300000000000001, ""Make sense of life in this world"": 0.907}","{""Make sense of life after death"": 0.9502212389380531, ""Make sense of life in this world"": 0.04977876106194689}"
mistral,Mistral-7B-Instruct-v0.3,Q1508,WVS,Germany,Myanmar,Q1508::Germany=>Myanmar,0.9205935106469764,0.888251578924551,evidence-side,"{""Mentioned"": 0.9999999831245209, ""Not mentioned"": 1.6875479078501876e-08}","{""Mentioned"": 0.0070210631895687055, ""Not mentioned"": 0.9929789368104313}","{""Mentioned"": 0.905, ""Not mentioned"": 0.095}"
mistral,Mistral-7B-Instruct-v0.3,Q1508,WVS,Myanmar,Germany,Q1508::Myanmar=>Germany,0.7634476865845301,0.9509999096966614,evidence-side,"{""Mentioned"": 1.056708465135482e-05, ""Not mentioned"": 0.9999894329153487}","{""Mentioned"": 0.905, ""Not mentioned"": 0.095}","{""Mentioned"": 0.0070210631895687055, ""Not mentioned"": 0.9929789368104313}"
mistral,Mistral-7B-Instruct-v0.3,Q1508,WVS,Myanmar,Netherlands,Q1508::Myanmar=>Netherlands,0.765376663108188,0.9649909098730469,evidence-side,"{""Mentioned"": 1.46410713717842e-05, ""Not mentioned"": 0.9999853589286283}","{""Mentioned"": 0.905, ""Not mentioned"": 0.095}","{""Mentioned"": 0.0031282586027111575, ""Not mentioned"": 0.9968717413972888}"
mistral,Mistral-7B-Instruct-v0.3,Q1508,WVS,Myanmar,Northern Ireland,Q1508::Myanmar=>Northern Ireland,0.7639334951485646,0.9540520525029347,evidence-side,"{""Mentioned"": 1.4739994039899748e-05, ""Not mentioned"": 0.9999852600059601}","{""Mentioned"": 0.905, ""Not mentioned"": 0.095}","{""Mentioned"": 0.006018054162487463, ""Not mentioned"": 0.9939819458375125}"
mistral,Mistral-7B-Instruct-v0.3,Q1508,WVS,Netherlands,Myanmar,Q1508::Netherlands=>Myanmar,0.9306874422718265,0.8996575825487441,evidence-side,"{""Mentioned"": 0.9977551612781992, ""Not mentioned"": 0.0022448387218008225}","{""Mentioned"": 0.0031282586027111575, ""Not mentioned"": 0.9968717413972888}","{""Mentioned"": 0.905, ""Not mentioned"": 0.095}"
mistral,Mistral-7B-Instruct-v0.3,Q1508,WVS,Northern Ireland,Myanmar,Q1508::Northern Ireland=>Myanmar,0.9242403580631771,0.8882952487159643,evidence-side,"{""Mentioned"": 0.9999999839077062, ""Not mentioned"": 1.609229381909252e-08}","{""Mentioned"": 0.006018054162487463, ""Not mentioned"": 0.9939819458375125}","{""Mentioned"": 0.905, ""Not mentioned"": 0.095}"
mistral,Mistral-7B-Instruct-v0.3,Q1510,WVS,Brazil,Singapore,Q1510::Brazil=>Singapore,0.5174119201751318,0.38145633722863276,evidence-side,"{""1 There is no corruption in the respondent's country"": 0.0021526561066974375, ""10 There is abundant corruption in the respondent's country"": 1.4936544109022036e-07, ""2"": 0.006996196789256008, ""3"": 0.5690466948498858, ""4"": 0.41510395935288535, ""5"": 0.006043742591361726, ""6"": 4.44192398154349e-07, ""7"": 0.0006499395294412198, ""8"": 1.0528878972347022e-06, ""9"": 5.164334736038191e-06}","{""1 There is no corruption in the respondent's country"": 0.009081735620585268, ""10 There is abundant corruption in the respondent's country"": 0.851664984863774, ""2"": 0.0010090817356205853, ""3"": 0.006054490413723511, ""4"": 0.011099899091826439, ""5"": 0.033299697275479316, ""6"": 0.010090817356205853, ""7"": 0.020181634712411706, ""8"": 0.027245206861755807, ""9"": 0.030272452068617554}","{""1 There is no corruption in the respondent's country"": 0.10214504596527069, ""10 There is abundant corruption in the respondent's country"": 0.01327885597548519, ""2"": 0.26762002042900923, ""3"": 0.2533197139938714, ""4"": 0.09908069458631255, ""5"": 0.11950970377936669, ""6"": 0.05924412665985699, ""7"": 0.05107252298263534, ""8"": 0.027579162410623085, ""9"": 0.007150153217568947}"
mistral,Mistral-7B-Instruct-v0.3,Q1510,WVS,Colombia,Singapore,Q1510::Colombia=>Singapore,-0.061370302165540624,-0.049044122730158436,label-side,"{""1 There is no corruption in the respondent's country"": 2.328710807331304e-06, ""10 There is abundant corruption in the respondent's country"": 0.3084387995777699, ""2"": 0.000361687220077274, ""3"": 0.6904923841288074, ""4"": 0.00038342817033212287, ""5"": 1.6937790309968243e-05, ""6"": 1.7370167951873443e-06, ""7"": 1.1089349650029222e-06, ""8"": 1.383886332411436e-05, ""9"": 0.00028774958681169067}","{""1 There is no corruption in the respondent's country"": 0.01, ""10 There is abundant corruption in the respondent's country"": 0.8200000000000001, ""2"": 0.005, ""3"": 0.005, ""4"": 0.003, ""5"": 0.017, ""6"": 0.013000000000000001, ""7"": 0.015, ""8"": 0.048, ""9"": 0.064}","{""1 There is no corruption in the respondent's country"": 0.10214504596527069, ""10 There is abundant corruption in the respondent's country"": 0.01327885597548519, ""2"": 0.26762002042900923, ""3"": 0.2533197139938714, ""4"": 0.09908069458631255, ""5"": 0.11950970377936669, ""6"": 0.05924412665985699, ""7"": 0.05107252298263534, ""8"": 0.027579162410623085, ""9"": 0.007150153217568947}"
mistral,Mistral-7B-Instruct-v0.3,Q1510,WVS,Peru,Singapore,Q1510::Peru=>Singapore,0.4526279438951749,0.29669890917077874,evidence-side,"{""1 There is no corruption in the respondent's country"": 0.0018976650278479741, ""10 There is abundant corruption in the respondent's country"": 3.278847370553802e-06, ""2"": 5.634619422635065e-05, ""3"": 0.9979666994379753, ""4"": 5.010052550139453e-07, ""5"": 1.7455827089516945e-06, ""6"": 3.888988535028697e-06, ""7"": 9.019204187008624e-07, ""8"": 3.708494938646288e-05, ""9"": 3.1888046275628874e-05}","{""1 There is no corruption in the respondent's country"": 0.0070351758793969835, ""10 There is abundant corruption in the respondent's country"": 0.7557788944723618, ""2"": 0.0010050251256281406, ""3"": 0.0010050251256281406, ""4"": 0.0010050251256281406, ""5"": 0.011055276381909548, ""6"": 0.008040201005025125, ""7"": 0.022110552763819097, ""8"": 0.07437185929648242, ""9"": 0.1185929648241206}","{""1 There is no corruption in the respondent's country"": 0.10214504596527069, ""10 There is abundant corruption in the respondent's country"": 0.01327885597548519, ""2"": 0.26762002042900923, ""3"": 0.2533197139938714, ""4"": 0.09908069458631255, ""5"": 0.11950970377936669, ""6"": 0.05924412665985699, ""7"": 0.05107252298263534, ""8"": 0.027579162410623085, ""9"": 0.007150153217568947}"
mistral,Mistral-7B-Instruct-v0.3,Q1510,WVS,Singapore,Brazil,Q1510::Singapore=>Brazil,0.8703437933501372,0.8146634404463982,evidence-side,"{""1 There is no corruption in the respondent's country"": 6.793556095682605e-07, ""10 There is abundant corruption in the respondent's country"": 0.9999166936973464, ""2"": 9.609305096286091e-08, ""3"": 1.9962201798664014e-07, ""4"": 7.191984375472593e-05, ""5"": 1.0295416944600103e-05, ""6"": 1.689391903713646e-08, ""7"": 1.546688354059956e-08, ""8"": 3.950746648449453e-08, ""9"": 4.4103006708293937e-08}","{""1 There is no corruption in the respondent's country"": 0.10214504596527069, ""10 There is abundant corruption in the respondent's country"": 0.01327885597548519, ""2"": 0.26762002042900923, ""3"": 0.2533197139938714, ""4"": 0.09908069458631255, ""5"": 0.11950970377936669, ""6"": 0.05924412665985699, ""7"": 0.05107252298263534, ""8"": 0.027579162410623085, ""9"": 0.007150153217568947}","{""1 There is no corruption in the respondent's country"": 0.009081735620585268, ""10 There is abundant corruption in the respondent's country"": 0.851664984863774, ""2"": 0.0010090817356205853, ""3"": 0.006054490413723511, ""4"": 0.011099899091826439, ""5"": 0.033299697275479316, ""6"": 0.010090817356205853, ""7"": 0.020181634712411706, ""8"": 0.027245206861755807, ""9"": 0.030272452068617554}"
mistral,Mistral-7B-Instruct-v0.3,Q1510,WVS,Singapore,Colombia,Q1510::Singapore=>Colombia,0.8439805953812214,0.7724770340960441,evidence-side,"{""1 There is no corruption in the respondent's country"": 0.003755608563161781, ""10 There is abundant corruption in the respondent's country"": 0.9958374577346487, ""2"": 3.569287388408651e-07, ""3"": 2.249883098505761e-05, ""4"": 0.00027290718696567457, ""5"": 0.00011063629869765896, ""6"": 1.2775960844021907e-07, ""7"": 1.1734966062960484e-07, ""8"": 1.111519576869648e-07, ""9"": 1.7819557552824896e-07}","{""1 There is no corruption in the respondent's country"": 0.10214504596527069, ""10 There is abundant corruption in the respondent's country"": 0.01327885597548519, ""2"": 0.26762002042900923, ""3"": 0.2533197139938714, ""4"": 0.09908069458631255, ""5"": 0.11950970377936669, ""6"": 0.05924412665985699, ""7"": 0.05107252298263534, ""8"": 0.027579162410623085, ""9"": 0.007150153217568947}","{""1 There is no corruption in the respondent's country"": 0.01, ""10 There is abundant corruption in the respondent's country"": 0.8200000000000001, ""2"": 0.005, ""3"": 0.005, ""4"": 0.003, ""5"": 0.017, ""6"": 0.013000000000000001, ""7"": 0.015, ""8"": 0.048, ""9"": 0.064}"
mistral,Mistral-7B-Instruct-v0.3,Q1510,WVS,Singapore,Peru,Q1510::Singapore=>Peru,0.8144506951069633,0.6883919082041695,evidence-side,"{""1 There is no corruption in the respondent's country"": 2.691294585134465e-06, ""10 There is abundant corruption in the respondent's country"": 0.9999626762094302, ""2"": 7.544345152255591e-08, ""3"": 3.4842140672464024e-07, ""4"": 1.871654234850052e-05, ""5"": 1.535435601249968e-05, ""6"": 2.5552730294744775e-08, ""7"": 1.9112566505045963e-08, ""8"": 4.288385388099541e-08, ""9"": 5.0183614677911554e-08}","{""1 There is no corruption in the respondent's country"": 0.10214504596527069, ""10 There is abundant corruption in the respondent's country"": 0.01327885597548519, ""2"": 0.26762002042900923, ""3"": 0.2533197139938714, ""4"": 0.09908069458631255, ""5"": 0.11950970377936669, ""6"": 0.05924412665985699, ""7"": 0.05107252298263534, ""8"": 0.027579162410623085, ""9"": 0.007150153217568947}","{""1 There is no corruption in the respondent's country"": 0.0070351758793969835, ""10 There is abundant corruption in the respondent's country"": 0.7557788944723618, ""2"": 0.0010050251256281406, ""3"": 0.0010050251256281406, ""4"": 0.0010050251256281406, ""5"": 0.011055276381909548, ""6"": 0.008040201005025125, ""7"": 0.022110552763819097, ""8"": 0.07437185929648242, ""9"": 0.1185929648241206}"
qwen,Qwen2.5-7B-Instruct,Q0059,GAS,El Salvador,India (Current national sample),Q0059::El Salvador=>India (Current national sample),0.8762569264630105,0.8733826403138549,evidence-side,"{""Somewhat favorable"": 1.2269709818673622e-10, ""Somewhat unfavorable"": 2.9459478048270774e-12, ""Very favorable"": 0.9999999997892381, ""Very unfavorable"": 8.511876733063142e-11}","{""Somewhat favorable"": 0.41509433962264153, ""Somewhat unfavorable"": 0.37735849056603776, ""Very favorable"": 0.018867924528301886, ""Very unfavorable"": 0.18867924528301888}","{""Somewhat favorable"": 0.07526881720430108, ""Somewhat unfavorable"": 0.010752688172043012, ""Very favorable"": 0.8924731182795699, ""Very unfavorable"": 0.021505376344086023}"
qwen,Qwen2.5-7B-Instruct,Q0059,GAS,India (Current national sample),El Salvador,Q0059::India (Current national sample)=>El Salvador,0.42094725568996816,0.3330039593014209,evidence-side,"{""Somewhat favorable"": 0.9999999981389269, ""Somewhat unfavorable"": 1.8383190972617572e-09, ""Very favorable"": 1.868374474376153e-11, ""Very unfavorable"": 4.0702532103215195e-12}","{""Somewhat favorable"": 0.07526881720430108, ""Somewhat unfavorable"": 0.010752688172043012, ""Very favorable"": 0.8924731182795699, ""Very unfavorable"": 0.021505376344086023}","{""Somewhat favorable"": 0.41509433962264153, ""Somewhat unfavorable"": 0.37735849056603776, ""Very favorable"": 0.018867924528301886, ""Very unfavorable"": 0.18867924528301888}"
qwen,Qwen2.5-7B-Instruct,Q0059,GAS,India (Current national sample),Pakistan,Q0059::India (Current national sample)=>Pakistan,0.7235614938824875,0.6172290732544721,evidence-side,"{""Somewhat favorable"": 1.080781502689632e-05, ""Somewhat unfavorable"": 8.75280594709128e-09, ""Very favorable"": 1.6139379165235973e-10, ""Very unfavorable"": 0.9999891832707734}","{""Somewhat favorable"": 0.07526881720430108, ""Somewhat unfavorable"": 0.010752688172043012, ""Very favorable"": 0.8924731182795699, ""Very unfavorable"": 0.021505376344086023}","{""Somewhat favorable"": 0.15116279069767444, ""Somewhat unfavorable"": 0.16279069767441862, ""Very favorable"": 0.03488372093023256, ""Very unfavorable"": 0.6511627906976745}"
qwen,Qwen2.5-7B-Instruct,Q0059,GAS,India (Current national sample),S. Korea,Q0059::India (Current national sample)=>S. Korea,0.6348072936439996,0.5994237263431523,evidence-side,"{""Somewhat favorable"": 0.9999999997841946, ""Somewhat unfavorable"": 1.9375814679470146e-10, ""Very favorable"": 2.123847423155486e-11, ""Very unfavorable"": 8.086975823604819e-13}","{""Somewhat favorable"": 0.07526881720430108, ""Somewhat unfavorable"": 0.010752688172043012, ""Very favorable"": 0.8924731182795699, ""Very unfavorable"": 0.021505376344086023}","{""Somewhat favorable"": 0.7011494252873564, ""Somewhat unfavorable"": 0.2298850574712644, ""Very favorable"": 0.034482758620689655, ""Very unfavorable"": 0.034482758620689655}"
qwen,Qwen2.5-7B-Instruct,Q0059,GAS,Pakistan,India (Current national sample),Q0059::Pakistan=>India (Current national sample),0.8339933598846853,0.850177835447129,evidence-side,"{""Somewhat favorable"": 4.4693267204642375e-12, ""Somewhat unfavorable"": 1.317685271639991e-12, ""Very favorable"": 0.9999999999863443, ""Very unfavorable"": 7.868697368380886e-12}","{""Somewhat favorable"": 0.15116279069767444, ""Somewhat unfavorable"": 0.16279069767441862, ""Very favorable"": 0.03488372093023256, ""Very unfavorable"": 0.6511627906976745}","{""Somewhat favorable"": 0.07526881720430108, ""Somewhat unfavorable"": 0.010752688172043012, ""Very favorable"": 0.8924731182795699, ""Very unfavorable"": 0.021505376344086023}"
qwen,Qwen2.5-7B-Instruct,Q0059,GAS,S. Korea,India (Current national sample),Q0059::S. Korea=>India (Current national sample),0.8349754792555034,0.8727338499107982,evidence-side,"{""Somewhat favorable"": 3.35697148261382e-10, ""Somewhat unfavorable"": 9.06467385064761e-13, ""Very favorable"": 0.9999999996622785, ""Very unfavorable"": 1.1179296204998568e-12}","{""Somewhat favorable"": 0.7011494252873564, ""Somewhat unfavorable"": 0.2298850574712644, ""Very favorable"": 0.034482758620689655, ""Very unfavorable"": 0.034482758620689655}","{""Somewhat favorable"": 0.07526881720430108, ""Somewhat unfavorable"": 0.010752688172043012, ""Very favorable"": 0.8924731182795699, ""Very unfavorable"": 0.021505376344086023}"
qwen,Qwen2.5-7B-Instruct,Q0160,GAS,El Salvador,Jordan,Q0160::El Salvador=>Jordan,0.5512769685987537,0.48781667117690225,evidence-side,"{""Not too well"": 0.00040523331991951906, ""Not well at all"": 0.9995947663888746, ""Somewhat well"": 6.494685313717948e-11, ""Very well"": 2.2625914830335438e-10}","{""Not too well"": 0.12121212121212122, ""Not well at all"": 0.050505050505050504, ""Somewhat well"": 0.47474747474747475, ""Very well"": 0.35353535353535354}","{""Not too well"": 0.46808510638297873, ""Not well at all"": 0.5106382978723404, ""Somewhat well"": 0.010638297872340425, ""Very well"": 0.010638297872340425}"
qwen,Qwen2.5-7B-Instruct,Q0160,GAS,Ghana,Jordan,Q0160::Ghana=>Jordan,0.5049188236201418,0.44935370951444703,evidence-side,"{""Not too well"": 1.6442494555031286e-05, ""Not well at all"": 0.9999835572121052, ""Somewhat well"": 1.8200483223363596e-10, ""Very well"": 1.113350170121878e-10}","{""Not too well"": 0.08333333333333333, ""Not well at all"": 0.07291666666666667, ""Somewhat well"": 0.28125, ""Very well"": 0.5625}","{""Not too well"": 0.46808510638297873, ""Not well at all"": 0.5106382978723404, ""Somewhat well"": 0.010638297872340425, ""Very well"": 0.010638297872340425}"
qwen,Qwen2.5-7B-Instruct,Q0160,GAS,Jordan,El Salvador,Q0160::Jordan=>El Salvador,0.6450560720597893,0.5513653579618957,evidence-side,"{""Not too well"": 3.431000238601248e-08, ""Not well at all"": 4.432232209081928e-09, ""Somewhat well"": 0.990413291145923, ""Very well"": 0.009586670111842435}","{""Not too well"": 0.46808510638297873, ""Not well at all"": 0.5106382978723404, ""Somewhat well"": 0.010638297872340425, ""Very well"": 0.010638297872340425}","{""Not too well"": 0.12121212121212122, ""Not well at all"": 0.050505050505050504, ""Somewhat well"": 0.47474747474747475, ""Very well"": 0.35353535353535354}"
qwen,Qwen2.5-7B-Instruct,Q0160,GAS,Jordan,Ghana,Q0160::Jordan=>Ghana,0.6938918162189804,0.599787297099772,evidence-side,"{""Not too well"": 2.8649925479070834e-09, ""Not well at all"": 6.956002345299573e-09, ""Somewhat well"": 4.799460684759663e-09, ""Very well"": 0.9999999853795445}","{""Not too well"": 0.46808510638297873, ""Not well at all"": 0.5106382978723404, ""Somewhat well"": 0.010638297872340425, ""Very well"": 0.010638297872340425}","{""Not too well"": 0.08333333333333333, ""Not well at all"": 0.07291666666666667, ""Somewhat well"": 0.28125, ""Very well"": 0.5625}"
qwen,Qwen2.5-7B-Instruct,Q0160,GAS,Jordan,Uzbekistan,Q0160::Jordan=>Uzbekistan,0.6828536780382575,0.5671066404895265,evidence-side,"{""Not too well"": 2.143446014483219e-08, ""Not well at all"": 6.1715231360733225e-09, ""Somewhat well"": 0.0718889246316744, ""Very well"": 0.9281110477623423}","{""Not too well"": 0.46808510638297873, ""Not well at all"": 0.5106382978723404, ""Somewhat well"": 0.010638297872340425, ""Very well"": 0.010638297872340425}","{""Not too well"": 0.07954545454545456, ""Not well at all"": 0.034090909090909095, ""Somewhat well"": 0.4772727272727273, ""Very well"": 0.4090909090909091}"
qwen,Qwen2.5-7B-Instruct,Q0160,GAS,Uzbekistan,Jordan,Q0160::Uzbekistan=>Jordan,0.5893687728259361,0.4819934595132704,evidence-side,"{""Not too well"": 0.0003622583771946347, ""Not well at all"": 0.999637741395405, ""Somewhat well"": 6.329834994958102e-11, ""Very well"": 1.6410202712711594e-10}","{""Not too well"": 0.07954545454545456, ""Not well at all"": 0.034090909090909095, ""Somewhat well"": 0.4772727272727273, ""Very well"": 0.4090909090909091}","{""Not too well"": 0.46808510638297873, ""Not well at all"": 0.5106382978723404, ""Somewhat well"": 0.010638297872340425, ""Very well"": 0.010638297872340425}"
qwen,Qwen2.5-7B-Instruct,Q0238,GAS,Israel,Morocco,Q0238::Israel=>Morocco,0.625018787890557,0.5300827565273458,evidence-side,"{""Somewhat favorable"": 0.995448050279995, ""Somewhat unfavorable"": 1.8311776210323608e-08, ""Very favorable"": 0.004551928689062214, ""Very unfavorable"": 2.7191665788989055e-09}","{""Somewhat favorable"": 0.030303030303030304, ""Somewhat unfavorable"": 0.0707070707070707, ""Very favorable"": 0.010101010101010102, ""Very unfavorable"": 0.8888888888888888}","{""Somewhat favorable"": 0.5333333333333333, ""Somewhat unfavorable"": 0.13333333333333333, ""Very favorable"": 0.2833333333333333, ""Very unfavorable"": 0.05}"
qwen,Qwen2.5-7B-Instruct,Q0238,GAS,Morocco,Israel,Q0238::Morocco=>Israel,0.7970831273180439,0.8501756494337559,evidence-side,"{""Somewhat favorable"": 2.3822705970533324e-10, ""Somewhat unfavorable"": 1.2781356851564269e-09, ""Very favorable"": 3.4237973386226325e-09, ""Very unfavorable"": 0.9999999950598399}","{""Somewhat favorable"": 0.5333333333333333, ""Somewhat unfavorable"": 0.13333333333333333, ""Very favorable"": 0.2833333333333333, ""Very unfavorable"": 0.05}","{""Somewhat favorable"": 0.030303030303030304, ""Somewhat unfavorable"": 0.0707070707070707, ""Very favorable"": 0.010101010101010102, ""Very unfavorable"": 0.8888888888888888}"
qwen,Qwen2.5-7B-Instruct,Q0238,GAS,Morocco,Turkey,Q0238::Morocco=>Turkey,0.7534347160383112,0.7944082761712391,evidence-side,"{""Somewhat favorable"": 2.1017810989812906e-10, ""Somewhat unfavorable"": 5.366228956843128e-09, ""Very favorable"": 8.336935823831089e-10, ""Very unfavorable"": 0.9999999935898993}","{""Somewhat favorable"": 0.5333333333333333, ""Somewhat unfavorable"": 0.13333333333333333, ""Very favorable"": 0.2833333333333333, ""Very unfavorable"": 0.05}","{""Somewhat favorable"": 0.044444444444444446, ""Somewhat unfavorable"": 0.13333333333333333, ""Very favorable"": 0.011111111111111112, ""Very unfavorable"": 0.8111111111111111}"
qwen,Qwen2.5-7B-Instruct,Q0238,GAS,Turkey,Morocco,Q0238::Turkey=>Morocco,0.5820379101409169,0.5206403830305221,evidence-side,"{""Somewhat favorable"": 0.9999999950049492, ""Somewhat unfavorable"": 2.170672431660359e-09, ""Very favorable"": 2.752300344218519e-09, ""Very unfavorable"": 7.207805482191368e-11}","{""Somewhat favorable"": 0.044444444444444446, ""Somewhat unfavorable"": 0.13333333333333333, ""Very favorable"": 0.011111111111111112, ""Very unfavorable"": 0.8111111111111111}","{""Somewhat favorable"": 0.5333333333333333, ""Somewhat unfavorable"": 0.13333333333333333, ""Very favorable"": 0.2833333333333333, ""Very unfavorable"": 0.05}"
qwen,Qwen2.5-7B-Instruct,Q0254,GAS,Indonesia,Sweden,Q0254::Indonesia=>Sweden,0.7858148745853982,0.8417412716877316,evidence-side,"{""Completely agree"": 9.540433229684119e-11, ""Completely disagree"": 0.9999998308086524, ""Mostly agree"": 8.653936061010926e-11, ""Mostly disagree"": 1.6900940393159045e-07}","{""Completely agree"": 0.4574468085106383, ""Completely disagree"": 0.04255319148936171, ""Mostly agree"": 0.3191489361702128, ""Mostly disagree"": 0.18085106382978727}","{""Completely agree"": 0.030303030303030304, ""Completely disagree"": 0.8383838383838383, ""Mostly agree"": 0.04040404040404041, ""Mostly disagree"": 0.09090909090909091}"
qwen,Qwen2.5-7B-Instruct,Q0254,GAS,Sweden,Indonesia,Q0254::Sweden=>Indonesia,-0.7213872869676398,-0.826043081052632,label-side,"{""Completely agree"": 0.030127799687074557, ""Completely disagree"": 0.9694634035748156, ""Mostly agree"": 0.0002555418646022319, ""Mostly disagree"": 0.00015325487350752713}","{""Completely agree"": 0.030303030303030304, ""Completely disagree"": 0.8383838383838383, ""Mostly agree"": 0.04040404040404041, ""Mostly disagree"": 0.09090909090909091}","{""Completely agree"": 0.4574468085106383, ""Completely disagree"": 0.04255319148936171, ""Mostly agree"": 0.3191489361702128, ""Mostly disagree"": 0.18085106382978727}"
qwen,Qwen2.5-7B-Instruct,Q0268,GAS,India (Current national sample),Pakistan,Q0268::India (Current national sample)=>Pakistan,0.7342429392165084,0.8282559152723212,evidence-side,"{""Major threat"": 1.8453498588164574e-09, ""Minor threat"": 1.2691096656863434e-05, ""Not a threat"": 0.9999873070579933}","{""Major threat"": 0.6666666666666666, ""Minor threat"": 0.2619047619047619, ""Not a threat"": 0.07142857142857142}","{""Major threat"": 0.02631578947368421, ""Minor threat"": 0.11842105263157894, ""Not a threat"": 0.8552631578947368}"
qwen,Qwen2.5-7B-Instruct,Q0268,GAS,Japan,Pakistan,Q0268::Japan=>Pakistan,0.7342552366139392,0.8100215400990911,evidence-side,"{""Major threat"": 4.596849455190334e-12, ""Minor threat"": 6.233836230297597e-12, ""Not a threat"": 0.9999999999891693}","{""Major threat"": 0.7551020408163266, ""Minor threat"": 0.17346938775510207, ""Not a threat"": 0.07142857142857144}","{""Major threat"": 0.02631578947368421, ""Minor threat"": 0.11842105263157894, ""Not a threat"": 0.8552631578947368}"
qwen,Qwen2.5-7B-Instruct,Q0268,GAS,Pakistan,India (Current national sample),Q0268::Pakistan=>India (Current national sample),0.7208434728099873,0.6874874730804778,evidence-side,"{""Major threat"": 0.999999565945125, ""Minor threat"": 4.3382868048982326e-07, ""Not a threat"": 2.2619454277615186e-10}","{""Major threat"": 0.02631578947368421, ""Minor threat"": 0.11842105263157894, ""Not a threat"": 0.8552631578947368}","{""Major threat"": 0.6666666666666666, ""Minor threat"": 0.2619047619047619, ""Not a threat"": 0.07142857142857142}"
qwen,Qwen2.5-7B-Instruct,Q0268,GAS,Pakistan,Japan,Q0268::Pakistan=>Japan,0.7769037101974203,0.7629802408386167,evidence-side,"{""Major threat"": 0.9999999313836231, ""Minor threat"": 6.848280196918353e-08, ""Not a threat"": 1.3357490474639363e-10}","{""Major threat"": 0.02631578947368421, ""Minor threat"": 0.11842105263157894, ""Not a threat"": 0.8552631578947368}","{""Major threat"": 0.7551020408163266, ""Minor threat"": 0.17346938775510207, ""Not a threat"": 0.07142857142857144}"
qwen,Qwen2.5-7B-Instruct,Q0268,GAS,Pakistan,S. Korea,Q0268::Pakistan=>S. Korea,0.7845115551848822,0.7632730407580639,evidence-side,"{""Major threat"": 0.9999999716205729, ""Minor threat"": 2.8321397091871645e-08, ""Not a threat"": 5.8030124573991696e-11}","{""Major threat"": 0.02631578947368421, ""Minor threat"": 0.11842105263157894, ""Not a threat"": 0.8552631578947368}","{""Major threat"": 0.7676767676767676, ""Minor threat"": 0.1717171717171717, ""Not a threat"": 0.06060606060606061}"
qwen,Qwen2.5-7B-Instruct,Q0268,GAS,S. Korea,Pakistan,Q0268::S. Korea=>Pakistan,0.7559806412488355,0.8113870371815695,evidence-side,"{""Major threat"": 4.0331861754215964e-10, ""Minor threat"": 1.2125428058207853e-09, ""Not a threat"": 0.9999999983841386}","{""Major threat"": 0.7676767676767676, ""Minor threat"": 0.1717171717171717, ""Not a threat"": 0.06060606060606061}","{""Major threat"": 0.02631578947368421, ""Minor threat"": 0.11842105263157894, ""Not a threat"": 0.8552631578947368}"
qwen,Qwen2.5-7B-Instruct,Q0394,GAS,Australia,Palest. ter.,Q0394::Australia=>Palest. ter.,0.7987351588656038,0.9078277355234535,evidence-side,"{""Better off"": 5.785923590544037e-08, ""Worse off"": 0.9999999421407642}","{""Better off"": 0.9340659340659341, ""Worse off"": 0.06593406593406594}","{""Better off"": 0.0449438202247191, ""Worse off"": 0.9550561797752809}"
qwen,Qwen2.5-7B-Instruct,Q0394,GAS,Canada,Palest. ter.,Q0394::Canada=>Palest. ter.,0.7354316156752922,0.9059158681244387,evidence-side,"{""Better off"": 1.7603652522512e-07, ""Worse off"": 0.9999998239634748}","{""Better off"": 0.9, ""Worse off"": 0.1}","{""Better off"": 0.0449438202247191, ""Worse off"": 0.9550561797752809}"
qwen,Qwen2.5-7B-Instruct,Q0394,GAS,Palest. ter.,Australia,Q0394::Palest. ter.=>Australia,0.8325056807005277,0.8978388840060647,evidence-side,"{""Better off"": 0.9999999304014585, ""Worse off"": 6.959854149478801e-08}","{""Better off"": 0.0449438202247191, ""Worse off"": 0.9550561797752809}","{""Better off"": 0.9340659340659341, ""Worse off"": 0.06593406593406594}"
qwen,Qwen2.5-7B-Instruct,Q0394,GAS,Palest. ter.,Canada,Q0394::Palest. ter.=>Canada,0.8143842985923486,0.8848697386055571,evidence-side,"{""Better off"": 0.9999998629355551, ""Worse off"": 1.3706444493907243e-07}","{""Better off"": 0.0449438202247191, ""Worse off"": 0.9550561797752809}","{""Better off"": 0.9, ""Worse off"": 0.1}"
qwen,Qwen2.5-7B-Instruct,Q0394,GAS,Palest. ter.,United States,Q0394::Palest. ter.=>United States,0.8161209732036077,0.8859218771221848,evidence-side,"{""Better off"": 0.9999999374266, ""Worse off"": 6.257340000670128e-08}","{""Better off"": 0.0449438202247191, ""Worse off"": 0.9550561797752809}","{""Better off"": 0.9032258064516129, ""Worse off"": 0.0967741935483871}"
qwen,Qwen2.5-7B-Instruct,Q0394,GAS,United States,Palest. ter.,Q0394::United States=>Palest. ter.,0.7410461225199861,0.9060923912648231,evidence-side,"{""Better off"": 7.794087034030817e-08, ""Worse off"": 0.9999999220591297}","{""Better off"": 0.9032258064516129, ""Worse off"": 0.0967741935483871}","{""Better off"": 0.0449438202247191, ""Worse off"": 0.9550561797752809}"
qwen,Qwen2.5-7B-Instruct,Q0410,GAS,Italy,Pakistan,Q0410::Italy=>Pakistan,0.6968656668800194,0.9111150104401606,evidence-side,"{""More of a partner"": 0.9999628614465165, ""More of an enemy"": 9.464729339346937e-09, ""Neither"": 3.712908875413707e-05}","{""More of a partner"": 0.12631578947368421, ""More of an enemy"": 0.4105263157894737, ""Neither"": 0.4631578947368421}","{""More of a partner"": 0.9647058823529412, ""More of an enemy"": 0.011764705882352941, ""Neither"": 0.023529411764705882}"
qwen,Qwen2.5-7B-Instruct,Q0410,GAS,Japan,Pakistan,Q0410::Japan=>Pakistan,0.7196917069840051,0.9113466370991989,evidence-side,"{""More of a partner"": 0.9999999999772381, ""More of an enemy"": 9.205595453546458e-13, ""Neither"": 2.184138594425157e-11}","{""More of a partner"": 0.11224489795918367, ""More of an enemy"": 0.40816326530612246, ""Neither"": 0.47959183673469385}","{""More of a partner"": 0.9647058823529412, ""More of an enemy"": 0.011764705882352941, ""Neither"": 0.023529411764705882}"
qwen,Qwen2.5-7B-Instruct,Q0410,GAS,Pakistan,Italy,Q0410::Pakistan=>Italy,0.5780398895354274,0.47924332635671546,evidence-side,"{""More of a partner"": 2.2881139098806278e-07, ""More of an enemy"": 4.376165951306972e-07, ""Neither"": 0.9999993335720139}","{""More of a partner"": 0.9647058823529412, ""More of an enemy"": 0.011764705882352941, ""Neither"": 0.023529411764705882}","{""More of a partner"": 0.12631578947368421, ""More of an enemy"": 0.4105263157894737, ""Neither"": 0.4631578947368421}"
qwen,Qwen2.5-7B-Instruct,Q0410,GAS,Pakistan,Japan,Q0410::Pakistan=>Japan,0.5915335808808817,0.4855532321327575,evidence-side,"{""More of a partner"": 2.4695347778400135e-07, ""More of an enemy"": 6.839963030981365e-08, ""Neither"": 0.9999996846468919}","{""More of a partner"": 0.9647058823529412, ""More of an enemy"": 0.011764705882352941, ""Neither"": 0.023529411764705882}","{""More of a partner"": 0.11224489795918367, ""More of an enemy"": 0.40816326530612246, ""Neither"": 0.47959183673469385}"
qwen,Qwen2.5-7B-Instruct,Q0448,GAS,Germany,Pakistan,Q0448::Germany=>Pakistan,0.794376151107146,0.8976819961462851,evidence-side,"{""Bad"": 3.29426698482983e-09, ""Good"": 0.999999996705733}","{""Bad"": 0.9368421052631579, ""Good"": 0.06315789473684211}","{""Bad"": 0.0641025641025641, ""Good"": 0.9358974358974359}"
qwen,Qwen2.5-7B-Instruct,Q0448,GAS,Japan,Pakistan,Q0448::Japan=>Pakistan,0.771985013976614,0.8971001977308687,evidence-side,"{""Bad"": 1.5846091276259061e-06, ""Good"": 0.9999984153908724}","{""Bad"": 0.925531914893617, ""Good"": 0.07446808510638298}","{""Bad"": 0.0641025641025641, ""Good"": 0.9358974358974359}"
qwen,Qwen2.5-7B-Instruct,Q0448,GAS,Pakistan,Germany,Q0448::Pakistan=>Germany,0.7929520430787531,0.8980720117520622,evidence-side,"{""Bad"": 0.9999999787047864, ""Good"": 2.1295213685596658e-08}","{""Bad"": 0.0641025641025641, ""Good"": 0.9358974358974359}","{""Bad"": 0.9368421052631579, ""Good"": 0.06315789473684211}"
qwen,Qwen2.5-7B-Instruct,Q0448,GAS,Pakistan,Japan,Q0448::Pakistan=>Japan,0.787000922709894,0.893129074144766,evidence-side,"{""Bad"": 0.9999999906249887, ""Good"": 9.375011321437044e-09}","{""Bad"": 0.0641025641025641, ""Good"": 0.9358974358974359}","{""Bad"": 0.925531914893617, ""Good"": 0.07446808510638298}"
qwen,Qwen2.5-7B-Instruct,Q0448,GAS,Pakistan,United States,Q0448::Pakistan=>United States,0.7808683232021997,0.8887109227757155,evidence-side,"{""Bad"": 0.9999999907037278, ""Good"": 9.296272226103152e-09}","{""Bad"": 0.0641025641025641, ""Good"": 0.9358974358974359}","{""Bad"": 0.9139784946236559, ""Good"": 0.08602150537634409}"
qwen,Qwen2.5-7B-Instruct,Q0448,GAS,United States,Pakistan,Q0448::United States=>Pakistan,0.7503063131020913,0.8965101564283599,evidence-side,"{""Bad"": 3.399181977094516e-06, ""Good"": 0.9999966008180229}","{""Bad"": 0.9139784946236559, ""Good"": 0.08602150537634409}","{""Bad"": 0.0641025641025641, ""Good"": 0.9358974358974359}"
qwen,Qwen2.5-7B-Instruct,Q0514,GAS,Australia,China,Q0514::Australia=>China,0.7406242197738483,0.6416486112498591,evidence-side,"{""Somewhat favorable"": 9.647703814589232e-11, ""Somewhat unfavorable"": 2.750091157150661e-09, ""Very favorable"": 1.3618105820739429e-11, ""Very unfavorable"": 0.9999999971398137}","{""Somewhat favorable"": 0.6105263157894737, ""Somewhat unfavorable"": 0.06315789473684211, ""Very favorable"": 0.3157894736842105, ""Very unfavorable"": 0.010526315789473686}","{""Somewhat favorable"": 0.07446808510638298, ""Somewhat unfavorable"": 0.2872340425531915, ""Very favorable"": 0.010638297872340425, ""Very unfavorable"": 0.6276595744680851}"
qwen,Qwen2.5-7B-Instruct,Q0514,GAS,China,Australia,Q0514::China=>Australia,0.49019680177694425,0.3742380311073493,evidence-side,"{""Somewhat favorable"": 0.007502850642342365, ""Somewhat unfavorable"": 2.9613857896351525e-09, ""Very favorable"": 0.9924971440719954, ""Very unfavorable"": 2.3242764720602223e-09}","{""Somewhat favorable"": 0.07446808510638298, ""Somewhat unfavorable"": 0.2872340425531915, ""Very favorable"": 0.010638297872340425, ""Very unfavorable"": 0.6276595744680851}","{""Somewhat favorable"": 0.6105263157894737, ""Somewhat unfavorable"": 0.06315789473684211, ""Very favorable"": 0.3157894736842105, ""Very unfavorable"": 0.010526315789473686}"
qwen,Qwen2.5-7B-Instruct,Q0514,GAS,China,Thailand,Q0514::China=>Thailand,0.5058052099863735,0.3904504292450443,evidence-side,"{""Somewhat favorable"": 2.2945532680506766e-06, ""Somewhat unfavorable"": 1.3815001230489504e-10, ""Very favorable"": 0.9999977049325208, ""Very unfavorable"": 3.7606108053454965e-10}","{""Somewhat favorable"": 0.07446808510638298, ""Somewhat unfavorable"": 0.2872340425531915, ""Very favorable"": 0.010638297872340425, ""Very unfavorable"": 0.6276595744680851}","{""Somewhat favorable"": 0.5795454545454546, ""Somewhat unfavorable"": 0.05681818181818181, ""Very favorable"": 0.3409090909090909, ""Very unfavorable"": 0.022727272727272728}"
qwen,Qwen2.5-7B-Instruct,Q0514,GAS,China,Vietnam,Q0514::China=>Vietnam,0.6461424568299862,0.5255024172394321,evidence-side,"{""Somewhat favorable"": 1.392001328207729e-10, ""Somewhat unfavorable"": 1.0404129102028685e-11, ""Very favorable"": 0.9999999998398239, ""Very unfavorable"": 1.057192176731355e-11}","{""Somewhat favorable"": 0.07446808510638298, ""Somewhat unfavorable"": 0.2872340425531915, ""Very favorable"": 0.010638297872340425, ""Very unfavorable"": 0.6276595744680851}","{""Somewhat favorable"": 0.4148936170212766, ""Somewhat unfavorable"": 0.07446808510638298, ""Very favorable"": 0.5, ""Very unfavorable"": 0.010638297872340427}"
qwen,Qwen2.5-7B-Instruct,Q0514,GAS,Thailand,China,Q0514::Thailand=>China,0.7042172193903573,0.6292331003402134,evidence-side,"{""Somewhat favorable"": 1.1401196718201201e-09, ""Somewhat unfavorable"": 3.28036158864894e-08, ""Very favorable"": 2.465607719368024e-09, ""Very unfavorable"": 0.9999999635906567}","{""Somewhat favorable"": 0.5795454545454546, ""Somewhat unfavorable"": 0.05681818181818181, ""Very favorable"": 0.3409090909090909, ""Very unfavorable"": 0.022727272727272728}","{""Somewhat favorable"": 0.07446808510638298, ""Somewhat unfavorable"": 0.2872340425531915, ""Very favorable"": 0.010638297872340425, ""Very unfavorable"": 0.6276595744680851}"
qwen,Qwen2.5-7B-Instruct,Q0514,GAS,Vietnam,China,Q0514::Vietnam=>China,0.7402728422798718,0.6404966494127563,evidence-side,"{""Somewhat favorable"": 5.845216171756352e-10, ""Somewhat unfavorable"": 2.6846898502146356e-05, ""Very favorable"": 3.3212438224947648e-09, ""Very unfavorable"": 0.9999731491957324}","{""Somewhat favorable"": 0.4148936170212766, ""Somewhat unfavorable"": 0.07446808510638298, ""Very favorable"": 0.5, ""Very unfavorable"": 0.010638297872340427}","{""Somewhat favorable"": 0.07446808510638298, ""Somewhat unfavorable"": 0.2872340425531915, ""Very favorable"": 0.010638297872340425, ""Very unfavorable"": 0.6276595744680851}"
qwen,Qwen2.5-7B-Instruct,Q0558,GAS,Greece,Pakistan,Q0558::Greece=>Pakistan,0.7907244312564701,0.8874770487390478,evidence-side,"{""No, does not respect personal freedoms"": 0.00026623281804842374, ""Yes, respects personal freedoms"": 0.9997337671819516}","{""No, does not respect personal freedoms"": 0.9438202247191011, ""Yes, respects personal freedoms"": 0.056179775280898875}","{""No, does not respect personal freedoms"": 0.09722222222222222, ""Yes, respects personal freedoms"": 0.9027777777777778}"
qwen,Qwen2.5-7B-Instruct,Q0558,GAS,Italy,Pakistan,Q0558::Italy=>Pakistan,0.7577539912443526,0.887809890672571,evidence-side,"{""No, does not respect personal freedoms"": 0.0004242048914785965, ""Yes, respects personal freedoms"": 0.9995757951085215}","{""No, does not respect personal freedoms"": 0.927710843373494, ""Yes, respects personal freedoms"": 0.07228915662650602}","{""No, does not respect personal freedoms"": 0.09722222222222222, ""Yes, respects personal freedoms"": 0.9027777777777778}"
qwen,Qwen2.5-7B-Instruct,Q0558,GAS,Pakistan,Greece,Q0558::Pakistan=>Greece,0.7344312418359827,0.899693562198218,evidence-side,"{""No, does not respect personal freedoms"": 0.99999993879865, ""Yes, respects personal freedoms"": 6.1201350033473e-08}","{""No, does not respect personal freedoms"": 0.09722222222222222, ""Yes, respects personal freedoms"": 0.9027777777777778}","{""No, does not respect personal freedoms"": 0.9438202247191011, ""Yes, respects personal freedoms"": 0.056179775280898875}"
qwen,Qwen2.5-7B-Instruct,Q0558,GAS,Pakistan,Italy,Q0558::Pakistan=>Italy,0.7259843766544847,0.8922958473641046,evidence-side,"{""No, does not respect personal freedoms"": 0.9999999694842601, ""Yes, respects personal freedoms"": 3.0515739908458936e-08}","{""No, does not respect personal freedoms"": 0.09722222222222222, ""Yes, respects personal freedoms"": 0.9027777777777778}","{""No, does not respect personal freedoms"": 0.927710843373494, ""Yes, respects personal freedoms"": 0.07228915662650602}"
qwen,Qwen2.5-7B-Instruct,Q0558,GAS,Pakistan,Spain,Q0558::Pakistan=>Spain,0.7297051139287646,0.8953409137274488,evidence-side,"{""No, does not respect personal freedoms"": 0.9999999395557234, ""Yes, respects personal freedoms"": 6.04442765726282e-08}","{""No, does not respect personal freedoms"": 0.09722222222222222, ""Yes, respects personal freedoms"": 0.9027777777777778}","{""No, does not respect personal freedoms"": 0.9347826086956522, ""Yes, respects personal freedoms"": 0.06521739130434782}"
qwen,Qwen2.5-7B-Instruct,Q0558,GAS,Spain,Pakistan,Q0558::Spain=>Pakistan,0.7722445301360247,0.8864769834086716,evidence-side,"{""No, does not respect personal freedoms"": 0.0001819822002498312, ""Yes, respects personal freedoms"": 0.9998180177997502}","{""No, does not respect personal freedoms"": 0.9347826086956522, ""Yes, respects personal freedoms"": 0.06521739130434782}","{""No, does not respect personal freedoms"": 0.09722222222222222, ""Yes, respects personal freedoms"": 0.9027777777777778}"
qwen,Qwen2.5-7B-Instruct,Q0574,GAS,Israel,Pakistan,Q0574::Israel=>Pakistan,0.8312165286617381,0.8647298051041292,evidence-side,"{""Favor"": 0.9999999727271377, ""Oppose"": 2.7272862289129354e-08}","{""Favor"": 0.02040816326530612, ""Oppose"": 0.9795918367346939}","{""Favor"": 0.819672131147541, ""Oppose"": 0.18032786885245902}"
qwen,Qwen2.5-7B-Instruct,Q0574,GAS,Pakistan,Israel,Q0574::Pakistan=>Israel,0.6257357847508259,0.9226899053917736,evidence-side,"{""Favor"": 5.496737154687535e-07, ""Oppose"": 0.9999994503262846}","{""Favor"": 0.819672131147541, ""Oppose"": 0.18032786885245902}","{""Favor"": 0.02040816326530612, ""Oppose"": 0.9795918367346939}"
qwen,Qwen2.5-7B-Instruct,Q0595,GAS,El Salvador,Palest. ter.,Q0595::El Salvador=>Palest. ter.,0.8203873710420733,0.7642264103481873,evidence-side,"{""More of a partner"": 5.1282272177957765e-11, ""More of an enemy"": 0.9999999998178338, ""Neither"": 1.3088395137942248e-10}","{""More of a partner"": 0.8888888888888888, ""More of an enemy"": 0.020202020202020204, ""Neither"": 0.09090909090909091}","{""More of a partner"": 0.042105263157894736, ""More of an enemy"": 0.8, ""Neither"": 0.15789473684210525}"
qwen,Qwen2.5-7B-Instruct,Q0595,GAS,Israel,Palest. ter.,Q0595::Israel=>Palest. ter.,0.8508218173830531,0.7597233886694457,evidence-side,"{""More of a partner"": 2.013889955818742e-10, ""More of an enemy"": 0.9999999991286862, ""Neither"": 6.699248381569927e-10}","{""More of a partner"": 0.9183673469387755, ""More of an enemy"": 0.01020408163265306, ""Neither"": 0.07142857142857142}","{""More of a partner"": 0.042105263157894736, ""More of an enemy"": 0.8, ""Neither"": 0.15789473684210525}"
qwen,Qwen2.5-7B-Instruct,Q0595,GAS,Palest. ter.,El Salvador,Q0595::Palest. ter.=>El Salvador,0.8148750928713467,0.8349051009293462,evidence-side,"{""More of a partner"": 0.999999999897814, ""More of an enemy"": 1.64884726906354e-11, ""Neither"": 8.569755999613396e-11}","{""More of a partner"": 0.042105263157894736, ""More of an enemy"": 0.8, ""Neither"": 0.15789473684210525}","{""More of a partner"": 0.8888888888888888, ""More of an enemy"": 0.020202020202020204, ""Neither"": 0.09090909090909091}"
qwen,Qwen2.5-7B-Instruct,Q0595,GAS,Palest. ter.,Israel,Q0595::Palest. ter.=>Israel,0.8307197664221688,0.8515099585786511,evidence-side,"{""More of a partner"": 0.9999999998666484, ""More of an enemy"": 1.8474457113804713e-11, ""Neither"": 1.1487719355146292e-10}","{""More of a partner"": 0.042105263157894736, ""More of an enemy"": 0.8, ""Neither"": 0.15789473684210525}","{""More of a partner"": 0.9183673469387755, ""More of an enemy"": 0.01020408163265306, ""Neither"": 0.07142857142857142}"
qwen,Qwen2.5-7B-Instruct,Q0595,GAS,Palest. ter.,Senegal,Q0595::Palest. ter.=>Senegal,0.8332177545249175,0.8574892585484908,evidence-side,"{""More of a partner"": 0.999999999823096, ""More of an enemy"": 1.4786515717722897e-11, ""Neither"": 1.6211748718359163e-10}","{""More of a partner"": 0.042105263157894736, ""More of an enemy"": 0.8, ""Neither"": 0.15789473684210525}","{""More of a partner"": 0.9230769230769231, ""More of an enemy"": 0.01098901098901099, ""Neither"": 0.06593406593406594}"
qwen,Qwen2.5-7B-Instruct,Q0595,GAS,Senegal,Palest. ter.,Q0595::Senegal=>Palest. ter.,0.8482410397315565,0.757087921951941,evidence-side,"{""More of a partner"": 5.025648850368862e-09, ""More of an enemy"": 0.9999999757901801, ""Neither"": 1.918417105681453e-08}","{""More of a partner"": 0.9230769230769231, ""More of an enemy"": 0.01098901098901099, ""Neither"": 0.06593406593406594}","{""More of a partner"": 0.042105263157894736, ""More of an enemy"": 0.8, ""Neither"": 0.15789473684210525}"
qwen,Qwen2.5-7B-Instruct,Q0630,GAS,Australia,Pakistan,Q0630::Australia=>Pakistan,-0.7103418301320154,-0.8962272741290404,label-side,"{""No, does not respect personal freedoms"": 0.9999999999850582, ""Yes, respects personal freedoms"": 1.4941878916923105e-11}","{""No, does not respect personal freedoms"": 0.9381443298969072, ""Yes, respects personal freedoms"": 0.06185567010309278}","{""No, does not respect personal freedoms"": 0.1095890410958904, ""Yes, respects personal freedoms"": 0.8904109589041096}"
qwen,Qwen2.5-7B-Instruct,Q0630,GAS,Pakistan,Australia,Q0630::Pakistan=>Australia,0.7103388217382182,0.8962553110674648,evidence-side,"{""No, does not respect personal freedoms"": 0.9999987066448106, ""Yes, respects personal freedoms"": 1.2933551894399935e-06}","{""No, does not respect personal freedoms"": 0.1095890410958904, ""Yes, respects personal freedoms"": 0.8904109589041096}","{""No, does not respect personal freedoms"": 0.9381443298969072, ""Yes, respects personal freedoms"": 0.06185567010309278}"
qwen,Qwen2.5-7B-Instruct,Q0630,GAS,Pakistan,Poland,Q0630::Pakistan=>Poland,0.7104073664965198,0.896298316989088,evidence-side,"{""No, does not respect personal freedoms"": 0.9999995377881905, ""Yes, respects personal freedoms"": 4.622118095593242e-07}","{""No, does not respect personal freedoms"": 0.1095890410958904, ""Yes, respects personal freedoms"": 0.8904109589041096}","{""No, does not respect personal freedoms"": 0.9382716049382716, ""Yes, respects personal freedoms"": 0.06172839506172839}"
qwen,Qwen2.5-7B-Instruct,Q0630,GAS,Pakistan,Sweden,Q0630::Pakistan=>Sweden,0.7265010300029241,0.9159473562113628,evidence-side,"{""No, does not respect personal freedoms"": 0.9999989396316586, ""Yes, respects personal freedoms"": 1.0603683413861522e-06}","{""No, does not respect personal freedoms"": 0.1095890410958904, ""Yes, respects personal freedoms"": 0.8904109589041096}","{""No, does not respect personal freedoms"": 0.9693877551020409, ""Yes, respects personal freedoms"": 0.030612244897959186}"
qwen,Qwen2.5-7B-Instruct,Q0630,GAS,Poland,Pakistan,Q0630::Poland=>Pakistan,0.771496957036894,0.8862430372769999,evidence-side,"{""No, does not respect personal freedoms"": 0.0007801775237172286, ""Yes, respects personal freedoms"": 0.9992198224762828}","{""No, does not respect personal freedoms"": 0.9382716049382716, ""Yes, respects personal freedoms"": 0.06172839506172839}","{""No, does not respect personal freedoms"": 0.1095890410958904, ""Yes, respects personal freedoms"": 0.8904109589041096}"
qwen,Qwen2.5-7B-Instruct,Q0630,GAS,Sweden,Pakistan,Q0630::Sweden=>Pakistan,0.835985238098938,0.8986033389854159,evidence-side,"{""No, does not respect personal freedoms"": 0.0037628102931203957, ""Yes, respects personal freedoms"": 0.9962371897068796}","{""No, does not respect personal freedoms"": 0.9693877551020409, ""Yes, respects personal freedoms"": 0.030612244897959186}","{""No, does not respect personal freedoms"": 0.1095890410958904, ""Yes, respects personal freedoms"": 0.8904109589041096}"
qwen,Qwen2.5-7B-Instruct,Q0703,GAS,Senegal,Turkey,Q0703::Senegal=>Turkey,0.7501880667432742,0.6538434504473992,evidence-side,"{""Somewhat favorable"": 9.200869180723777e-10, ""Somewhat unfavorable"": 8.617416782363309e-08, ""Very favorable"": 1.2527706298389781e-10, ""Very unfavorable"": 0.9999999127804683}","{""Somewhat favorable"": 0.2988505747126437, ""Somewhat unfavorable"": 0.04597701149425287, ""Very favorable"": 0.6436781609195402, ""Very unfavorable"": 0.011494252873563218}","{""Somewhat favorable"": 0.08536585365853659, ""Somewhat unfavorable"": 0.24390243902439024, ""Very favorable"": 0.024390243902439025, ""Very unfavorable"": 0.6463414634146342}"
qwen,Qwen2.5-7B-Instruct,Q0703,GAS,Turkey,Senegal,Q0703::Turkey=>Senegal,0.7106138504972668,0.6270473778650848,evidence-side,"{""Somewhat favorable"": 7.024934720407456e-09, ""Somewhat unfavorable"": 8.676249284878465e-11, ""Very favorable"": 0.9999999820017681, ""Very unfavorable"": 1.0886534768224355e-08}","{""Somewhat favorable"": 0.08536585365853659, ""Somewhat unfavorable"": 0.24390243902439024, ""Very favorable"": 0.024390243902439025, ""Very unfavorable"": 0.6463414634146342}","{""Somewhat favorable"": 0.2988505747126437, ""Somewhat unfavorable"": 0.04597701149425287, ""Very favorable"": 0.6436781609195402, ""Very unfavorable"": 0.011494252873563218}"
qwen,Qwen2.5-7B-Instruct,Q0703,GAS,Turkey,Ukraine,Q0703::Turkey=>Ukraine,0.6188924253734309,0.6126693160523784,evidence-side,"{""Somewhat favorable"": 0.9999995255559242, ""Somewhat unfavorable"": 3.323676181115741e-09, ""Very favorable"": 4.5706393601691125e-07, ""Very unfavorable"": 1.4056463608858931e-08}","{""Somewhat favorable"": 0.08536585365853659, ""Somewhat unfavorable"": 0.24390243902439024, ""Very favorable"": 0.024390243902439025, ""Very unfavorable"": 0.6463414634146342}","{""Somewhat favorable"": 0.7058823529411765, ""Somewhat unfavorable"": 0.047058823529411764, ""Very favorable"": 0.23529411764705882, ""Very unfavorable"": 0.011764705882352941}"
qwen,Qwen2.5-7B-Instruct,Q0703,GAS,Ukraine,Turkey,Q0703::Ukraine=>Turkey,0.7493183107572798,0.6709787439617004,evidence-side,"{""Somewhat favorable"": 2.87163838809279e-10, ""Somewhat unfavorable"": 1.8566951651154555e-06, ""Very favorable"": 2.480019053355503e-11, ""Very unfavorable"": 0.9999981429928709}","{""Somewhat favorable"": 0.7058823529411765, ""Somewhat unfavorable"": 0.047058823529411764, ""Very favorable"": 0.23529411764705882, ""Very unfavorable"": 0.011764705882352941}","{""Somewhat favorable"": 0.08536585365853659, ""Somewhat unfavorable"": 0.24390243902439024, ""Very favorable"": 0.024390243902439025, ""Very unfavorable"": 0.6463414634146342}"
qwen,Qwen2.5-7B-Instruct,Q0710,GAS,Kenya,Ukraine,Q0710::Kenya=>Ukraine,0.6267009205993436,0.5881038876382613,evidence-side,"{""About the same"": 5.294192361964682e-07, ""Losing ground"": 0.9999994682076179, ""Making progress"": 2.3731459067684316e-09}","{""About the same"": 0.04040404040404041, ""Losing ground"": 0.06060606060606061, ""Making progress"": 0.898989898989899}","{""About the same"": 0.3, ""Losing ground"": 0.6444444444444445, ""Making progress"": 0.05555555555555555}"
qwen,Qwen2.5-7B-Instruct,Q0710,GAS,Mali,Ukraine,Q0710::Mali=>Ukraine,0.648164800784572,0.6199785178990237,evidence-side,"{""About the same"": 4.276897310969512e-07, ""Losing ground"": 0.9999995695280696, ""Making progress"": 2.7821993704104913e-09}","{""About the same"": 0.08080808080808081, ""Losing ground"": 0.050505050505050504, ""Making progress"": 0.8686868686868687}","{""About the same"": 0.3, ""Losing ground"": 0.6444444444444445, ""Making progress"": 0.05555555555555555}"
qwen,Qwen2.5-7B-Instruct,Q0710,GAS,Ukraine,Kenya,Q0710::Ukraine=>Kenya,0.7905569356505151,0.8833525759414322,evidence-side,"{""About the same"": 1.4446363269449225e-10, ""Losing ground"": 1.1186645045080873e-10, ""Making progress"": 0.9999999997436699}","{""About the same"": 0.3, ""Losing ground"": 0.6444444444444445, ""Making progress"": 0.05555555555555555}","{""About the same"": 0.04040404040404041, ""Losing ground"": 0.06060606060606061, ""Making progress"": 0.898989898989899}"
qwen,Qwen2.5-7B-Instruct,Q0710,GAS,Ukraine,Mali,Q0710::Ukraine=>Mali,0.7740133623812872,0.8637582270955165,evidence-side,"{""About the same"": 4.769598907268309e-10, ""Losing ground"": 2.566798757058872e-11, ""Making progress"": 0.9999999994973722}","{""About the same"": 0.3, ""Losing ground"": 0.6444444444444445, ""Making progress"": 0.05555555555555555}","{""About the same"": 0.08080808080808081, ""Losing ground"": 0.050505050505050504, ""Making progress"": 0.8686868686868687}"
qwen,Qwen2.5-7B-Instruct,Q0739,GAS,Jordan,Turkey,Q0739::Jordan=>Turkey,0.6944332597060353,0.9004912670769754,evidence-side,"{""Favor"": 6.300054189202203e-09, ""Oppose"": 0.9999999936999459}","{""Favor"": 0.8775510204081632, ""Oppose"": 0.12244897959183673}","{""Favor"": 0.052083333333333336, ""Oppose"": 0.9479166666666666}"
qwen,Qwen2.5-7B-Instruct,Q0739,GAS,Turkey,Jordan,Q0739::Turkey=>Jordan,0.7863446399128124,0.8779527722813009,evidence-side,"{""Favor"": 0.9999999905739418, ""Oppose"": 9.426058181982904e-09}","{""Favor"": 0.052083333333333336, ""Oppose"": 0.9479166666666666}","{""Favor"": 0.8775510204081632, ""Oppose"": 0.12244897959183673}"
qwen,Qwen2.5-7B-Instruct,Q0747,GAS,El Salvador,Jordan,Q0747::El Salvador=>Jordan,0.5940376400452756,0.5103478206541231,evidence-side,"{""Not important at all"": 0.9999999977181395, ""Not too important"": 2.023377950794214e-09, ""Somewhat important"": 7.340748044676387e-11, ""Very important"": 1.8507513297483507e-10}","{""Not important at all"": 0.04040404040404041, ""Not too important"": 0.06060606060606061, ""Somewhat important"": 0.20202020202020202, ""Very important"": 0.696969696969697}","{""Not important at all"": 0.5368421052631579, ""Not too important"": 0.4105263157894737, ""Somewhat important"": 0.031578947368421054, ""Very important"": 0.021052631578947368}"
qwen,Qwen2.5-7B-Instruct,Q0747,GAS,Jordan,El Salvador,Q0747::Jordan=>El Salvador,0.7548877746436997,0.6919316435199597,evidence-side,"{""Not important at all"": 8.35561195632215e-13, ""Not too important"": 6.628572142437667e-12, ""Somewhat important"": 4.5216823634837284e-08, ""Very important"": 0.9999999547757122}","{""Not important at all"": 0.5368421052631579, ""Not too important"": 0.4105263157894737, ""Somewhat important"": 0.031578947368421054, ""Very important"": 0.021052631578947368}","{""Not important at all"": 0.04040404040404041, ""Not too important"": 0.06060606060606061, ""Somewhat important"": 0.20202020202020202, ""Very important"": 0.696969696969697}"
qwen,Qwen2.5-7B-Instruct,Q0747,GAS,Jordan,Morocco,Q0747::Jordan=>Morocco,0.7532650470770041,0.66231503439343,evidence-side,"{""Not important at all"": 9.904154424675063e-13, ""Not too important"": 7.231568207009672e-12, ""Somewhat important"": 1.9806064190792896e-07, ""Very important"": 0.9999998019311361}","{""Not important at all"": 0.5368421052631579, ""Not too important"": 0.4105263157894737, ""Somewhat important"": 0.031578947368421054, ""Very important"": 0.021052631578947368}","{""Not important at all"": 0.027777777777777776, ""Not too important"": 0.041666666666666664, ""Somewhat important"": 0.2361111111111111, ""Very important"": 0.6944444444444444}"
qwen,Qwen2.5-7B-Instruct,Q0747,GAS,Jordan,Venezuela,Q0747::Jordan=>Venezuela,0.6505200837764104,0.5694756347065902,evidence-side,"{""Not important at all"": 1.182026055930915e-12, ""Not too important"": 1.6661396376954757e-11, ""Somewhat important"": 2.1670265753367597e-06, ""Very important"": 0.9999978329555813}","{""Not important at all"": 0.5368421052631579, ""Not too important"": 0.4105263157894737, ""Somewhat important"": 0.031578947368421054, ""Very important"": 0.021052631578947368}","{""Not important at all"": 0.041237113402061855, ""Not too important"": 0.08247422680412371, ""Somewhat important"": 0.32989690721649484, ""Very important"": 0.5463917525773195}"
qwen,Qwen2.5-7B-Instruct,Q0747,GAS,Morocco,Jordan,Q0747::Morocco=>Jordan,0.7497744255371377,0.7523289818820509,evidence-side,"{""Not important at all"": 0.8295723739653282, ""Not too important"": 0.17042762435931505, ""Somewhat important"": 2.3985677552794233e-10, ""Very important"": 1.4355000129086552e-09}","{""Not important at all"": 0.027777777777777776, ""Not too important"": 0.041666666666666664, ""Somewhat important"": 0.2361111111111111, ""Very important"": 0.6944444444444444}","{""Not important at all"": 0.5368421052631579, ""Not too important"": 0.4105263157894737, ""Somewhat important"": 0.031578947368421054, ""Very important"": 0.021052631578947368}"
qwen,Qwen2.5-7B-Instruct,Q0747,GAS,Venezuela,Jordan,Q0747::Venezuela=>Jordan,0.5920914463630752,0.5254438352498748,evidence-side,"{""Not important at all"": 0.9999999970135709, ""Not too important"": 3.199635756934566e-10, ""Somewhat important"": 9.445994988147675e-10, ""Very important"": 1.721865988715637e-09}","{""Not important at all"": 0.041237113402061855, ""Not too important"": 0.08247422680412371, ""Somewhat important"": 0.32989690721649484, ""Very important"": 0.5463917525773195}","{""Not important at all"": 0.5368421052631579, ""Not too important"": 0.4105263157894737, ""Somewhat important"": 0.031578947368421054, ""Very important"": 0.021052631578947368}"
qwen,Qwen2.5-7B-Instruct,Q0758,GAS,Egypt,Spain,Q0758::Egypt=>Spain,0.8644394756106295,0.8653718654768146,evidence-side,"{""No, not sympathetic"": 0.9999999994591542, ""Yes, sympathetic"": 5.408458511602518e-10}","{""No, not sympathetic"": 0.010101010101010102, ""Yes, sympathetic"": 0.98989898989899}","{""No, not sympathetic"": 0.8229166666666666, ""Yes, sympathetic"": 0.17708333333333334}"
qwen,Qwen2.5-7B-Instruct,Q0758,GAS,Jordan,Spain,Q0758::Jordan=>Spain,0.3959829489375218,0.6341003373159768,evidence-side,"{""No, not sympathetic"": 0.6632958933905181, ""Yes, sympathetic"": 0.33670410660948197}","{""No, not sympathetic"": 0.01, ""Yes, sympathetic"": 0.99}","{""No, not sympathetic"": 0.8229166666666666, ""Yes, sympathetic"": 0.17708333333333334}"
qwen,Qwen2.5-7B-Instruct,Q0758,GAS,Spain,Egypt,Q0758::Spain=>Egypt,0.635363530219088,0.9394825722783943,evidence-side,"{""No, not sympathetic"": 1.868970651383402e-10, ""Yes, sympathetic"": 0.999999999813103}","{""No, not sympathetic"": 0.8229166666666666, ""Yes, sympathetic"": 0.17708333333333334}","{""No, not sympathetic"": 0.010101010101010102, ""Yes, sympathetic"": 0.98989898989899}"
qwen,Qwen2.5-7B-Instruct,Q0758,GAS,Spain,Jordan,Q0758::Spain=>Jordan,0.6354144027034697,0.9397024328915619,evidence-side,"{""No, not sympathetic"": 6.09214258383681e-10, ""Yes, sympathetic"": 0.9999999993907858}","{""No, not sympathetic"": 0.8229166666666666, ""Yes, sympathetic"": 0.17708333333333334}","{""No, not sympathetic"": 0.01, ""Yes, sympathetic"": 0.99}"
qwen,Qwen2.5-7B-Instruct,Q0817,GAS,El Salvador,Vietnam,Q0817::El Salvador=>Vietnam,0.7833576241107147,0.8858689130170952,evidence-side,"{""No"": 5.572547287759989e-10, ""Yes"": 0.9999999994427453}","{""No"": 0.9393939393939394, ""Yes"": 0.06060606060606061}","{""No"": 0.09473684210526316, ""Yes"": 0.9052631578947369}"
qwen,Qwen2.5-7B-Instruct,Q0817,GAS,Jordan,Thailand,Q0817::Jordan=>Thailand,0.8094372435422026,0.8763619487181898,evidence-side,"{""No"": 1.2464148350054883e-09, ""Yes"": 0.9999999987535853}","{""No"": 0.96, ""Yes"": 0.04}","{""No"": 0.13, ""Yes"": 0.87}"
qwen,Qwen2.5-7B-Instruct,Q0817,GAS,Jordan,Vietnam,Q0817::Jordan=>Vietnam,0.8286313003754291,0.8868313910854111,evidence-side,"{""No"": 1.6763581698531059e-09, ""Yes"": 0.9999999983236418}","{""No"": 0.96, ""Yes"": 0.04}","{""No"": 0.09473684210526316, ""Yes"": 0.9052631578947369}"
qwen,Qwen2.5-7B-Instruct,Q0817,GAS,Thailand,Jordan,Q0817::Thailand=>Jordan,0.6887607290433492,0.9075122575639467,evidence-side,"{""No"": 0.9999998526930557, ""Yes"": 1.4730694436743063e-07}","{""No"": 0.13, ""Yes"": 0.87}","{""No"": 0.96, ""Yes"": 0.04}"
qwen,Qwen2.5-7B-Instruct,Q0817,GAS,Vietnam,El Salvador,Q0817::Vietnam=>El Salvador,0.7362892016502337,0.8986983183936184,evidence-side,"{""No"": 0.9999163583656396, ""Yes"": 8.364163436034078e-05}","{""No"": 0.09473684210526316, ""Yes"": 0.9052631578947369}","{""No"": 0.9393939393939394, ""Yes"": 0.06060606060606061}"
qwen,Qwen2.5-7B-Instruct,Q0817,GAS,Vietnam,Jordan,Q0817::Vietnam=>Jordan,0.7471782509601136,0.9094653794469197,evidence-side,"{""No"": 0.999999873233208, ""Yes"": 1.2676679196981357e-07}","{""No"": 0.09473684210526316, ""Yes"": 0.9052631578947369}","{""No"": 0.96, ""Yes"": 0.04}"
qwen,Qwen2.5-7B-Instruct,Q0830,GAS,Jordan,United States,Q0830::Jordan=>United States,0.8243249840788409,0.8726107031909391,evidence-side,"{""Didn't try hard enough"": 3.4187969998834024e-10, ""Tried very hard"": 0.9999999996581204}","{""Didn't try hard enough"": 0.9696969696969697, ""Tried very hard"": 0.030303030303030304}","{""Didn't try hard enough"": 0.14583333333333334, ""Tried very hard"": 0.8541666666666666}"
qwen,Qwen2.5-7B-Instruct,Q0830,GAS,Palest. ter.,United States,Q0830::Palest. ter.=>United States,0.8810923960782476,0.872964035564679,evidence-side,"{""Didn't try hard enough"": 1.7011079112008842e-09, ""Tried very hard"": 0.9999999982988921}","{""Didn't try hard enough"": 0.9895833333333334, ""Tried very hard"": 0.010416666666666666}","{""Didn't try hard enough"": 0.14583333333333334, ""Tried very hard"": 0.8541666666666666}"
qwen,Qwen2.5-7B-Instruct,Q0830,GAS,United States,Jordan,Q0830::United States=>Jordan,0.6696272090673422,0.9142055740389919,evidence-side,"{""Didn't try hard enough"": 0.9999999998477683, ""Tried very hard"": 1.52231683294327e-10}","{""Didn't try hard enough"": 0.14583333333333334, ""Tried very hard"": 0.8541666666666666}","{""Didn't try hard enough"": 0.9696969696969697, ""Tried very hard"": 0.030303030303030304}"
qwen,Qwen2.5-7B-Instruct,Q0830,GAS,United States,Palest. ter.,Q0830::United States=>Palest. ter.,0.6797188736606637,0.9402505053051764,evidence-side,"{""Didn't try hard enough"": 0.9999999999393745, ""Tried very hard"": 6.062546161666554e-11}","{""Didn't try hard enough"": 0.14583333333333334, ""Tried very hard"": 0.8541666666666666}","{""Didn't try hard enough"": 0.9895833333333334, ""Tried very hard"": 0.010416666666666666}"
qwen,Qwen2.5-7B-Instruct,Q0868,GAS,France,Pakistan,Q0868::France=>Pakistan,0.4310390755060527,0.33307648630015346,evidence-side,"{""Britain"": 7.871648317392462e-10, ""China"": 4.177917195846616e-05, ""France"": 0.001054242594823339, ""Germany"": 3.637405092158367e-09, ""Japan"": 1.6573939299388022e-09, ""None of these (VOL)"": 0.9989039711686317, ""Russia"": 6.263209358510585e-10, ""United States"": 3.5630172359787094e-10}","{""Britain"": 0.04040404040404041, ""China"": 0.020202020202020204, ""France"": 0.6565656565656566, ""Germany"": 0.08080808080808081, ""Japan"": 0.020202020202020204, ""None of these (VOL)"": 0.030303030303030304, ""Russia"": 0.030303030303030304, ""United States"": 0.12121212121212122}","{""Britain"": 0.024096385542168676, ""China"": 0.5060240963855422, ""France"": 0.012048192771084338, ""Germany"": 0.012048192771084338, ""Japan"": 0.04819277108433735, ""None of these (VOL)"": 0.32530120481927716, ""Russia"": 0.012048192771084338, ""United States"": 0.060240963855421686}"
qwen,Qwen2.5-7B-Instruct,Q0868,GAS,Pakistan,France,Q0868::Pakistan=>France,0.7552688776326183,0.6687507755790607,evidence-side,"{""Britain"": 1.31520766831724e-10, ""China"": 1.1623703518092598e-10, ""France"": 0.9999994961153587, ""Germany"": 5.041739631992049e-12, ""Japan"": 6.720059937968099e-12, ""None of these (VOL)"": 5.9016467814929536e-12, ""Russia"": 1.3903202994581275e-11, ""United States"": 5.03605316909416e-07}","{""Britain"": 0.024096385542168676, ""China"": 0.5060240963855422, ""France"": 0.012048192771084338, ""Germany"": 0.012048192771084338, ""Japan"": 0.04819277108433735, ""None of these (VOL)"": 0.32530120481927716, ""Russia"": 0.012048192771084338, ""United States"": 0.060240963855421686}","{""Britain"": 0.04040404040404041, ""China"": 0.020202020202020204, ""France"": 0.6565656565656566, ""Germany"": 0.08080808080808081, ""Japan"": 0.020202020202020204, ""None of these (VOL)"": 0.030303030303030304, ""Russia"": 0.030303030303030304, ""United States"": 0.12121212121212122}"
qwen,Qwen2.5-7B-Instruct,Q0868,GAS,Pakistan,United States,Q0868::Pakistan=>United States,0.7113189885014694,0.7441917950673209,evidence-side,"{""Britain"": 3.399823748403797e-09, ""China"": 2.5359283504545876e-10, ""France"": 4.175669643252753e-09, ""Germany"": 7.865066114955385e-12, ""Japan"": 9.037613542150649e-11, ""None of these (VOL)"": 8.554388590843053e-11, ""Russia"": 1.0317367056184125e-09, ""United States"": 0.9999999909553919}","{""Britain"": 0.024096385542168676, ""China"": 0.5060240963855422, ""France"": 0.012048192771084338, ""Germany"": 0.012048192771084338, ""Japan"": 0.04819277108433735, ""None of these (VOL)"": 0.32530120481927716, ""Russia"": 0.012048192771084338, ""United States"": 0.060240963855421686}","{""Britain"": 0.06382978723404256, ""China"": 0.010638297872340427, ""France"": 0.03191489361702128, ""Germany"": 0.021276595744680854, ""Japan"": 0.010638297872340427, ""None of these (VOL)"": 0.06382978723404256, ""Russia"": 0.021276595744680854, ""United States"": 0.7765957446808511}"
qwen,Qwen2.5-7B-Instruct,Q0868,GAS,United States,Pakistan,Q0868::United States=>Pakistan,0.6508991678278612,0.5608641832853711,evidence-side,"{""Britain"": 1.5089923876401788e-10, ""China"": 0.9999996982358531, ""France"": 2.0881974828610755e-11, ""Germany"": 1.5027109301156892e-10, ""Japan"": 3.348503709053413e-10, ""None of these (VOL)"": 2.4004496624886504e-07, ""Russia"": 2.611626539814216e-09, ""United States"": 5.845065140710269e-08}","{""Britain"": 0.06382978723404256, ""China"": 0.010638297872340427, ""France"": 0.03191489361702128, ""Germany"": 0.021276595744680854, ""Japan"": 0.010638297872340427, ""None of these (VOL)"": 0.06382978723404256, ""Russia"": 0.021276595744680854, ""United States"": 0.7765957446808511}","{""Britain"": 0.024096385542168676, ""China"": 0.5060240963855422, ""France"": 0.012048192771084338, ""Germany"": 0.012048192771084338, ""Japan"": 0.04819277108433735, ""None of these (VOL)"": 0.32530120481927716, ""Russia"": 0.012048192771084338, ""United States"": 0.060240963855421686}"
qwen,Qwen2.5-7B-Instruct,Q0914,GAS,Netherlands,Vietnam,Q0914::Netherlands=>Vietnam,-0.8127155454723677,-0.8838829689351654,label-side,"{""No, does not respect personal freedoms"": 0.9999999998909628, ""Yes, respects personal freedoms"": 1.0903730388234933e-10}","{""No, does not respect personal freedoms"": 0.8969072164948454, ""Yes, respects personal freedoms"": 0.10309278350515463}","{""No, does not respect personal freedoms"": 0.0449438202247191, ""Yes, respects personal freedoms"": 0.9550561797752809}"
qwen,Qwen2.5-7B-Instruct,Q0914,GAS,Poland,Vietnam,Q0914::Poland=>Vietnam,0.7549825906887024,0.9071098662371578,evidence-side,"{""No, does not respect personal freedoms"": 3.497475737997584e-05, ""Yes, respects personal freedoms"": 0.9999650252426201}","{""No, does not respect personal freedoms"": 0.9111111111111111, ""Yes, respects personal freedoms"": 0.08888888888888889}","{""No, does not respect personal freedoms"": 0.0449438202247191, ""Yes, respects personal freedoms"": 0.9550561797752809}"
qwen,Qwen2.5-7B-Instruct,Q0914,GAS,Sweden,Vietnam,Q0914::Sweden=>Vietnam,-0.834643730179788,-0.8997519750609859,label-side,"{""No, does not respect personal freedoms"": 0.9999999823384739, ""Yes, respects personal freedoms"": 1.7661526094520212e-08}","{""No, does not respect personal freedoms"": 0.9381443298969073, ""Yes, respects personal freedoms"": 0.061855670103092786}","{""No, does not respect personal freedoms"": 0.0449438202247191, ""Yes, respects personal freedoms"": 0.9550561797752809}"
qwen,Qwen2.5-7B-Instruct,Q0914,GAS,Vietnam,Netherlands,Q0914::Vietnam=>Netherlands,0.8127155451423075,0.8838829733901533,evidence-side,"{""No, does not respect personal freedoms"": 0.9999999997288453, ""Yes, respects personal freedoms"": 2.7115465996389007e-10}","{""No, does not respect personal freedoms"": 0.0449438202247191, ""Yes, respects personal freedoms"": 0.9550561797752809}","{""No, does not respect personal freedoms"": 0.8969072164948454, ""Yes, respects personal freedoms"": 0.10309278350515463}"
qwen,Qwen2.5-7B-Instruct,Q0914,GAS,Vietnam,Poland,Q0914::Vietnam=>Poland,0.8203476007089675,0.8886239007509016,evidence-side,"{""No, does not respect personal freedoms"": 0.9999999999016354, ""Yes, respects personal freedoms"": 9.836467944381906e-11}","{""No, does not respect personal freedoms"": 0.0449438202247191, ""Yes, respects personal freedoms"": 0.9550561797752809}","{""No, does not respect personal freedoms"": 0.9111111111111111, ""Yes, respects personal freedoms"": 0.08888888888888889}"
qwen,Qwen2.5-7B-Instruct,Q0914,GAS,Vietnam,Sweden,Q0914::Vietnam=>Sweden,0.8346437718068859,0.8997514855723809,evidence-side,"{""No, does not respect personal freedoms"": 0.9999999995402576, ""Yes, respects personal freedoms"": 4.5974240735520046e-10}","{""No, does not respect personal freedoms"": 0.0449438202247191, ""Yes, respects personal freedoms"": 0.9550561797752809}","{""No, does not respect personal freedoms"": 0.9381443298969073, ""Yes, respects personal freedoms"": 0.061855670103092786}"
qwen,Qwen2.5-7B-Instruct,Q0956,GAS,Israel,Kuwait,Q0956::Israel=>Kuwait,0.7311195917167126,0.6498221119425543,evidence-side,"{""A lot of confidence"": 0.9999999983946095, ""No confidence at all"": 1.1468272927013436e-11, ""Not too much confidence"": 1.89913325345653e-11, ""Some confidence"": 1.5749309381132485e-09}","{""A lot of confidence"": 0.010309278350515464, ""No confidence at all"": 0.5876288659793815, ""Not too much confidence"": 0.3402061855670103, ""Some confidence"": 0.061855670103092786}","{""A lot of confidence"": 0.6129032258064516, ""No confidence at all"": 0.07526881720430108, ""Not too much confidence"": 0.03225806451612903, ""Some confidence"": 0.27956989247311825}"
qwen,Qwen2.5-7B-Instruct,Q0956,GAS,Israel,Pakistan,Q0956::Israel=>Pakistan,0.7472967735810097,0.6347504280916489,evidence-side,"{""A lot of confidence"": 0.9999999994510207, ""No confidence at all"": 8.163070907132867e-12, ""Not too much confidence"": 9.407579828071054e-12, ""Some confidence"": 5.314086891087593e-10}","{""A lot of confidence"": 0.010309278350515464, ""No confidence at all"": 0.5876288659793815, ""Not too much confidence"": 0.3402061855670103, ""Some confidence"": 0.061855670103092786}","{""A lot of confidence"": 0.6363636363636364, ""No confidence at all"": 0.03896103896103896, ""Not too much confidence"": 0.025974025974025976, ""Some confidence"": 0.2987012987012987}"
qwen,Qwen2.5-7B-Instruct,Q0956,GAS,Kuwait,Israel,Q0956::Kuwait=>Israel,0.5580031980944745,0.5189052928029303,evidence-side,"{""A lot of confidence"": 2.9005034069908747e-11, ""No confidence at all"": 0.9999999996468409, ""Not too much confidence"": 4.124979197753072e-11, ""Some confidence"": 2.8290433244010627e-10}","{""A lot of confidence"": 0.6129032258064516, ""No confidence at all"": 0.07526881720430108, ""Not too much confidence"": 0.03225806451612903, ""Some confidence"": 0.27956989247311825}","{""A lot of confidence"": 0.010309278350515464, ""No confidence at all"": 0.5876288659793815, ""Not too much confidence"": 0.3402061855670103, ""Some confidence"": 0.061855670103092786}"
qwen,Qwen2.5-7B-Instruct,Q0956,GAS,Pakistan,Israel,Q0956::Pakistan=>Israel,0.6348870162949838,0.5412272767991777,evidence-side,"{""A lot of confidence"": 6.137356561744942e-11, ""No confidence at all"": 0.9999999997526792, ""Not too much confidence"": 7.824327185001712e-11, ""Some confidence"": 1.0770410109480797e-10}","{""A lot of confidence"": 0.6363636363636364, ""No confidence at all"": 0.03896103896103896, ""Not too much confidence"": 0.025974025974025976, ""Some confidence"": 0.2987012987012987}","{""A lot of confidence"": 0.010309278350515464, ""No confidence at all"": 0.5876288659793815, ""Not too much confidence"": 0.3402061855670103, ""Some confidence"": 0.061855670103092786}"
qwen,Qwen2.5-7B-Instruct,Q0990,GAS,Canada,Pakistan,Q0990::Canada=>Pakistan,0.7399274886152009,0.8853640778801939,evidence-side,"{""I dislike American music, movies and television"": 0.9999999998254638, ""I like American music, movies and television"": 1.7453614926571088e-10}","{""I dislike American music, movies and television"": 0.08333333333333334, ""I like American music, movies and television"": 0.9166666666666667}","{""I dislike American music, movies and television"": 0.9069767441860465, ""I like American music, movies and television"": 0.09302325581395349}"
qwen,Qwen2.5-7B-Instruct,Q0990,GAS,Pakistan,Canada,Q0990::Pakistan=>Canada,0.7275343697044161,0.8882475022540569,evidence-side,"{""I dislike American music, movies and television"": 4.4625826329644444e-11, ""I like American music, movies and television"": 0.9999999999553741}","{""I dislike American music, movies and television"": 0.9069767441860465, ""I like American music, movies and television"": 0.09302325581395349}","{""I dislike American music, movies and television"": 0.08333333333333334, ""I like American music, movies and television"": 0.9166666666666667}"
qwen,Qwen2.5-7B-Instruct,Q1024,GAS,Indonesia,Sweden,Q1024::Indonesia=>Sweden,0.7306127874707098,0.9025392848388886,evidence-side,"{""Homosexuality should be accepted by society"": 0.9999999998948288, ""Homosexuality should not be accepted by society"": 1.051712184047361e-10}","{""Homosexuality should be accepted by society"": 0.10112359550561797, ""Homosexuality should not be accepted by society"": 0.8988764044943821}","{""Homosexuality should be accepted by society"": 0.9494949494949495, ""Homosexuality should not be accepted by society"": 0.050505050505050504}"
qwen,Qwen2.5-7B-Instruct,Q1024,GAS,Netherlands,Nigeria,Q1024::Netherlands=>Nigeria,0.7576201743508544,0.8935521741791375,evidence-side,"{""Homosexuality should be accepted by society"": 8.855785380866328e-10, ""Homosexuality should not be accepted by society"": 0.9999999991144215}","{""Homosexuality should be accepted by society"": 0.92, ""Homosexuality should not be accepted by society"": 0.08}","{""Homosexuality should be accepted by society"": 0.07142857142857144, ""Homosexuality should not be accepted by society"": 0.9285714285714286}"
qwen,Qwen2.5-7B-Instruct,Q1024,GAS,Nigeria,Netherlands,Q1024::Nigeria=>Netherlands,0.7694977620169563,0.8905724266804756,evidence-side,"{""Homosexuality should be accepted by society"": 0.9999999998902414, ""Homosexuality should not be accepted by society"": 1.0975863913561408e-10}","{""Homosexuality should be accepted by society"": 0.07142857142857144, ""Homosexuality should not be accepted by society"": 0.9285714285714286}","{""Homosexuality should be accepted by society"": 0.92, ""Homosexuality should not be accepted by society"": 0.08}"
qwen,Qwen2.5-7B-Instruct,Q1024,GAS,Nigeria,Sweden,Q1024::Nigeria=>Sweden,0.7849758646970036,0.9041902353997738,evidence-side,"{""Homosexuality should be accepted by society"": 0.9999999998556254, ""Homosexuality should not be accepted by society"": 1.4437465988889715e-10}","{""Homosexuality should be accepted by society"": 0.07142857142857144, ""Homosexuality should not be accepted by society"": 0.9285714285714286}","{""Homosexuality should be accepted by society"": 0.9494949494949495, ""Homosexuality should not be accepted by society"": 0.050505050505050504}"
qwen,Qwen2.5-7B-Instruct,Q1024,GAS,Sweden,Indonesia,Q1024::Sweden=>Indonesia,0.8013727402221225,0.8843414097546158,evidence-side,"{""Homosexuality should be accepted by society"": 5.967715064151831e-06, ""Homosexuality should not be accepted by society"": 0.9999940322849359}","{""Homosexuality should be accepted by society"": 0.9494949494949495, ""Homosexuality should not be accepted by society"": 0.050505050505050504}","{""Homosexuality should be accepted by society"": 0.10112359550561797, ""Homosexuality should not be accepted by society"": 0.8988764044943821}"
qwen,Qwen2.5-7B-Instruct,Q1024,GAS,Sweden,Nigeria,Q1024::Sweden=>Nigeria,0.8172212037661807,0.895113534038528,evidence-side,"{""Homosexuality should be accepted by society"": 4.534706717212346e-08, ""Homosexuality should not be accepted by society"": 0.9999999546529329}","{""Homosexuality should be accepted by society"": 0.9494949494949495, ""Homosexuality should not be accepted by society"": 0.050505050505050504}","{""Homosexuality should be accepted by society"": 0.07142857142857144, ""Homosexuality should not be accepted by society"": 0.9285714285714286}"
qwen,Qwen2.5-7B-Instruct,Q1035,GAS,Ghana,Sweden,Q1035::Ghana=>Sweden,0.9053826259330676,0.8850094694934174,evidence-side,"{""Necessary to believe in God to be moral/have good values"": 5.366482145665919e-10, ""Not necessary to believe in God to be moral/have good values"": 0.9999999994633518}","{""Necessary to believe in God to be moral/have good values"": 0.99, ""Not necessary to believe in God to be moral/have good values"": 0.01}","{""Necessary to believe in God to be moral/have good values"": 0.10416666666666667, ""Not necessary to believe in God to be moral/have good values"": 0.8958333333333334}"
qwen,Qwen2.5-7B-Instruct,Q1035,GAS,Indonesia,Sweden,Q1035::Indonesia=>Sweden,0.9053826268539474,0.8850094582155652,evidence-side,"{""Necessary to believe in God to be moral/have good values"": 9.359922110113684e-11, ""Not necessary to believe in God to be moral/have good values"": 0.9999999999064009}","{""Necessary to believe in God to be moral/have good values"": 0.99, ""Not necessary to believe in God to be moral/have good values"": 0.01}","{""Necessary to believe in God to be moral/have good values"": 0.10416666666666667, ""Not necessary to believe in God to be moral/have good values"": 0.8958333333333334}"
qwen,Qwen2.5-7B-Instruct,Q1035,GAS,Pakistan,Sweden,Q1035::Pakistan=>Sweden,0.905046716551567,0.8850055480439344,evidence-side,"{""Necessary to believe in God to be moral/have good values"": 1.4933737915642527e-10, ""Not necessary to believe in God to be moral/have good values"": 0.9999999998506626}","{""Necessary to believe in God to be moral/have good values"": 0.98989898989899, ""Not necessary to believe in God to be moral/have good values"": 0.010101010101010102}","{""Necessary to believe in God to be moral/have good values"": 0.10416666666666667, ""Not necessary to believe in God to be moral/have good values"": 0.8958333333333334}"
qwen,Qwen2.5-7B-Instruct,Q1035,GAS,Sweden,Ghana,Q1035::Sweden=>Ghana,-0.9053825462896823,-0.8850102316744545,label-side,"{""Necessary to believe in God to be moral/have good values"": 3.885426476002503e-08, ""Not necessary to believe in God to be moral/have good values"": 0.9999999611457353}","{""Necessary to believe in God to be moral/have good values"": 0.10416666666666667, ""Not necessary to believe in God to be moral/have good values"": 0.8958333333333334}","{""Necessary to believe in God to be moral/have good values"": 0.99, ""Not necessary to believe in God to be moral/have good values"": 0.01}"
qwen,Qwen2.5-7B-Instruct,Q1035,GAS,Sweden,Indonesia,Q1035::Sweden=>Indonesia,-0.9053825462896823,-0.8850102316744545,label-side,"{""Necessary to believe in God to be moral/have good values"": 3.885426476002503e-08, ""Not necessary to believe in God to be moral/have good values"": 0.9999999611457353}","{""Necessary to believe in God to be moral/have good values"": 0.10416666666666667, ""Not necessary to believe in God to be moral/have good values"": 0.8958333333333334}","{""Necessary to believe in God to be moral/have good values"": 0.99, ""Not necessary to believe in God to be moral/have good values"": 0.01}"
qwen,Qwen2.5-7B-Instruct,Q1035,GAS,Sweden,Pakistan,Q1035::Sweden=>Pakistan,-0.9050466200752786,-0.8850064624510612,label-side,"{""Necessary to believe in God to be moral/have good values"": 4.656876919638517e-08, ""Not necessary to believe in God to be moral/have good values"": 0.9999999534312308}","{""Necessary to believe in God to be moral/have good values"": 0.10416666666666667, ""Not necessary to believe in God to be moral/have good values"": 0.8958333333333334}","{""Necessary to believe in God to be moral/have good values"": 0.98989898989899, ""Not necessary to believe in God to be moral/have good values"": 0.010101010101010102}"
qwen,Qwen2.5-7B-Instruct,Q1094,GAS,Jordan,Uzbekistan,Q1094::Jordan=>Uzbekistan,0.7480468827105643,0.8973934266405909,evidence-side,"{""I favor the US-led efforts to fight terrorism"": 0.9999999999983918, ""I oppose the US-led efforts to fight terrorism"": 1.6081951596474099e-12}","{""I favor the US-led efforts to fight terrorism"": 0.08791208791208792, ""I oppose the US-led efforts to fight terrorism"": 0.9120879120879121}","{""I favor the US-led efforts to fight terrorism"": 0.9381443298969072, ""I oppose the US-led efforts to fight terrorism"": 0.061855670103092786}"
qwen,Qwen2.5-7B-Instruct,Q1094,GAS,Palest. ter.,Uzbekistan,Q1094::Palest. ter.=>Uzbekistan,0.7194856194531958,0.8965182477611714,evidence-side,"{""I favor the US-led efforts to fight terrorism"": 0.9999999999977762, ""I oppose the US-led efforts to fight terrorism"": 2.223841073104569e-12}","{""I favor the US-led efforts to fight terrorism"": 0.10416666666666667, ""I oppose the US-led efforts to fight terrorism"": 0.8958333333333334}","{""I favor the US-led efforts to fight terrorism"": 0.9381443298969072, ""I oppose the US-led efforts to fight terrorism"": 0.061855670103092786}"
qwen,Qwen2.5-7B-Instruct,Q1094,GAS,Uzbekistan,Jordan,Q1094::Uzbekistan=>Jordan,0.7844400872316162,0.8881467719601638,evidence-side,"{""I favor the US-led efforts to fight terrorism"": 3.7808075135630777e-10, ""I oppose the US-led efforts to fight terrorism"": 0.9999999996219193}","{""I favor the US-led efforts to fight terrorism"": 0.9381443298969072, ""I oppose the US-led efforts to fight terrorism"": 0.061855670103092786}","{""I favor the US-led efforts to fight terrorism"": 0.08791208791208792, ""I oppose the US-led efforts to fight terrorism"": 0.9120879120879121}"
qwen,Qwen2.5-7B-Instruct,Q1094,GAS,Uzbekistan,Palest. ter.,Q1094::Uzbekistan=>Palest. ter.,0.7757057965431567,0.8828076295581619,evidence-side,"{""I favor the US-led efforts to fight terrorism"": 1.8443096787687703e-10, ""I oppose the US-led efforts to fight terrorism"": 0.9999999998155691}","{""I favor the US-led efforts to fight terrorism"": 0.9381443298969072, ""I oppose the US-led efforts to fight terrorism"": 0.061855670103092786}","{""I favor the US-led efforts to fight terrorism"": 0.10416666666666667, ""I oppose the US-led efforts to fight terrorism"": 0.8958333333333334}"
qwen,Qwen2.5-7B-Instruct,Q1110,GAS,Sweden,Vietnam,Q1110::Sweden=>Vietnam,0.00862475015529196,0.007276276230592905,evidence-side,"{""Somewhat bad"": 0.9954089708781594, ""Somewhat good"": 7.170925534758701e-07, ""Very bad"": 0.004590285639377944, ""Very good"": 2.638990923262246e-08}","{""Somewhat bad"": 0.19191919191919193, ""Somewhat good"": 0.030303030303030304, ""Very bad"": 0.7676767676767677, ""Very good"": 0.010101010101010102}","{""Somewhat bad"": 0.20652173913043478, ""Somewhat good"": 0.44565217391304346, ""Very bad"": 0.03260869565217391, ""Very good"": 0.31521739130434784}"
qwen,Qwen2.5-7B-Instruct,Q1110,GAS,Vietnam,Sweden,Q1110::Vietnam=>Sweden,0.7683696934167281,0.768504457378325,evidence-side,"{""Somewhat bad"": 3.918616167191103e-06, ""Somewhat good"": 2.151367670381926e-11, ""Very bad"": 0.9999960813526015, ""Very good"": 9.717599714530481e-12}","{""Somewhat bad"": 0.20652173913043478, ""Somewhat good"": 0.44565217391304346, ""Very bad"": 0.03260869565217391, ""Very good"": 0.31521739130434784}","{""Somewhat bad"": 0.19191919191919193, ""Somewhat good"": 0.030303030303030304, ""Very bad"": 0.7676767676767677, ""Very good"": 0.010101010101010102}"
qwen,Qwen2.5-7B-Instruct,Q1139,GAS,Kenya,Palest. ter.,Q1139::Kenya=>Palest. ter.,0.6475752384432609,0.5571673210246536,evidence-side,"{""Somewhat bad"": 3.436538690132723e-11, ""Somewhat good"": 5.2886509755686595e-12, ""Very bad"": 0.9999999996096117, ""Very good"": 3.5073425781740335e-10}","{""Somewhat bad"": 0.04081632653061224, ""Somewhat good"": 0.42857142857142855, ""Very bad"": 0.01020408163265306, ""Very good"": 0.5204081632653061}","{""Somewhat bad"": 0.3125, ""Somewhat good"": 0.17708333333333334, ""Very bad"": 0.5, ""Very good"": 0.010416666666666666}"
qwen,Qwen2.5-7B-Instruct,Q1139,GAS,Palest. ter.,Kenya,Q1139::Palest. ter.=>Kenya,0.2785698010259644,0.2642258568871479,evidence-side,"{""Somewhat bad"": 1.092506517185909e-08, ""Somewhat good"": 0.9966454861839413, ""Very bad"": 1.0244306008803443e-06, ""Very good"": 0.0033534784603926125}","{""Somewhat bad"": 0.3125, ""Somewhat good"": 0.17708333333333334, ""Very bad"": 0.5, ""Very good"": 0.010416666666666666}","{""Somewhat bad"": 0.04081632653061224, ""Somewhat good"": 0.42857142857142855, ""Very bad"": 0.01020408163265306, ""Very good"": 0.5204081632653061}"
qwen,Qwen2.5-7B-Instruct,Q1139,GAS,Palest. ter.,Uganda,Q1139::Palest. ter.=>Uganda,0.6889343056447514,0.890112574615239,evidence-side,"{""Somewhat bad"": 6.844511928454092e-08, ""Somewhat good"": 0.35249054301776656, ""Very bad"": 5.574029800786648e-06, ""Very good"": 0.6475038145073134}","{""Somewhat bad"": 0.3125, ""Somewhat good"": 0.17708333333333334, ""Very bad"": 0.5, ""Very good"": 0.010416666666666666}","{""Somewhat bad"": 0.03614457831325301, ""Somewhat good"": 0.40963855421686746, ""Very bad"": 0.012048192771084338, ""Very good"": 0.5421686746987951}"
qwen,Qwen2.5-7B-Instruct,Q1139,GAS,Uganda,Palest. ter.,Q1139::Uganda=>Palest. ter.,0.6416250829864638,0.5499878653888273,evidence-side,"{""Somewhat bad"": 3.9451162970676104e-05, ""Somewhat good"": 8.62646296600074e-09, ""Very bad"": 0.999960531539415, ""Very good"": 8.671151317479667e-09}","{""Somewhat bad"": 0.03614457831325301, ""Somewhat good"": 0.40963855421686746, ""Very bad"": 0.012048192771084338, ""Very good"": 0.5421686746987951}","{""Somewhat bad"": 0.3125, ""Somewhat good"": 0.17708333333333334, ""Very bad"": 0.5, ""Very good"": 0.010416666666666666}"
qwen,Qwen2.5-7B-Instruct,Q1155,GAS,Indonesia,Sweden,Q1155::Indonesia=>Sweden,0.8808199585781773,0.8890872771458707,evidence-side,"{""It is necessary to believe in God in order to be moral and have good values"": 2.292127345034225e-09, ""It is not necessary to believe in God in order to be moral and have good values"": 0.9999999977078726}","{""It is necessary to believe in God in order to be moral and have good values"": 0.9795918367346939, ""It is not necessary to believe in God in order to be moral and have good values"": 0.020408163265306124}","{""It is necessary to believe in God in order to be moral and have good values"": 0.09090909090909091, ""It is not necessary to believe in God in order to be moral and have good values"": 0.9090909090909092}"
qwen,Qwen2.5-7B-Instruct,Q1155,GAS,Kenya,Sweden,Q1155::Kenya=>Sweden,0.8079809050847665,0.8876706152443326,evidence-side,"{""It is necessary to believe in God in order to be moral and have good values"": 4.980291666581768e-10, ""It is not necessary to believe in God in order to be moral and have good values"": 0.9999999995019708}","{""It is necessary to believe in God in order to be moral and have good values"": 0.95, ""It is not necessary to believe in God in order to be moral and have good values"": 0.05}","{""It is necessary to believe in God in order to be moral and have good values"": 0.09090909090909091, ""It is not necessary to believe in God in order to be moral and have good values"": 0.9090909090909092}"
qwen,Qwen2.5-7B-Instruct,Q1155,GAS,Philippines,Sweden,Q1155::Philippines=>Sweden,0.8306829437845641,0.8881497436374773,evidence-side,"{""It is necessary to believe in God in order to be moral and have good values"": 1.5558967616709816e-09, ""It is not necessary to believe in God in order to be moral and have good values"": 0.9999999984441033}","{""It is necessary to believe in God in order to be moral and have good values"": 0.96, ""It is not necessary to believe in God in order to be moral and have good values"": 0.04}","{""It is necessary to believe in God in order to be moral and have good values"": 0.09090909090909091, ""It is not necessary to believe in God in order to be moral and have good values"": 0.9090909090909092}"
qwen,Qwen2.5-7B-Instruct,Q1155,GAS,Sweden,Indonesia,Q1155::Sweden=>Indonesia,0.7638853793014478,0.9282021479805818,evidence-side,"{""It is necessary to believe in God in order to be moral and have good values"": 0.9999632641062492, ""It is not necessary to believe in God in order to be moral and have good values"": 3.6735893750795235e-05}","{""It is necessary to believe in God in order to be moral and have good values"": 0.09090909090909091, ""It is not necessary to believe in God in order to be moral and have good values"": 0.9090909090909092}","{""It is necessary to believe in God in order to be moral and have good values"": 0.9795918367346939, ""It is not necessary to believe in God in order to be moral and have good values"": 0.020408163265306124}"
qwen,Qwen2.5-7B-Instruct,Q1155,GAS,Sweden,Kenya,Q1155::Sweden=>Kenya,0.7488192243169046,0.90339148164207,evidence-side,"{""It is necessary to believe in God in order to be moral and have good values"": 0.9999999837683713, ""It is not necessary to believe in God in order to be moral and have good values"": 1.6231628709973074e-08}","{""It is necessary to believe in God in order to be moral and have good values"": 0.09090909090909091, ""It is not necessary to believe in God in order to be moral and have good values"": 0.9090909090909092}","{""It is necessary to believe in God in order to be moral and have good values"": 0.95, ""It is not necessary to believe in God in order to be moral and have good values"": 0.05}"
qwen,Qwen2.5-7B-Instruct,Q1155,GAS,Sweden,Philippines,Q1155::Sweden=>Philippines,0.7539867399690404,0.9096815819690134,evidence-side,"{""It is necessary to believe in God in order to be moral and have good values"": 0.999999801913668, ""It is not necessary to believe in God in order to be moral and have good values"": 1.9808633197766015e-07}","{""It is necessary to believe in God in order to be moral and have good values"": 0.09090909090909091, ""It is not necessary to believe in God in order to be moral and have good values"": 0.9090909090909092}","{""It is necessary to believe in God in order to be moral and have good values"": 0.96, ""It is not necessary to believe in God in order to be moral and have good values"": 0.04}"
qwen,Qwen2.5-7B-Instruct,Q1223,GAS,Germany,Pakistan,Q1223::Germany=>Pakistan,-0.6637413832898158,-0.9126302111153431,label-side,"{""No, does not respect personal freedoms"": 0.9999999026676153, ""Yes, respects personal freedoms"": 9.733238471228846e-08}","{""No, does not respect personal freedoms"": 0.9680851063829787, ""Yes, respects personal freedoms"": 0.031914893617021274}","{""No, does not respect personal freedoms"": 0.14925373134328357, ""Yes, respects personal freedoms"": 0.8507462686567164}"
qwen,Qwen2.5-7B-Instruct,Q1223,GAS,Italy,Pakistan,Q1223::Italy=>Pakistan,-0.6743076356449418,-0.9386799196095745,label-side,"{""No, does not respect personal freedoms"": 0.9999999461792148, ""Yes, respects personal freedoms"": 5.382078519877954e-08}","{""No, does not respect personal freedoms"": 0.9888888888888889, ""Yes, respects personal freedoms"": 0.011111111111111112}","{""No, does not respect personal freedoms"": 0.14925373134328357, ""Yes, respects personal freedoms"": 0.8507462686567164}"
qwen,Qwen2.5-7B-Instruct,Q1223,GAS,Pakistan,Germany,Q1223::Pakistan=>Germany,0.6637384740303927,0.9126621445071263,evidence-side,"{""No, does not respect personal freedoms"": 0.9999988471531429, ""Yes, respects personal freedoms"": 1.152846857104364e-06}","{""No, does not respect personal freedoms"": 0.14925373134328357, ""Yes, respects personal freedoms"": 0.8507462686567164}","{""No, does not respect personal freedoms"": 0.9680851063829787, ""Yes, respects personal freedoms"": 0.031914893617021274}"
qwen,Qwen2.5-7B-Instruct,Q1223,GAS,Pakistan,Italy,Q1223::Pakistan=>Italy,0.6743047518109602,0.9387208419490947,evidence-side,"{""No, does not respect personal freedoms"": 0.9999991280540584, ""Yes, respects personal freedoms"": 8.719459415735618e-07}","{""No, does not respect personal freedoms"": 0.14925373134328357, ""Yes, respects personal freedoms"": 0.8507462686567164}","{""No, does not respect personal freedoms"": 0.9888888888888889, ""Yes, respects personal freedoms"": 0.011111111111111112}"
qwen,Qwen2.5-7B-Instruct,Q1223,GAS,Pakistan,Spain,Q1223::Pakistan=>Spain,0.6691588756590741,0.9233096483218655,evidence-side,"{""No, does not respect personal freedoms"": 0.9999980086003581, ""Yes, respects personal freedoms"": 1.991399641923329e-06}","{""No, does not respect personal freedoms"": 0.14925373134328357, ""Yes, respects personal freedoms"": 0.8507462686567164}","{""No, does not respect personal freedoms"": 0.9787234042553191, ""Yes, respects personal freedoms"": 0.02127659574468085}"
qwen,Qwen2.5-7B-Instruct,Q1223,GAS,Spain,Pakistan,Q1223::Spain=>Pakistan,0.8440168867742347,0.8785262056641236,evidence-side,"{""No, does not respect personal freedoms"": 0.0013511362744253335, ""Yes, respects personal freedoms"": 0.9986488637255747}","{""No, does not respect personal freedoms"": 0.9787234042553191, ""Yes, respects personal freedoms"": 0.02127659574468085}","{""No, does not respect personal freedoms"": 0.14925373134328357, ""Yes, respects personal freedoms"": 0.8507462686567164}"
qwen,Qwen2.5-7B-Instruct,Q1262,WVS,Germany,Peru,Q1262::Germany=>Peru,0.5399408426426681,0.4871639474764024,evidence-side,"{""All of them"": 1.0619384609284043e-09, ""Few of them"": 2.314279965747425e-10, ""Most of them"": 0.9999999986391229, ""None of them"": 6.751066668908188e-11}","{""All of them"": 0.007709251101321585, ""Few of them"": 0.6563876651982379, ""Most of them"": 0.06387665198237885, ""None of them"": 0.2720264317180617}","{""All of them"": 0.35721493440968716, ""Few of them"": 0.10595358224016144, ""Most of them"": 0.5327951564076691, ""None of them"": 0.004036326942482341}"
qwen,Qwen2.5-7B-Instruct,Q1262,WVS,Peru,Germany,Q1262::Peru=>Germany,0.5503889445880322,0.5473041046803949,evidence-side,"{""All of them"": 3.014187935657031e-11, ""Few of them"": 0.9999997152030202, ""Most of them"": 2.548801215736462e-07, ""None of them"": 2.988671632820199e-08}","{""All of them"": 0.35721493440968716, ""Few of them"": 0.10595358224016144, ""Most of them"": 0.5327951564076691, ""None of them"": 0.004036326942482341}","{""All of them"": 0.007709251101321585, ""Few of them"": 0.6563876651982379, ""Most of them"": 0.06387665198237885, ""None of them"": 0.2720264317180617}"
qwen,Qwen2.5-7B-Instruct,Q1321,WVS,Greece,Vietnam,Q1321::Greece=>Vietnam,0.6572445594517725,0.6137589671947977,evidence-side,"{""A great deal"": 9.014432067258722e-09, ""None at all"": 3.920738830013805e-10, ""Not very much"": 1.1347707425636193e-07, ""Quite a lot"": 0.9999998771164198}","{""A great deal"": 0.0031315240083507304, ""None at all"": 0.5960334029227558, ""Not very much"": 0.33924843423799583, ""Quite a lot"": 0.0615866388308977}","{""A great deal"": 0.22752808988764048, ""None at all"": 0.019662921348314606, ""Not very much"": 0.05898876404494383, ""Quite a lot"": 0.6938202247191011}"
qwen,Qwen2.5-7B-Instruct,Q1321,WVS,Tunisia,Vietnam,Q1321::Tunisia=>Vietnam,0.6242638636512228,0.6228741908773914,evidence-side,"{""A great deal"": 1.5603516070540035e-09, ""None at all"": 2.600046669934588e-09, ""Not very much"": 3.008310491733532e-09, ""Quite a lot"": 0.9999999928312913}","{""A great deal"": 0.019583843329253364, ""None at all"": 0.5716034271725826, ""Not very much"": 0.33047735618115054, ""Quite a lot"": 0.07833537331701346}","{""A great deal"": 0.22752808988764048, ""None at all"": 0.019662921348314606, ""Not very much"": 0.05898876404494383, ""Quite a lot"": 0.6938202247191011}"
qwen,Qwen2.5-7B-Instruct,Q1321,WVS,Vietnam,Greece,Q1321::Vietnam=>Greece,0.6906838191454642,0.5890318806274774,evidence-side,"{""A great deal"": 9.702454891458153e-11, ""None at all"": 0.99999988846708, ""Not very much"": 3.9240680932773636e-10, ""Quite a lot"": 1.1104348866730892e-07}","{""A great deal"": 0.22752808988764048, ""None at all"": 0.019662921348314606, ""Not very much"": 0.05898876404494383, ""Quite a lot"": 0.6938202247191011}","{""A great deal"": 0.0031315240083507304, ""None at all"": 0.5960334029227558, ""Not very much"": 0.33924843423799583, ""Quite a lot"": 0.0615866388308977}"
qwen,Qwen2.5-7B-Instruct,Q1321,WVS,Vietnam,Tunisia,Q1321::Vietnam=>Tunisia,0.6730955898084124,0.5976276085991756,evidence-side,"{""A great deal"": 2.2771925710390582e-10, ""None at all"": 0.9999999880823074, ""Not very much"": 4.143962527034296e-10, ""Quite a lot"": 1.1275577124283259e-08}","{""A great deal"": 0.22752808988764048, ""None at all"": 0.019662921348314606, ""Not very much"": 0.05898876404494383, ""Quite a lot"": 0.6938202247191011}","{""A great deal"": 0.019583843329253364, ""None at all"": 0.5716034271725826, ""Not very much"": 0.33047735618115054, ""Quite a lot"": 0.07833537331701346}"
qwen,Qwen2.5-7B-Instruct,Q1322,WVS,China,Maldives,Q1322::China=>Maldives,0.8704880121674409,0.880688769976116,evidence-side,"{""Agree"": 1.1544361380345654e-11, ""Disagree"": 7.237078869582815e-11, ""Strongly agree"": 0.9999999995249536, ""Strongly disagree"": 3.9113131496753584e-10}","{""Agree"": 0.09674134419551934, ""Disagree"": 0.4562118126272912, ""Strongly agree"": 0.029531568228105903, ""Strongly disagree"": 0.4175152749490835}","{""Agree"": 0.03811434302908726, ""Disagree"": 0.01805416248746239, ""Strongly agree"": 0.9358074222668004, ""Strongly disagree"": 0.00802407221664995}"
qwen,Qwen2.5-7B-Instruct,Q1322,WVS,Maldives,China,Q1322::Maldives=>China,0.5881457358334943,0.43323416891510586,evidence-side,"{""Agree"": 1.6422228131902237e-07, ""Disagree"": 0.9998041263285274, ""Strongly agree"": 1.2206471670362251e-08, ""Strongly disagree"": 0.00019569724271955162}","{""Agree"": 0.03811434302908726, ""Disagree"": 0.01805416248746239, ""Strongly agree"": 0.9358074222668004, ""Strongly disagree"": 0.00802407221664995}","{""Agree"": 0.09674134419551934, ""Disagree"": 0.4562118126272912, ""Strongly agree"": 0.029531568228105903, ""Strongly disagree"": 0.4175152749490835}"
qwen,Qwen2.5-7B-Instruct,Q1322,WVS,Maldives,South Korea,Q1322::Maldives=>South Korea,0.605078401966173,0.44348748005209676,evidence-side,"{""Agree"": 2.5792562163236177e-08, ""Disagree"": 0.9995396236820521, ""Strongly agree"": 4.268277514222005e-09, ""Strongly disagree"": 0.00046034625710830555}","{""Agree"": 0.03811434302908726, ""Disagree"": 0.01805416248746239, ""Strongly agree"": 0.9358074222668004, ""Strongly disagree"": 0.00802407221664995}","{""Agree"": 0.2, ""Disagree"": 0.47600000000000003, ""Strongly agree"": 0.015, ""Strongly disagree"": 0.309}"
qwen,Qwen2.5-7B-Instruct,Q1322,WVS,Maldives,Taiwan ROC,Q1322::Maldives=>Taiwan ROC,0.6957167134951152,0.5453694930138456,evidence-side,"{""Agree"": 2.8202166270050967e-09, ""Disagree"": 0.9999988213928144, ""Strongly agree"": 4.937317630546224e-10, ""Strongly disagree"": 1.1752932373208933e-06}","{""Agree"": 0.03811434302908726, ""Disagree"": 0.01805416248746239, ""Strongly agree"": 0.9358074222668004, ""Strongly disagree"": 0.00802407221664995}","{""Agree"": 0.10810810810810811, ""Disagree"": 0.5965965965965966, ""Strongly agree"": 0.02602602602602603, ""Strongly disagree"": 0.2692692692692693}"
qwen,Qwen2.5-7B-Instruct,Q1322,WVS,South Korea,Maldives,Q1322::South Korea=>Maldives,0.9107931510390325,0.8912555238723594,evidence-side,"{""Agree"": 3.2804175989400857e-12, ""Disagree"": 9.12250997273978e-11, ""Strongly agree"": 0.9999999996349251, ""Strongly disagree"": 2.705693203628277e-10}","{""Agree"": 0.2, ""Disagree"": 0.47600000000000003, ""Strongly agree"": 0.015, ""Strongly disagree"": 0.309}","{""Agree"": 0.03811434302908726, ""Disagree"": 0.01805416248746239, ""Strongly agree"": 0.9358074222668004, ""Strongly disagree"": 0.00802407221664995}"
qwen,Qwen2.5-7B-Instruct,Q1322,WVS,Taiwan ROC,Maldives,Q1322::Taiwan ROC=>Maldives,0.8796205813096158,0.8830283116695085,evidence-side,"{""Agree"": 4.734733939305196e-12, ""Disagree"": 1.6367368212899937e-11, ""Strongly agree"": 0.9999999999647957, ""Strongly disagree"": 1.410218141949702e-11}","{""Agree"": 0.10810810810810811, ""Disagree"": 0.5965965965965966, ""Strongly agree"": 0.02602602602602603, ""Strongly disagree"": 0.2692692692692693}","{""Agree"": 0.03811434302908726, ""Disagree"": 0.01805416248746239, ""Strongly agree"": 0.9358074222668004, ""Strongly disagree"": 0.00802407221664995}"
qwen,Qwen2.5-7B-Instruct,Q1333,WVS,Lebanon,Vietnam,Q1333::Lebanon=>Vietnam,0.5382216968615837,0.5299730521738236,evidence-side,"{""A great deal"": 1.2005049949880205e-09, ""None at all"": 6.001769575062036e-09, ""Not very much"": 3.264518644974361e-09, ""Quite a lot"": 0.9999999895332068}","{""A great deal"": 0.01725997842502697, ""None at all"": 0.4832793959007551, ""Not very much"": 0.39374325782092773, ""Quite a lot"": 0.1057173678532902}","{""A great deal"": 0.3057851239669422, ""None at all"": 0.011019283746556474, ""Not very much"": 0.045454545454545456, ""Quite a lot"": 0.6377410468319559}"
qwen,Qwen2.5-7B-Instruct,Q1333,WVS,Peru,Vietnam,Q1333::Peru=>Vietnam,0.5614537562173807,0.5395334945910377,evidence-side,"{""A great deal"": 2.9643384727412357e-09, ""None at all"": 2.5403118002681692e-12, ""Not very much"": 6.770935301626873e-12, ""Quite a lot"": 0.9999999970263502}","{""A great deal"": 0.020986358866736624, ""None at all"": 0.5697796432318992, ""Not very much"": 0.31689401888772295, ""Quite a lot"": 0.09233997901364115}","{""A great deal"": 0.3057851239669422, ""None at all"": 0.011019283746556474, ""Not very much"": 0.045454545454545456, ""Quite a lot"": 0.6377410468319559}"
qwen,Qwen2.5-7B-Instruct,Q1333,WVS,Serbia,Vietnam,Q1333::Serbia=>Vietnam,0.5312498811628779,0.5264926156815618,evidence-side,"{""A great deal"": 2.460820330068613e-09, ""None at all"": 5.386609837130266e-11, ""Not very much"": 1.80123582282512e-10, ""Quite a lot"": 0.9999999973051901}","{""A great deal"": 0.016816143497757848, ""None at all"": 0.492152466367713, ""Not very much"": 0.38116591928251126, ""Quite a lot"": 0.10986547085201794}","{""A great deal"": 0.3057851239669422, ""None at all"": 0.011019283746556474, ""Not very much"": 0.045454545454545456, ""Quite a lot"": 0.6377410468319559}"
qwen,Qwen2.5-7B-Instruct,Q1333,WVS,Vietnam,Lebanon,Q1333::Vietnam=>Lebanon,0.6315085165986918,0.5318570971110849,evidence-side,"{""A great deal"": 1.7857659976296658e-11, ""None at all"": 0.999999992583477, ""Not very much"": 7.158572129148788e-09, ""Quite a lot"": 2.4009320737907246e-10}","{""A great deal"": 0.3057851239669422, ""None at all"": 0.011019283746556474, ""Not very much"": 0.045454545454545456, ""Quite a lot"": 0.6377410468319559}","{""A great deal"": 0.01725997842502697, ""None at all"": 0.4832793959007551, ""Not very much"": 0.39374325782092773, ""Quite a lot"": 0.1057173678532902}"
qwen,Qwen2.5-7B-Instruct,Q1333,WVS,Vietnam,Peru,Q1333::Vietnam=>Peru,0.6979883512884956,0.6035130266231361,evidence-side,"{""A great deal"": 1.6661559571911783e-11, ""None at all"": 0.9999999983054393, ""Not very much"": 1.5266530201881628e-09, ""Quite a lot"": 1.5124621456765734e-10}","{""A great deal"": 0.3057851239669422, ""None at all"": 0.011019283746556474, ""Not very much"": 0.045454545454545456, ""Quite a lot"": 0.6377410468319559}","{""A great deal"": 0.020986358866736624, ""None at all"": 0.5697796432318992, ""Not very much"": 0.31689401888772295, ""Quite a lot"": 0.09233997901364115}"
qwen,Qwen2.5-7B-Instruct,Q1333,WVS,Vietnam,Serbia,Q1333::Vietnam=>Serbia,0.6386469137362514,0.5419029948922657,evidence-side,"{""A great deal"": 3.451759474534228e-11, ""None at all"": 0.999999996384525, ""Not very much"": 3.322264357682347e-09, ""Quite a lot"": 2.5869317174302606e-10}","{""A great deal"": 0.3057851239669422, ""None at all"": 0.011019283746556474, ""Not very much"": 0.045454545454545456, ""Quite a lot"": 0.6377410468319559}","{""A great deal"": 0.016816143497757848, ""None at all"": 0.492152466367713, ""Not very much"": 0.38116591928251126, ""Quite a lot"": 0.10986547085201794}"
qwen,Qwen2.5-7B-Instruct,Q1371,WVS,Argentina,Vietnam,Q1371::Argentina=>Vietnam,0.8383792248990489,0.8816900584289799,evidence-side,"{""No"": 3.9572940267797705e-08, ""Yes"": 0.9999999604270597}","{""No"": 0.9678714859437751, ""Yes"": 0.032128514056224904}","{""No"": 0.11199999999999999, ""Yes"": 0.888}"
qwen,Qwen2.5-7B-Instruct,Q1371,WVS,Vietnam,Argentina,Q1371::Vietnam=>Argentina,0.7195287369667598,0.9228618737281522,evidence-side,"{""No"": 0.9992170220762598, ""Yes"": 0.0007829779237402425}","{""No"": 0.11199999999999999, ""Yes"": 0.888}","{""No"": 0.9678714859437751, ""Yes"": 0.032128514056224904}"
qwen,Qwen2.5-7B-Instruct,Q1375,WVS,Australia,Vietnam,Q1375::Australia=>Vietnam,0.5969258941432819,0.7911757412786072,evidence-side,"{""Mentioned"": 0.8788249934838309, ""Not mentioned"": 0.12117500651616912}","{""Mentioned"": 0.04, ""Not mentioned"": 0.96}","{""Mentioned"": 0.9470000000000001, ""Not mentioned"": 0.053}"
qwen,Qwen2.5-7B-Instruct,Q1375,WVS,Great Britain,Vietnam,Q1375::Great Britain=>Vietnam,0.7738236964539122,0.9774961435444425,evidence-side,"{""Mentioned"": 0.9700498671898596, ""Not mentioned"": 0.029950132810140355}","{""Mentioned"": 0.04238143289606459, ""Not mentioned"": 0.9576185671039354}","{""Mentioned"": 0.9470000000000001, ""Not mentioned"": 0.053}"
qwen,Qwen2.5-7B-Instruct,Q1375,WVS,Uruguay,Vietnam,Q1375::Uruguay=>Vietnam,0.8012494902365689,0.9656172547087393,evidence-side,"{""Mentioned"": 0.9786505684157493, ""Not mentioned"": 0.021349431584250726}","{""Mentioned"": 0.039, ""Not mentioned"": 0.961}","{""Mentioned"": 0.9470000000000001, ""Not mentioned"": 0.053}"
qwen,Qwen2.5-7B-Instruct,Q1375,WVS,Vietnam,Australia,Q1375::Vietnam=>Australia,0.8281525989763611,0.912008354323722,evidence-side,"{""Mentioned"": 8.220918923450771e-06, ""Not mentioned"": 0.9999917790810765}","{""Mentioned"": 0.9470000000000001, ""Not mentioned"": 0.053}","{""Mentioned"": 0.04, ""Not mentioned"": 0.96}"
qwen,Qwen2.5-7B-Instruct,Q1375,WVS,Vietnam,Great Britain,Q1375::Vietnam=>Great Britain,0.8263765092868718,0.9128031648529983,evidence-side,"{""Mentioned"": 0.00021265809636399557, ""Not mentioned"": 0.999787341903636}","{""Mentioned"": 0.9470000000000001, ""Not mentioned"": 0.053}","{""Mentioned"": 0.04238143289606459, ""Not mentioned"": 0.9576185671039354}"
qwen,Qwen2.5-7B-Instruct,Q1375,WVS,Vietnam,Uruguay,Q1375::Vietnam=>Uruguay,0.8286703644468523,0.9126906868611089,evidence-side,"{""Mentioned"": 7.043706521811701e-06, ""Not mentioned"": 0.9999929562934783}","{""Mentioned"": 0.9470000000000001, ""Not mentioned"": 0.053}","{""Mentioned"": 0.039, ""Not mentioned"": 0.961}"
qwen,Qwen2.5-7B-Instruct,Q1392,WVS,Australia,Vietnam,Q1392::Australia=>Vietnam,0.6432273950422418,0.5376221764353732,evidence-side,"{""A great deal"": 2.148221948995402e-08, ""None at all"": 2.9793609415520443e-08, ""Not very much"": 1.507368237190351e-09, ""Quite a lot"": 0.9999999472168029}","{""A great deal"": 0.014336917562724014, ""None at all"": 0.5627240143369175, ""Not very much"": 0.38530465949820786, ""Quite a lot"": 0.03763440860215053}","{""A great deal"": 0.3445491251682369, ""None at all"": 0.013458950201884253, ""Not very much"": 0.04710632570659489, ""Quite a lot"": 0.5948855989232841}"
qwen,Qwen2.5-7B-Instruct,Q1392,WVS,Vietnam,Australia,Q1392::Vietnam=>Australia,0.6850370441988343,0.5505344064316806,evidence-side,"{""A great deal"": 2.4087481026154287e-10, ""None at all"": 0.9999999975146711, ""Not very much"": 6.653481993303531e-10, ""Quite a lot"": 1.5791059327390632e-09}","{""A great deal"": 0.3445491251682369, ""None at all"": 0.013458950201884253, ""Not very much"": 0.04710632570659489, ""Quite a lot"": 0.5948855989232841}","{""A great deal"": 0.014336917562724014, ""None at all"": 0.5627240143369175, ""Not very much"": 0.38530465949820786, ""Quite a lot"": 0.03763440860215053}"
qwen,Qwen2.5-7B-Instruct,Q1395,WVS,Iran,Japan,Q1395::Iran=>Japan,0.6562294330182231,0.7688619563357653,evidence-side,"{""Bad"": 1.8420999853839722e-12, ""Fairly good"": 2.5243293307192908e-12, ""Very bad"": 0.9999999999946891, ""Very good"": 9.44507980163966e-13}","{""Bad"": 0.08620689655172416, ""Fairly good"": 0.3691683569979716, ""Very bad"": 0.11866125760649088, ""Very good"": 0.4259634888438134}","{""Bad"": 0.1182669789227166, ""Fairly good"": 0.011709601873536299, ""Very bad"": 0.8653395784543326, ""Very good"": 0.00468384074941452}"
qwen,Qwen2.5-7B-Instruct,Q1395,WVS,Iran,New Zealand,Q1395::Iran=>New Zealand,0.6695506803306739,0.8011200651861334,evidence-side,"{""Bad"": 1.316620069506418e-12, ""Fairly good"": 2.9654536637106646e-12, ""Very bad"": 0.9999999999945672, ""Very good"": 1.1507883541599659e-12}","{""Bad"": 0.08620689655172416, ""Fairly good"": 0.3691683569979716, ""Very bad"": 0.11866125760649088, ""Very good"": 0.4259634888438134}","{""Bad"": 0.09180327868852457, ""Fairly good"": 0.013114754098360654, ""Very bad"": 0.8896174863387978, ""Very good"": 0.005464480874316939}"
qwen,Qwen2.5-7B-Instruct,Q1395,WVS,Japan,Iran,Q1395::Japan=>Iran,0.6015293308656906,0.49692749028844674,evidence-side,"{""Bad"": 7.4428497066686806e-09, ""Fairly good"": 1.2028376921310836e-08, ""Very bad"": 0.002492669602276009, ""Very good"": 0.9975073109264974}","{""Bad"": 0.1182669789227166, ""Fairly good"": 0.011709601873536299, ""Very bad"": 0.8653395784543326, ""Very good"": 0.00468384074941452}","{""Bad"": 0.08620689655172416, ""Fairly good"": 0.3691683569979716, ""Very bad"": 0.11866125760649088, ""Very good"": 0.4259634888438134}"
qwen,Qwen2.5-7B-Instruct,Q1395,WVS,New Zealand,Iran,Q1395::New Zealand=>Iran,-0.6695505158381241,-0.8011207338055971,label-side,"{""Bad"": 8.87237851975073e-12, ""Fairly good"": 6.520206905929501e-12, ""Very bad"": 0.9999999532615644, ""Very good"": 4.672304303696101e-08}","{""Bad"": 0.09180327868852457, ""Fairly good"": 0.013114754098360654, ""Very bad"": 0.8896174863387978, ""Very good"": 0.005464480874316939}","{""Bad"": 0.08620689655172416, ""Fairly good"": 0.3691683569979716, ""Very bad"": 0.11866125760649088, ""Very good"": 0.4259634888438134}"
qwen,Qwen2.5-7B-Instruct,Q1430,WVS,Tunisia,Vietnam,Q1430::Tunisia=>Vietnam,0.5648925507035966,0.5642484000023579,evidence-side,"{""A great deal"": 1.6562362227388392e-10, ""None at all"": 4.602352213334274e-11, ""Not very much"": 6.047748871176037e-08, ""Quite a lot"": 0.9999999393108642}","{""A great deal"": 0.03041362530413625, ""None at all"": 0.51338199513382, ""Not very much"": 0.3600973236009733, ""Quite a lot"": 0.09610705596107057}","{""A great deal"": 0.28243243243243243, ""None at all"": 0.006756756756756757, ""Not very much"": 0.058108108108108104, ""Quite a lot"": 0.6527027027027027}"
qwen,Qwen2.5-7B-Instruct,Q1430,WVS,Vietnam,Tunisia,Q1430::Vietnam=>Tunisia,0.6699881247421688,0.5769250386848017,evidence-side,"{""A great deal"": 2.413419037404232e-07, ""None at all"": 0.9999921596452337, ""Not very much"": 2.3100240508078497e-06, ""Quite a lot"": 5.28898881179763e-06}","{""A great deal"": 0.28243243243243243, ""None at all"": 0.006756756756756757, ""Not very much"": 0.058108108108108104, ""Quite a lot"": 0.6527027027027027}","{""A great deal"": 0.03041362530413625, ""None at all"": 0.51338199513382, ""Not very much"": 0.3600973236009733, ""Quite a lot"": 0.09610705596107057}"
qwen,Qwen2.5-7B-Instruct,Q1456,WVS,Ethiopia,South Korea,Q1456::Ethiopia=>South Korea,-0.09091069035121158,-0.0873766021188886,label-side,"{""2"": 0.00015417287747160547, ""3"": 0.003304419057642861, ""4"": 4.7706267051428816e-05, ""5"": 0.16500657489178003, ""6"": 0.0008051039784700801, ""7"": 0.21279805397292983, ""8"": 0.02714888474240163, ""9"": 3.9084283405273795e-08, ""Hard work doesn't generally bring success - it's more a matter of luck and connections"": 0.40454672480417636, ""In the long run, hard work usually brings a better life"": 0.18618832032379282}","{""2"": 0.08032128514056225, ""3"": 0.020080321285140562, ""4"": 0.012048192771084338, ""5"": 0.07228915662650603, ""6"": 0.009036144578313254, ""7"": 0.004016064257028112, ""8"": 0.012048192771084338, ""9"": 0.019076305220883532, ""Hard work doesn't generally bring success - it's more a matter of luck and connections"": 0.05622489959839356, ""In the long run, hard work usually brings a better life"": 0.714859437751004}","{""2"": 0.05, ""3"": 0.095, ""4"": 0.145, ""5"": 0.153, ""6"": 0.17800000000000002, ""7"": 0.22399999999999998, ""8"": 0.11699999999999999, ""9"": 0.015, ""Hard work doesn't generally bring success - it's more a matter of luck and connections"": 0.009000000000000001, ""In the long run, hard work usually brings a better life"": 0.013999999999999999}"
qwen,Qwen2.5-7B-Instruct,Q1456,WVS,South Korea,Ethiopia,Q1456::South Korea=>Ethiopia,0.7869709577815613,0.7333788123298017,evidence-side,"{""2"": 5.320543490622682e-11, ""3"": 1.9023376730621742e-11, ""4"": 5.039584928516435e-13, ""5"": 4.554605897760805e-09, ""6"": 2.086756614652235e-07, ""7"": 4.317326524361936e-12, ""8"": 1.139822529319352e-13, ""9"": 1.7201372541518783e-11, ""Hard work doesn't generally bring success - it's more a matter of luck and connections"": 2.027864924118816e-11, ""In the long run, hard work usually brings a better life"": 0.9999997866550885}","{""2"": 0.05, ""3"": 0.095, ""4"": 0.145, ""5"": 0.153, ""6"": 0.17800000000000002, ""7"": 0.22399999999999998, ""8"": 0.11699999999999999, ""9"": 0.015, ""Hard work doesn't generally bring success - it's more a matter of luck and connections"": 0.009000000000000001, ""In the long run, hard work usually brings a better life"": 0.013999999999999999}","{""2"": 0.08032128514056225, ""3"": 0.020080321285140562, ""4"": 0.012048192771084338, ""5"": 0.07228915662650603, ""6"": 0.009036144578313254, ""7"": 0.004016064257028112, ""8"": 0.012048192771084338, ""9"": 0.019076305220883532, ""Hard work doesn't generally bring success - it's more a matter of luck and connections"": 0.05622489959839356, ""In the long run, hard work usually brings a better life"": 0.714859437751004}"
qwen,Qwen2.5-7B-Instruct,Q1483,WVS,Argentina,Maldives,Q1483::Argentina=>Maldives,0.7722356845065269,0.9042230514094504,evidence-side,"{""Make sense of life after death"": 0.9999999890348593, ""Make sense of life in this world"": 1.0965140653476882e-08}","{""Make sense of life after death"": 0.0782520325203252, ""Make sense of life in this world"": 0.9217479674796748}","{""Make sense of life after death"": 0.9502212389380531, ""Make sense of life in this world"": 0.04977876106194689}"
qwen,Qwen2.5-7B-Instruct,Q1483,WVS,Greece,Maldives,Q1483::Greece=>Maldives,0.7529565130960776,0.9036416414791318,evidence-side,"{""Make sense of life after death"": 0.9999999992745823, ""Make sense of life in this world"": 7.25417781142556e-10}","{""Make sense of life after death"": 0.08867521367521368, ""Make sense of life in this world"": 0.9113247863247863}","{""Make sense of life after death"": 0.9502212389380531, ""Make sense of life in this world"": 0.04977876106194689}"
qwen,Qwen2.5-7B-Instruct,Q1483,WVS,Maldives,Argentina,Q1483::Maldives=>Argentina,0.8152080413551004,0.8923574371507638,evidence-side,"{""Make sense of life after death"": 5.751720345913595e-10, ""Make sense of life in this world"": 0.999999999424828}","{""Make sense of life after death"": 0.9502212389380531, ""Make sense of life in this world"": 0.04977876106194689}","{""Make sense of life after death"": 0.0782520325203252, ""Make sense of life in this world"": 0.9217479674796748}"
qwen,Qwen2.5-7B-Instruct,Q1483,WVS,Maldives,Greece,Q1483::Maldives=>Greece,0.8096616397775452,0.8884648242308375,evidence-side,"{""Make sense of life after death"": 1.0956500963079404e-09, ""Make sense of life in this world"": 0.99999999890435}","{""Make sense of life after death"": 0.9502212389380531, ""Make sense of life in this world"": 0.04977876106194689}","{""Make sense of life after death"": 0.08867521367521368, ""Make sense of life in this world"": 0.9113247863247863}"
qwen,Qwen2.5-7B-Instruct,Q1483,WVS,Maldives,Vietnam,Q1483::Maldives=>Vietnam,0.8073471638209517,0.8869623079392778,evidence-side,"{""Make sense of life after death"": 9.271812975978052e-10, ""Make sense of life in this world"": 0.9999999990728188}","{""Make sense of life after death"": 0.9502212389380531, ""Make sense of life in this world"": 0.04977876106194689}","{""Make sense of life after death"": 0.09300000000000001, ""Make sense of life in this world"": 0.907}"
qwen,Qwen2.5-7B-Instruct,Q1483,WVS,Vietnam,Maldives,Q1483::Vietnam=>Maldives,0.7452018703093076,0.9034017867508188,evidence-side,"{""Make sense of life after death"": 0.9999999984262672, ""Make sense of life in this world"": 1.5737328211174013e-09}","{""Make sense of life after death"": 0.09300000000000001, ""Make sense of life in this world"": 0.907}","{""Make sense of life after death"": 0.9502212389380531, ""Make sense of life in this world"": 0.04977876106194689}"
qwen,Qwen2.5-7B-Instruct,Q1508,WVS,Germany,Myanmar,Q1508::Germany=>Myanmar,0.9203932872315322,0.8891298910895213,evidence-side,"{""Mentioned"": 0.9999069609506315, ""Not mentioned"": 9.303904936857677e-05}","{""Mentioned"": 0.0070210631895687055, ""Not mentioned"": 0.9929789368104313}","{""Mentioned"": 0.905, ""Not mentioned"": 0.095}"
qwen,Qwen2.5-7B-Instruct,Q1508,WVS,Myanmar,Germany,Q1508::Myanmar=>Germany,0.7634673516997084,0.9508107354243553,evidence-side,"{""Mentioned"": 5.571146020284836e-06, ""Not mentioned"": 0.9999944288539797}","{""Mentioned"": 0.905, ""Not mentioned"": 0.095}","{""Mentioned"": 0.0070210631895687055, ""Not mentioned"": 0.9929789368104313}"
qwen,Qwen2.5-7B-Instruct,Q1508,WVS,Myanmar,Netherlands,Q1508::Myanmar=>Netherlands,0.7654415457384496,0.9642189348437975,evidence-side,"{""Mentioned"": 2.8619689270215316e-07, ""Not mentioned"": 0.9999997138031074}","{""Mentioned"": 0.905, ""Not mentioned"": 0.095}","{""Mentioned"": 0.0031282586027111575, ""Not mentioned"": 0.9968717413972888}"
qwen,Qwen2.5-7B-Instruct,Q1508,WVS,Myanmar,Northern Ireland,Q1508::Myanmar=>Northern Ireland,0.7639810633087808,0.9535825913513996,evidence-side,"{""Mentioned"": 2.9876520920502478e-06, ""Not mentioned"": 0.9999970123479079}","{""Mentioned"": 0.905, ""Not mentioned"": 0.095}","{""Mentioned"": 0.006018054162487463, ""Not mentioned"": 0.9939819458375125}"
qwen,Qwen2.5-7B-Instruct,Q1508,WVS,Netherlands,Myanmar,Q1508::Netherlands=>Myanmar,0.9355162765222758,0.8884175419187356,evidence-side,"{""Mentioned"": 0.9999999983598802, ""Not mentioned"": 1.6401197931835913e-09}","{""Mentioned"": 0.0031282586027111575, ""Not mentioned"": 0.9968717413972888}","{""Mentioned"": 0.905, ""Not mentioned"": 0.095}"
qwen,Qwen2.5-7B-Instruct,Q1508,WVS,Northern Ireland,Myanmar,Q1508::Northern Ireland=>Myanmar,0.9242291231669593,0.8883661044170391,evidence-side,"{""Mentioned"": 0.9999947684667865, ""Not mentioned"": 5.231533213541466e-06}","{""Mentioned"": 0.006018054162487463, ""Not mentioned"": 0.9939819458375125}","{""Mentioned"": 0.905, ""Not mentioned"": 0.095}"
qwen,Qwen2.5-7B-Instruct,Q1510,WVS,Brazil,Singapore,Q1510::Brazil=>Singapore,0.20791479901683407,0.1318852508171021,evidence-side,"{""1 There is no corruption in the respondent's country"": 0.9999549527036854, ""10 There is abundant corruption in the respondent's country"": 4.223726471408777e-05, ""2"": 4.926025543808815e-08, ""3"": 1.591971256403559e-06, ""4"": 1.1549883241886626e-06, ""5"": 5.462353575707078e-09, ""6"": 3.441276934037956e-11, ""7"": 7.817270186928726e-09, ""8"": 4.16066867464226e-10, ""9"": 8.166117692027802e-11}","{""1 There is no corruption in the respondent's country"": 0.009081735620585268, ""10 There is abundant corruption in the respondent's country"": 0.851664984863774, ""2"": 0.0010090817356205853, ""3"": 0.006054490413723511, ""4"": 0.011099899091826439, ""5"": 0.033299697275479316, ""6"": 0.010090817356205853, ""7"": 0.020181634712411706, ""8"": 0.027245206861755807, ""9"": 0.030272452068617554}","{""1 There is no corruption in the respondent's country"": 0.10214504596527069, ""10 There is abundant corruption in the respondent's country"": 0.01327885597548519, ""2"": 0.26762002042900923, ""3"": 0.2533197139938714, ""4"": 0.09908069458631255, ""5"": 0.11950970377936669, ""6"": 0.05924412665985699, ""7"": 0.05107252298263534, ""8"": 0.027579162410623085, ""9"": 0.007150153217568947}"
qwen,Qwen2.5-7B-Instruct,Q1510,WVS,Colombia,Singapore,Q1510::Colombia=>Singapore,0.21283524545516685,0.13645338006962937,evidence-side,"{""1 There is no corruption in the respondent's country"": 0.0018034667857931364, ""10 There is abundant corruption in the respondent's country"": 0.0006377374935049868, ""2"": 3.0696085566441717e-07, ""3"": 1.5218040453294447e-09, ""4"": 2.9523372833412952e-09, ""5"": 0.9975560511798516, ""6"": 1.0790923908114019e-08, ""7"": 1.2599852502600526e-08, ""8"": 1.613919559011917e-09, ""9"": 2.4081011573463773e-06}","{""1 There is no corruption in the respondent's country"": 0.01, ""10 There is abundant corruption in the respondent's country"": 0.8200000000000001, ""2"": 0.005, ""3"": 0.005, ""4"": 0.003, ""5"": 0.017, ""6"": 0.013000000000000001, ""7"": 0.015, ""8"": 0.048, ""9"": 0.064}","{""1 There is no corruption in the respondent's country"": 0.10214504596527069, ""10 There is abundant corruption in the respondent's country"": 0.01327885597548519, ""2"": 0.26762002042900923, ""3"": 0.2533197139938714, ""4"": 0.09908069458631255, ""5"": 0.11950970377936669, ""6"": 0.05924412665985699, ""7"": 0.05107252298263534, ""8"": 0.027579162410623085, ""9"": 0.007150153217568947}"
qwen,Qwen2.5-7B-Instruct,Q1510,WVS,Peru,Singapore,Q1510::Peru=>Singapore,0.46763147764968505,0.31228652515857486,evidence-side,"{""1 There is no corruption in the respondent's country"": 0.00655810527056717, ""10 There is abundant corruption in the respondent's country"": 0.0001590400068147277, ""2"": 0.0022773229757537274, ""3"": 0.9865173998979654, ""4"": 1.5917572036465185e-07, ""5"": 0.0017925647933546612, ""6"": 6.312036542000096e-05, ""7"": 0.0015579093803643753, ""8"": 3.316907510879424e-06, ""9"": 0.0010710612265287926}","{""1 There is no corruption in the respondent's country"": 0.0070351758793969835, ""10 There is abundant corruption in the respondent's country"": 0.7557788944723618, ""2"": 0.0010050251256281406, ""3"": 0.0010050251256281406, ""4"": 0.0010050251256281406, ""5"": 0.011055276381909548, ""6"": 0.008040201005025125, ""7"": 0.022110552763819097, ""8"": 0.07437185929648242, ""9"": 0.1185929648241206}","{""1 There is no corruption in the respondent's country"": 0.10214504596527069, ""10 There is abundant corruption in the respondent's country"": 0.01327885597548519, ""2"": 0.26762002042900923, ""3"": 0.2533197139938714, ""4"": 0.09908069458631255, ""5"": 0.11950970377936669, ""6"": 0.05924412665985699, ""7"": 0.05107252298263534, ""8"": 0.027579162410623085, ""9"": 0.007150153217568947}"
qwen,Qwen2.5-7B-Instruct,Q1510,WVS,Singapore,Brazil,Q1510::Singapore=>Brazil,0.8705049929947004,0.8142338681329653,evidence-side,"{""1 There is no corruption in the respondent's country"": 1.4067117896543001e-08, ""10 There is abundant corruption in the respondent's country"": 0.9999999846338309, ""2"": 1.5399558961058256e-10, ""3"": 1.8876563478005966e-11, ""4"": 3.1855266806896816e-10, ""5"": 2.2911065604796784e-11, ""6"": 3.3409096357538217e-12, ""7"": 5.787987153911006e-12, ""8"": 5.0145175839859304e-11, ""9"": 7.254412925213201e-10}","{""1 There is no corruption in the respondent's country"": 0.10214504596527069, ""10 There is abundant corruption in the respondent's country"": 0.01327885597548519, ""2"": 0.26762002042900923, ""3"": 0.2533197139938714, ""4"": 0.09908069458631255, ""5"": 0.11950970377936669, ""6"": 0.05924412665985699, ""7"": 0.05107252298263534, ""8"": 0.027579162410623085, ""9"": 0.007150153217568947}","{""1 There is no corruption in the respondent's country"": 0.009081735620585268, ""10 There is abundant corruption in the respondent's country"": 0.851664984863774, ""2"": 0.0010090817356205853, ""3"": 0.006054490413723511, ""4"": 0.011099899091826439, ""5"": 0.033299697275479316, ""6"": 0.010090817356205853, ""7"": 0.020181634712411706, ""8"": 0.027245206861755807, ""9"": 0.030272452068617554}"
qwen,Qwen2.5-7B-Instruct,Q1510,WVS,Singapore,Colombia,Q1510::Singapore=>Colombia,0.8525316629816376,0.7707301484304842,evidence-side,"{""1 There is no corruption in the respondent's country"": 2.183042353535673e-08, ""10 There is abundant corruption in the respondent's country"": 0.9999999776310381, ""2"": 4.0275415571883574e-11, ""3"": 6.146244646535437e-12, ""4"": 1.076116952037308e-10, ""5"": 4.0714700902492764e-13, ""6"": 8.482435943536752e-13, ""7"": 2.35768656299144e-12, ""8"": 2.5581721778590116e-11, ""9"": 3.5531018048159015e-10}","{""1 There is no corruption in the respondent's country"": 0.10214504596527069, ""10 There is abundant corruption in the respondent's country"": 0.01327885597548519, ""2"": 0.26762002042900923, ""3"": 0.2533197139938714, ""4"": 0.09908069458631255, ""5"": 0.11950970377936669, ""6"": 0.05924412665985699, ""7"": 0.05107252298263534, ""8"": 0.027579162410623085, ""9"": 0.007150153217568947}","{""1 There is no corruption in the respondent's country"": 0.01, ""10 There is abundant corruption in the respondent's country"": 0.8200000000000001, ""2"": 0.005, ""3"": 0.005, ""4"": 0.003, ""5"": 0.017, ""6"": 0.013000000000000001, ""7"": 0.015, ""8"": 0.048, ""9"": 0.064}"
qwen,Qwen2.5-7B-Instruct,Q1510,WVS,Singapore,Peru,Q1510::Singapore=>Peru,0.814560508305153,0.6883037386560247,evidence-side,"{""1 There is no corruption in the respondent's country"": 3.818888184649453e-09, ""10 There is abundant corruption in the respondent's country"": 0.9999999954654814, ""2"": 5.6832551204303425e-11, ""3"": 4.6367750022943065e-12, ""4"": 8.934946286881217e-11, ""5"": 1.5804956306023306e-12, ""6"": 1.523712542824867e-12, ""7"": 2.5475803751068385e-12, ""8"": 3.457208494917106e-11, ""9"": 5.245878508433828e-10}","{""1 There is no corruption in the respondent's country"": 0.10214504596527069, ""10 There is abundant corruption in the respondent's country"": 0.01327885597548519, ""2"": 0.26762002042900923, ""3"": 0.2533197139938714, ""4"": 0.09908069458631255, ""5"": 0.11950970377936669, ""6"": 0.05924412665985699, ""7"": 0.05107252298263534, ""8"": 0.027579162410623085, ""9"": 0.007150153217568947}","{""1 There is no corruption in the respondent's country"": 0.0070351758793969835, ""10 There is abundant corruption in the respondent's country"": 0.7557788944723618, ""2"": 0.0010050251256281406, ""3"": 0.0010050251256281406, ""4"": 0.0010050251256281406, ""5"": 0.011055276381909548, ""6"": 0.008040201005025125, ""7"": 0.022110552763819097, ""8"": 0.07437185929648242, ""9"": 0.1185929648241206}"
