model_key,model_name,question_id,domain,label_country,country_influence,evidence_influence,evidence_advantage,baseline_prediction,country_label_prediction,population_evidence_prediction
gemma,Gemma-2-9B-It,Q0059,GAS,El Salvador,-0.06101164567511769,-0.038320656449386314,0.022690989225731373,"{""Somewhat favorable"": 0.022773459200768228, ""Somewhat unfavorable"": 0.95245590915385, ""Very favorable"": 0.022708916687975894, ""Very unfavorable"": 0.0020617149574058925}","{""Somewhat favorable"": 0.0009683542377381766, ""Somewhat unfavorable"": 0.9935087245085309, ""Very favorable"": 0.0016899256598434627, ""Very unfavorable"": 0.0038329955938874467}","{""Somewhat favorable"": 0.011553616287572661, ""Somewhat unfavorable"": 0.9861610709497591, ""Very favorable"": 0.0006750791253838722, ""Very unfavorable"": 0.0016102336372843216}"
gemma,Gemma-2-9B-It,Q0059,GAS,India (Current national sample),-0.0071057254936850445,0.7293115979502922,0.7364173234439773,"{""Somewhat favorable"": 0.990118961355608, ""Somewhat unfavorable"": 0.00732488571335007, ""Very favorable"": 0.0014548829799087707, ""Very unfavorable"": 0.001101269951133252}","{""Somewhat favorable"": 0.9964800449799815, ""Somewhat unfavorable"": 0.0017696750870542983, ""Very favorable"": 0.0012985355048131387, ""Very unfavorable"": 0.00045174442815107456}","{""Somewhat favorable"": 9.192133456957924e-05, ""Somewhat unfavorable"": 3.344014227816535e-05, ""Very favorable"": 0.9997036440684373, ""Very unfavorable"": 0.0001709944547150581}"
gemma,Gemma-2-9B-It,Q0059,GAS,Pakistan,0.03127387159612449,0.4661576224353513,0.4348837508392268,"{""Somewhat favorable"": 0.9960162413883208, ""Somewhat unfavorable"": 0.002003832259077301, ""Very favorable"": 0.0013652704253256484, ""Very unfavorable"": 0.0006146559272762968}","{""Somewhat favorable"": 0.00760544513252642, ""Somewhat unfavorable"": 0.9906447885687953, ""Very favorable"": 0.0003303103250754886, ""Very unfavorable"": 0.0014194559736027607}","{""Somewhat favorable"": 0.0005664931093373896, ""Somewhat unfavorable"": 0.0005067440979729967, ""Very favorable"": 0.00014580123165506534, ""Very unfavorable"": 0.9987809615610346}"
gemma,Gemma-2-9B-It,Q0059,GAS,S. Korea,-0.00950372986794576,-0.025141428919226272,-0.015637699051280513,"{""Somewhat favorable"": 0.990118961355608, ""Somewhat unfavorable"": 0.00732488571335007, ""Very favorable"": 0.0014548829799087707, ""Very unfavorable"": 0.001101269951133252}","{""Somewhat favorable"": 0.994292870198078, ""Somewhat unfavorable"": 0.004740260846287012, ""Very favorable"": 0.00042300523116190516, ""Very unfavorable"": 0.0005438637244731823}","{""Somewhat favorable"": 0.9994761991153268, ""Somewhat unfavorable"": 0.00036844296968781607, ""Very favorable"": 6.682309087557395e-05, ""Very unfavorable"": 8.853482410981449e-05}"
gemma,Gemma-2-9B-It,Q0160,GAS,El Salvador,-0.41799654903655725,-0.05503107976257457,0.36296546927398265,"{""Not too well"": 0.02200694288620936, ""Not well at all"": 0.002043944872275223, ""Somewhat well"": 0.9623285879779655, ""Very well"": 0.01362052426354996}","{""Not too well"": 0.9804767789731418, ""Not well at all"": 0.01010359532957976, ""Somewhat well"": 0.0063144973179316026, ""Very well"": 0.0031051283793468187}","{""Not too well"": 0.000181647753356295, ""Not well at all"": 6.111730095874881e-05, ""Somewhat well"": 0.9917168484648676, ""Very well"": 0.008040386480817348}"
gemma,Gemma-2-9B-It,Q0160,GAS,Ghana,0.02564576316624312,0.26699038311337786,0.24134461994713474,"{""Not too well"": 0.004261908959931407, ""Not well at all"": 0.00016289834057892406, ""Somewhat well"": 0.9954805144127604, ""Very well"": 9.467828672919867e-05}","{""Not too well"": 0.020803753417670615, ""Not well at all"": 0.0009184728883188377, ""Somewhat well"": 0.9780483861628186, ""Very well"": 0.00022938753119195157}","{""Not too well"": 0.0002863039155634078, ""Not well at all"": 5.1114715765349645e-05, ""Somewhat well"": 0.010075385268331759, ""Very well"": 0.9895871961003395}"
gemma,Gemma-2-9B-It,Q0160,GAS,Jordan,0.0029142853194097373,0.31794985069143844,0.3150355653720287,"{""Not too well"": 0.9505948911152119, ""Not well at all"": 0.0003485181917939734, ""Somewhat well"": 0.04882482085626246, ""Very well"": 0.00023176983673172164}","{""Not too well"": 0.9471742887940228, ""Not well at all"": 0.0007642072852752276, ""Somewhat well"": 0.05112924326203325, ""Very well"": 0.0009322606586687382}","{""Not too well"": 0.442791200195028, ""Not well at all"": 0.5566232450235011, ""Somewhat well"": 0.0004896973967980214, ""Very well"": 9.585738467280038e-05}"
gemma,Gemma-2-9B-It,Q0160,GAS,Uzbekistan,-0.500153722372961,0.0703836844260032,0.5705374067989641,"{""Not too well"": 0.02200694288620936, ""Not well at all"": 0.002043944872275223, ""Somewhat well"": 0.9623285879779655, ""Very well"": 0.01362052426354996}","{""Not too well"": 0.9869475894524039, ""Not well at all"": 0.005478964628803886, ""Somewhat well"": 0.005116169892395743, ""Very well"": 0.0024572760263964232}","{""Not too well"": 0.00011110902788195904, ""Not well at all"": 3.3299092638222655e-05, ""Somewhat well"": 0.9069606024740603, ""Very well"": 0.09289498940541951}"
gemma,Gemma-2-9B-It,Q0238,GAS,Israel,0.7184316173983925,0.6884527608075983,-0.029978856590794134,"{""Somewhat favorable"": 0.22044418722362058, ""Somewhat unfavorable"": 0.7766594733535197, ""Very favorable"": 0.0007730079386919458, ""Very unfavorable"": 0.002123331484167821}","{""Somewhat favorable"": 0.004701371724618486, ""Somewhat unfavorable"": 0.01669654243641645, ""Very favorable"": 0.00014616648191049516, ""Very unfavorable"": 0.9784559193570546}","{""Somewhat favorable"": 0.00020379125316239433, ""Somewhat unfavorable"": 6.091633282309158e-05, ""Very favorable"": 5.027253875645998e-05, ""Very unfavorable"": 0.999685019875258}"
gemma,Gemma-2-9B-It,Q0238,GAS,Morocco,0.01461681433097517,0.36757273680128266,0.3529559224703075,"{""Somewhat favorable"": 0.010396422270848674, ""Somewhat unfavorable"": 0.9764570436206229, ""Very favorable"": 0.0008287497428194526, ""Very unfavorable"": 0.012317784365708996}","{""Somewhat favorable"": 0.0008104342391620097, ""Somewhat unfavorable"": 0.7744403125486893, ""Very favorable"": 7.601408611373697e-05, ""Very unfavorable"": 0.22467323912603504}","{""Somewhat favorable"": 0.9971724547773592, ""Somewhat unfavorable"": 0.001741880555977297, ""Very favorable"": 0.000295890590868907, ""Very unfavorable"": 0.0007897740757947343}"
gemma,Gemma-2-9B-It,Q0238,GAS,Turkey,0.5735398609428087,0.522860024353162,-0.0506798365896467,"{""Somewhat favorable"": 0.7895720370214274, ""Somewhat unfavorable"": 0.16912233253745365, ""Very favorable"": 0.012153569274139985, ""Very unfavorable"": 0.029152061166979056}","{""Somewhat favorable"": 0.002377913190583926, ""Somewhat unfavorable"": 0.30703274933588137, ""Very favorable"": 0.0014777533297302289, ""Very unfavorable"": 0.6891115841438046}","{""Somewhat favorable"": 3.5567909697667225e-05, ""Somewhat unfavorable"": 0.00034903474189608256, ""Very favorable"": 0.00013646892703364307, ""Very unfavorable"": 0.9994789284213726}"
gemma,Gemma-2-9B-It,Q0254,GAS,Indonesia,0.019624793018938158,0.23235327021911134,0.21272847720017318,"{""Completely agree"": 0.0020853229676670317, ""Completely disagree"": 0.10227272428363478, ""Mostly agree"": 0.0026632594844009953, ""Mostly disagree"": 0.8929786932642972}","{""Completely agree"": 0.007840857019412745, ""Completely disagree"": 0.022321574178093204, ""Mostly agree"": 0.011661759572770864, ""Mostly disagree"": 0.9581758092297232}","{""Completely agree"": 0.9966917127192827, ""Completely disagree"": 0.0007174181416640262, ""Mostly agree"": 0.0017253317774045093, ""Mostly disagree"": 0.0008655373616487745}"
gemma,Gemma-2-9B-It,Q0254,GAS,Sweden,0.006968782538840146,0.5334398488826195,0.5264710663437794,"{""Completely agree"": 0.0006271362760541522, ""Completely disagree"": 0.056420069394267684, ""Mostly agree"": 0.0064012935758689365, ""Mostly disagree"": 0.9365515007538092}","{""Completely agree"": 3.0591202102488905e-05, ""Completely disagree"": 0.06736165470976879, ""Mostly agree"": 0.000401977472454337, ""Mostly disagree"": 0.9322057766156744}","{""Completely agree"": 3.8231195073729136e-05, ""Completely disagree"": 0.9969538816183274, ""Mostly agree"": 1.8149367457916354e-05, ""Mostly disagree"": 0.002989737819140868}"
gemma,Gemma-2-9B-It,Q0268,GAS,India (Current national sample),0.5905694305372519,0.5775018031514618,-0.013067627385790037,"{""Major threat"": 0.0032294285633646088, ""Minor threat"": 0.010363799574280103, ""Not a threat"": 0.9864067718623554}","{""Major threat"": 0.9946438697692034, ""Minor threat"": 0.00215943976243676, ""Not a threat"": 0.0031966904683598564}","{""Major threat"": 0.9992153320798048, ""Minor threat"": 0.00031923149540312554, ""Not a threat"": 0.0004654364247920511}"
gemma,Gemma-2-9B-It,Q0268,GAS,Japan,-0.09260238588516678,0.3907176151536478,0.48332000103881456,"{""Major threat"": 0.01019091976273245, ""Minor threat"": 0.7308901813487587, ""Not a threat"": 0.25891889888850894}","{""Major threat"": 0.008719740867802153, ""Minor threat"": 0.9908702526466954, ""Not a threat"": 0.00041000648550251496}","{""Major threat"": 0.9978073723221345, ""Minor threat"": 0.002057287911017425, ""Not a threat"": 0.000135339766848161}"
gemma,Gemma-2-9B-It,Q0268,GAS,Pakistan,-0.850040930496376,-0.032338905378452805,0.8177020251179231,"{""Major threat"": 0.08910076417508275, ""Minor threat"": 0.018501597003757118, ""Not a threat"": 0.8923976388211602}","{""Major threat"": 0.9946750667442041, ""Minor threat"": 0.004309077161132674, ""Not a threat"": 0.001015856094663139}","{""Major threat"": 0.0001812219069557152, ""Minor threat"": 0.00014946096439468352, ""Not a threat"": 0.9996693171286496}"
gemma,Gemma-2-9B-It,Q0268,GAS,S. Korea,0.5145363261745408,0.45338961222410573,-0.06114671395043508,"{""Major threat"": 0.0022840694968339664, ""Minor threat"": 0.9058611528776885, ""Not a threat"": 0.09185477762547753}","{""Major threat"": 0.6196784228392805, ""Minor threat"": 0.3783620703838765, ""Not a threat"": 0.001959506776843073}","{""Major threat"": 0.9982624842168757, ""Minor threat"": 0.0014119201382232856, ""Not a threat"": 0.0003255956449010319}"
gemma,Gemma-2-9B-It,Q0394,GAS,Australia,-0.13617067646047476,0.18214319728505665,0.31831387374553144,"{""Better off"": 0.45809347943788864, ""Worse off"": 0.5419065205621113}","{""Better off"": 0.2945109200035729, ""Worse off"": 0.7054890799964271}","{""Better off"": 0.9992401339232351, ""Worse off"": 0.0007598660767649053}"
gemma,Gemma-2-9B-It,Q0394,GAS,Canada,-0.09675560307419862,0.27887624686173135,0.37563184993592996,"{""Better off"": 0.2638808798488113, ""Worse off"": 0.7361191201511887}","{""Better off"": 0.17533362177600575, ""Worse off"": 0.8246663782239944}","{""Better off"": 0.9997852671097184, ""Worse off"": 0.00021473289028167003}"
gemma,Gemma-2-9B-It,Q0394,GAS,Palest. ter.,0.16903143038851973,0.16228285924696662,-0.006748571141553111,"{""Better off"": 0.45809347943788864, ""Worse off"": 0.5419065205621113}","{""Better off"": 0.003901384395330313, ""Worse off"": 0.9960986156046697}","{""Better off"": 0.00030550238799713375, ""Worse off"": 0.9996944976120029}"
gemma,Gemma-2-9B-It,Q0394,GAS,United States,-0.04196934747479397,0.12942457030768223,0.1713939177824762,"{""Better off"": 0.45809347943788864, ""Worse off"": 0.5419065205621113}","{""Better off"": 0.39862497898488486, ""Worse off"": 0.6013750210151151}","{""Better off"": 0.9992804797114818, ""Worse off"": 0.0007195202885181531}"
gemma,Gemma-2-9B-It,Q0410,GAS,Italy,-0.04878938141768696,0.16165662750020696,0.21044600891789392,"{""More of a partner"": 0.09147552937103495, ""More of an enemy"": 0.005819927866383673, ""Neither"": 0.9027045427625814}","{""More of a partner"": 0.02037440769658063, ""More of an enemy"": 0.0040615041164996195, ""Neither"": 0.9755640881869198}","{""More of a partner"": 0.018707561073196214, ""More of an enemy"": 0.7063018794003681, ""Neither"": 0.2749905595264357}"
gemma,Gemma-2-9B-It,Q0410,GAS,Japan,-0.006391123097292117,0.010292985612215921,0.01668410870950804,"{""More of a partner"": 0.00044817978401324554, ""More of an enemy"": 0.00693487808974949, ""Neither"": 0.9926169421262373}","{""More of a partner"": 0.0002640055746583152, ""More of an enemy"": 0.967570631524878, ""Neither"": 0.0321653629004637}","{""More of a partner"": 0.00029751610796315947, ""More of an enemy"": 0.011319242722609401, ""Neither"": 0.9883832411694274}"
gemma,Gemma-2-9B-It,Q0410,GAS,Pakistan,0.08198980191362581,0.8616658093043821,0.7796760073907563,"{""More of a partner"": 0.005157669457414349, ""More of an enemy"": 0.031206700525188834, ""Neither"": 0.9636356300173968}","{""More of a partner"": 0.028546294302380454, ""More of an enemy"": 0.27778069215553386, ""Neither"": 0.6936730135420858}","{""More of a partner"": 0.9996861433782386, ""More of an enemy"": 0.00017579018573585229, ""Neither"": 0.00013806643602557597}"
gemma,Gemma-2-9B-It,Q0448,GAS,Germany,-0.02753983917765848,-0.029649855389304654,-0.002110016211646172,"{""Bad"": 0.9588918687755525, ""Good"": 0.04110813122444746}","{""Bad"": 0.9990959013244172, ""Good"": 0.0009040986755828499}","{""Bad"": 0.9997984922988216, ""Good"": 0.00020150770117838724}"
gemma,Gemma-2-9B-It,Q0448,GAS,Japan,-0.035879735984948494,-0.03685313456335235,-0.0009733985784038529,"{""Bad"": 0.9421288310855803, ""Good"": 0.05787116891441974}","{""Bad"": 0.9996063290953716, ""Good"": 0.0003936709046284681}","{""Bad"": 0.9998733843614875, ""Good"": 0.00012661563851245713}"
gemma,Gemma-2-9B-It,Q0448,GAS,Pakistan,-0.12279220572023863,0.636805039487501,0.7595972452077396,"{""Bad"": 0.9421288310855803, ""Good"": 0.05787116891441974}","{""Bad"": 0.9917574184315225, ""Good"": 0.008242581568477434}","{""Bad"": 0.00019894777268038034, ""Good"": 0.9998010522273196}"
gemma,Gemma-2-9B-It,Q0448,GAS,United States,-0.038166847804048346,-0.04162538763242469,-0.0034585398283763433,"{""Bad"": 0.9421288310855803, ""Good"": 0.05787116891441974}","{""Bad"": 0.9987701455393928, ""Good"": 0.0012298544606072306}","{""Bad"": 0.9998735294015838, ""Good"": 0.00012647059841624356}"
gemma,Gemma-2-9B-It,Q0514,GAS,Australia,-0.05490604558028647,-0.049061067884700965,0.005844977695585507,"{""Somewhat favorable"": 0.9603454493501087, ""Somewhat unfavorable"": 0.01628225656733552, ""Very favorable"": 0.022414231528235875, ""Very unfavorable"": 0.0009580625543199347}","{""Somewhat favorable"": 0.9923369384432242, ""Somewhat unfavorable"": 0.004479194353592067, ""Very favorable"": 0.003039631958712214, ""Very unfavorable"": 0.0001442352444715272}","{""Somewhat favorable"": 0.9905625279596909, ""Somewhat unfavorable"": 0.00012504709590478364, ""Very favorable"": 0.009215068069437548, ""Very unfavorable"": 9.735687496672124e-05}"
gemma,Gemma-2-9B-It,Q0514,GAS,China,0.27484769499285927,0.3071408107801564,0.032293115787297155,"{""Somewhat favorable"": 0.9839709003702409, ""Somewhat unfavorable"": 0.015331600679344023, ""Very favorable"": 0.0004471025032571242, ""Very unfavorable"": 0.0002503964471579341}","{""Somewhat favorable"": 0.0074050222548930735, ""Somewhat unfavorable"": 0.9912257234833587, ""Very favorable"": 0.00030849286197372905, ""Very unfavorable"": 0.0010607613997745402}","{""Somewhat favorable"": 0.0013137544302049724, ""Somewhat unfavorable"": 0.9829029994491296, ""Very favorable"": 0.00036343989384891525, ""Very unfavorable"": 0.01541980622681657}"
gemma,Gemma-2-9B-It,Q0514,GAS,Thailand,-0.027107281223438334,-0.033422990888273746,-0.006315709664835412,"{""Somewhat favorable"": 0.9760830691671161, ""Somewhat unfavorable"": 0.018678352160141964, ""Very favorable"": 0.0017574076975691575, ""Very unfavorable"": 0.0034811709751728496}","{""Somewhat favorable"": 0.9966692797530481, ""Somewhat unfavorable"": 0.0021225473266473557, ""Very favorable"": 0.0006251917074429031, ""Very unfavorable"": 0.0005829812128616778}","{""Somewhat favorable"": 0.9990167173508089, ""Somewhat unfavorable"": 0.00031840495547526764, ""Very favorable"": 0.0004392546998689113, ""Very unfavorable"": 0.00022562299384696762}"
gemma,Gemma-2-9B-It,Q0514,GAS,Vietnam,0.007144893283470899,0.07793336642343279,0.0707884731399619,"{""Somewhat favorable"": 0.9963401969498552, ""Somewhat unfavorable"": 0.0006286826341622221, ""Very favorable"": 0.0010618641093044353, ""Very unfavorable"": 0.0019692563066780965}","{""Somewhat favorable"": 0.9894748212206634, ""Somewhat unfavorable"": 0.0027565722746610132, ""Very favorable"": 0.000680762984149441, ""Very unfavorable"": 0.007087843520526156}","{""Somewhat favorable"": 0.9633169292261228, ""Somewhat unfavorable"": 0.0006010822422076181, ""Very favorable"": 0.03558575243594396, ""Very unfavorable"": 0.0004962360957256088}"
gemma,Gemma-2-9B-It,Q0558,GAS,Greece,-0.01877101150003219,-0.021732351666224982,-0.002961340166192792,"{""No, does not respect personal freedoms"": 0.9780773218024437, ""Yes, respects personal freedoms"": 0.021922678197556368}","{""No, does not respect personal freedoms"": 0.9986014330009562, ""Yes, respects personal freedoms"": 0.001398566999043862}","{""No, does not respect personal freedoms"": 0.9997271836969245, ""Yes, respects personal freedoms"": 0.0002728163030754878}"
gemma,Gemma-2-9B-It,Q0558,GAS,Italy,-0.020939847499010768,-0.024993183741769877,-0.004053336242759109,"{""No, does not respect personal freedoms"": 0.9780773218024437, ""Yes, respects personal freedoms"": 0.021922678197556368}","{""No, does not respect personal freedoms"": 0.9981045816014149, ""Yes, respects personal freedoms"": 0.0018954183985851359}","{""No, does not respect personal freedoms"": 0.9996562005295324, ""Yes, respects personal freedoms"": 0.0003437994704676115}"
gemma,Gemma-2-9B-It,Q0558,GAS,Pakistan,-0.05821353447105926,0.6417896886787394,0.7000032231497987,"{""No, does not respect personal freedoms"": 0.9780773218024437, ""Yes, respects personal freedoms"": 0.021922678197556368}","{""No, does not respect personal freedoms"": 0.9968047190613647, ""Yes, respects personal freedoms"": 0.003195280938635356}","{""No, does not respect personal freedoms"": 0.0006141616371129538, ""Yes, respects personal freedoms"": 0.9993858383628871}"
gemma,Gemma-2-9B-It,Q0558,GAS,Spain,-0.020436193301091442,-0.023682965620325735,-0.0032467723192342937,"{""No, does not respect personal freedoms"": 0.9780773218024437, ""Yes, respects personal freedoms"": 0.021922678197556368}","{""No, does not respect personal freedoms"": 0.9984837762408912, ""Yes, respects personal freedoms"": 0.0015162237591087892}","{""No, does not respect personal freedoms"": 0.9996962758080825, ""Yes, respects personal freedoms"": 0.0003037241919174495}"
gemma,Gemma-2-9B-It,Q0574,GAS,Israel,-0.004378088885760615,-0.004848986768954096,-0.0004708978831934815,"{""Favor"": 0.003356300778286419, ""Oppose"": 0.9966436992217136}","{""Favor"": 0.00028583524240407155, ""Oppose"": 0.999714164757596}","{""Favor"": 0.00012114223780557033, ""Oppose"": 0.9998788577621944}"
gemma,Gemma-2-9B-It,Q0574,GAS,Pakistan,-0.009330731995909058,0.5328387040601722,0.5421694360560813,"{""Favor"": 0.0024155246222810124, ""Oppose"": 0.997584475377719}","{""Favor"": 0.0003699140944689193, ""Oppose"": 0.999630085905531}","{""Favor"": 0.9986855258426914, ""Oppose"": 0.001314474157308619}"
gemma,Gemma-2-9B-It,Q0595,GAS,El Salvador,-0.33699756093073696,0.49868289236249447,0.8356804532932314,"{""More of a partner"": 0.08993366171883047, ""More of an enemy"": 0.004097405187359984, ""Neither"": 0.9059689330938097}","{""More of a partner"": 0.007074205027675953, ""More of an enemy"": 0.9912961826815908, ""Neither"": 0.0016296122907332902}","{""More of a partner"": 0.9998403905286563, ""More of an enemy"": 9.179592373168337e-05, ""Neither"": 6.781354761205882e-05}"
gemma,Gemma-2-9B-It,Q0595,GAS,Israel,0.5732921159299207,0.5491456697192131,-0.024146446210707606,"{""More of a partner"": 0.08993366171883047, ""More of an enemy"": 0.004097405187359984, ""Neither"": 0.9059689330938097}","{""More of a partner"": 0.9740217946684959, ""More of an enemy"": 0.013693648445221016, ""Neither"": 0.012284556886283039}","{""More of a partner"": 0.9998980821528317, ""More of an enemy"": 5.93283844144868e-05, ""Neither"": 4.258946275379747e-05}"
gemma,Gemma-2-9B-It,Q0595,GAS,Palest. ter.,0.4963957683271788,0.49599219713947407,-0.0004035711877047321,"{""More of a partner"": 0.004011945321003414, ""More of an enemy"": 0.015811026744712638, ""Neither"": 0.980177027934284}","{""More of a partner"": 0.00014141089918725898, ""More of an enemy"": 0.9997762414569412, ""Neither"": 8.234764387162505e-05}","{""More of a partner"": 7.398596584869569e-05, ""More of an enemy"": 0.9998709555150247, ""Neither"": 5.5058519126686686e-05}"
gemma,Gemma-2-9B-It,Q0595,GAS,Senegal,0.0009325030641151866,0.7706087340756953,0.7696762310115801,"{""More of a partner"": 0.0007174038861752709, ""More of an enemy"": 0.007367958854175249, ""Neither"": 0.9919146372596495}","{""More of a partner"": 0.0009307811496428693, ""More of an enemy"": 0.007143543385944082, ""Neither"": 0.991925675464413}","{""More of a partner"": 0.9996734372318211, ""More of an enemy"": 4.8304451722437325e-05, ""Neither"": 0.0002782583164565256}"
gemma,Gemma-2-9B-It,Q0630,GAS,Australia,0.00294052820944621,-0.018178107706305846,-0.021118635915752054,"{""No, does not respect personal freedoms"": 0.986655026902353, ""Yes, respects personal freedoms"": 0.01334497309764703}","{""No, does not respect personal freedoms"": 0.9823220483623989, ""Yes, respects personal freedoms"": 0.017677951637601143}","{""No, does not respect personal freedoms"": 0.9998255909221061, ""Yes, respects personal freedoms"": 0.00017440907789391397}"
gemma,Gemma-2-9B-It,Q0630,GAS,Pakistan,-0.4173875910976116,0.2619166607340437,0.6793042518316552,"{""No, does not respect personal freedoms"": 0.7326359223898806, ""Yes, respects personal freedoms"": 0.2673640776101193}","{""No, does not respect personal freedoms"": 0.997837235606409, ""Yes, respects personal freedoms"": 0.002162764393591088}","{""No, does not respect personal freedoms"": 0.0015601477517686003, ""Yes, respects personal freedoms"": 0.9984398522482314}"
gemma,Gemma-2-9B-It,Q0630,GAS,Poland,0.03315489507733878,0.029006449324518666,-0.004148445752820112,"{""No, does not respect personal freedoms"": 0.7326359223898806, ""Yes, respects personal freedoms"": 0.2673640776101193}","{""No, does not respect personal freedoms"": 0.9979217141630742, ""Yes, respects personal freedoms"": 0.0020782858369258893}","{""No, does not respect personal freedoms"": 0.999626890962953, ""Yes, respects personal freedoms"": 0.0003731090370470639}"
gemma,Gemma-2-9B-It,Q0630,GAS,Sweden,0.08772385467816207,0.07511619933665478,-0.01260765534150729,"{""No, does not respect personal freedoms"": 0.7326359223898806, ""Yes, respects personal freedoms"": 0.2673640776101193}","{""No, does not respect personal freedoms"": 0.9850381353702973, ""Yes, respects personal freedoms"": 0.01496186462970274}","{""No, does not respect personal freedoms"": 0.9997762515098894, ""Yes, respects personal freedoms"": 0.0002237484901107232}"
gemma,Gemma-2-9B-It,Q0703,GAS,Senegal,0.006784477486295737,0.4584921650521218,0.4517076875658261,"{""Somewhat favorable"": 0.9970364687758709, ""Somewhat unfavorable"": 0.000522408195435418, ""Very favorable"": 0.000838918489379988, ""Very unfavorable"": 0.0016022045393136511}","{""Somewhat favorable"": 0.9927773123575591, ""Somewhat unfavorable"": 0.002134461433199637, ""Very favorable"": 0.0009026921390460767, ""Very unfavorable"": 0.004185534070195243}","{""Somewhat favorable"": 0.3252905030034511, ""Somewhat unfavorable"": 0.0004756271537279991, ""Very favorable"": 0.6737573019143812, ""Very unfavorable"": 0.0004765679284397428}"
gemma,Gemma-2-9B-It,Q0703,GAS,Turkey,0.27558667239426243,0.5872816822833944,0.31169500988913196,"{""Somewhat favorable"": 0.995452791242473, ""Somewhat unfavorable"": 0.0011517038320570448, ""Very favorable"": 0.0032235955026103, ""Very unfavorable"": 0.00017190942285971665}","{""Somewhat favorable"": 0.03264703874675315, ""Somewhat unfavorable"": 0.9624500628564728, ""Very favorable"": 0.0029554550670469085, ""Very unfavorable"": 0.00194744332972717}","{""Somewhat favorable"": 0.00367554227165394, ""Somewhat unfavorable"": 0.7173278581249386, ""Very favorable"": 0.00259025808555964, ""Very unfavorable"": 0.2764063415178479}"
gemma,Gemma-2-9B-It,Q0703,GAS,Ukraine,-0.05593214472206531,0.6226194606075388,0.6785516053296041,"{""Somewhat favorable"": 0.009558006809866704, ""Somewhat unfavorable"": 0.9730854154550014, ""Very favorable"": 0.015734792048342053, ""Very unfavorable"": 0.0016217856867898682}","{""Somewhat favorable"": 0.002240101328820744, ""Somewhat unfavorable"": 0.9931440613801544, ""Very favorable"": 0.002935747648345752, ""Very unfavorable"": 0.0016800896426791073}","{""Somewhat favorable"": 0.9978896597239003, ""Somewhat unfavorable"": 0.0003637416806849681, ""Very favorable"": 0.0016693736733644372, ""Very unfavorable"": 7.722492205035065e-05}"
gemma,Gemma-2-9B-It,Q0710,GAS,Kenya,0.7250326264259349,0.7041900707853483,-0.02084255564058657,"{""About the same"": 0.9179256971110489, ""Losing ground"": 0.06458570755968322, ""Making progress"": 0.017488595329267866}","{""About the same"": 0.004071172143430111, ""Losing ground"": 0.009191623003730217, ""Making progress"": 0.9867372048528397}","{""About the same"": 0.00021730874770474622, ""Losing ground"": 0.00039923975709034426, ""Making progress"": 0.9993834514952049}"
gemma,Gemma-2-9B-It,Q0710,GAS,Mali,-0.024226086213410714,0.6126632774537778,0.6368893636671885,"{""About the same"": 0.9179256971110489, ""Losing ground"": 0.06458570755968322, ""Making progress"": 0.017488595329267866}","{""About the same"": 0.1845228284541694, ""Losing ground"": 0.8049747472187745, ""Making progress"": 0.010502424327056186}","{""About the same"": 0.000324005573862389, ""Losing ground"": 0.00044421499225985166, ""Making progress"": 0.9992317794338778}"
gemma,Gemma-2-9B-It,Q0710,GAS,Ukraine,0.28003391985309417,0.20950139817290875,-0.07053252168018542,"{""About the same"": 0.8015828727388936, ""Losing ground"": 0.008162451898113439, ""Making progress"": 0.19025467536299295}","{""About the same"": 0.019869331847609112, ""Losing ground"": 0.9440988707314899, ""Making progress"": 0.036031797420901054}","{""About the same"": 0.001262326604923833, ""Losing ground"": 0.9983593367613841, ""Making progress"": 0.00037833663369208834}"
gemma,Gemma-2-9B-It,Q0739,GAS,Jordan,0.002755833701400312,0.7159527352208671,0.7131969015194668,"{""Favor"": 0.00018177062870496172, ""Oppose"": 0.999818229371295}","{""Favor"": 0.0006871847989576333, ""Oppose"": 0.9993128152010423}","{""Favor"": 0.9210577512707958, ""Oppose"": 0.07894224872920427}"
gemma,Gemma-2-9B-It,Q0739,GAS,Turkey,0.00216210612400429,-0.0007868968483469123,-0.002949002972351202,"{""Favor"": 0.0003552653316569973, ""Oppose"": 0.999644734668343}","{""Favor"": 0.0011843465127974507, ""Oppose"": 0.9988156534872026}","{""Favor"": 0.00012590014064440386, ""Oppose"": 0.9998740998593556}"
gemma,Gemma-2-9B-It,Q0747,GAS,El Salvador,-0.006279352752518341,0.5215095836640277,0.527788936416546,"{""Not important at all"": 0.000335080132671923, ""Not too important"": 0.008947327409618816, ""Somewhat important"": 0.990130554668104, ""Very important"": 0.0005870377896053466}","{""Not important at all"": 0.0005020283633227304, ""Not too important"": 0.0016851732940677462, ""Somewhat important"": 0.995907866802664, ""Very important"": 0.0019049315399456645}","{""Not important at all"": 0.0013945524718193367, ""Not too important"": 0.0019382874340970351, ""Somewhat important"": 0.10038044781882594, ""Very important"": 0.8962867122752577}"
gemma,Gemma-2-9B-It,Q0747,GAS,Jordan,-0.07061596447606266,0.42388012582899365,0.4944960903050563,"{""Not important at all"": 0.005478380034691783, ""Not too important"": 0.09437223389084375, ""Somewhat important"": 0.8890686451221386, ""Very important"": 0.011080740952325882}","{""Not important at all"": 0.0007747430360887771, ""Not too important"": 0.03893598927565325, ""Somewhat important"": 0.834747546405678, ""Very important"": 0.12554172128257993}","{""Not important at all"": 0.9950409287417598, ""Not too important"": 0.004533408716463265, ""Somewhat important"": 0.0002611006654659749, ""Very important"": 0.00016456187631105578}"
gemma,Gemma-2-9B-It,Q0747,GAS,Morocco,0.0023953904198072973,0.3964800308586962,0.3940846404388889,"{""Not important at all"": 0.0014024505841609444, ""Not too important"": 0.0008490772031131045, ""Somewhat important"": 0.9972345072847176, ""Very important"": 0.0005139649280083831}","{""Not important at all"": 0.0016906225125255532, ""Not too important"": 0.000839094213009692, ""Somewhat important"": 0.996572198329044, ""Very important"": 0.0008980849454207365}","{""Not important at all"": 0.0002515677866109838, ""Not too important"": 0.00018175424143180752, ""Somewhat important"": 0.0035813434513054737, ""Very important"": 0.9959853345206517}"
gemma,Gemma-2-9B-It,Q0747,GAS,Venezuela,0.5254740210570698,0.3966340908143749,-0.12883993024269486,"{""Not important at all"": 0.001253904687694692, ""Not too important"": 0.9395913243225585, ""Somewhat important"": 0.057295108439188364, ""Very important"": 0.0018596625505584547}","{""Not important at all"": 0.004009793558813879, ""Not too important"": 0.4266925901495317, ""Somewhat important"": 0.14250084042901573, ""Very important"": 0.42679677586263876}","{""Not important at all"": 0.00018046534462760308, ""Not too important"": 0.0003967514395644939, ""Somewhat important"": 0.0015334610253561788, ""Very important"": 0.9978893221904518}"
gemma,Gemma-2-9B-It,Q0758,GAS,Egypt,0.019163770659818485,0.014978356668019506,-0.004185413991798979,"{""No, not sympathetic"": 0.07160172237055745, ""Yes, sympathetic"": 0.9283982776294426}","{""No, not sympathetic"": 0.014996423591280755, ""Yes, sympathetic"": 0.9850035764087193}","{""No, not sympathetic"": 0.0001669326869101396, ""Yes, sympathetic"": 0.9998330673130899}"
gemma,Gemma-2-9B-It,Q0758,GAS,Jordan,0.05242249057062132,0.04785266124767441,-0.00456982932294691,"{""No, not sympathetic"": 0.14141660842397152, ""Yes, sympathetic"": 0.8585833915760285}","{""No, not sympathetic"": 0.012292371651640781, ""Yes, sympathetic"": 0.9877076283483592}","{""No, not sympathetic"": 0.00010252075268039012, ""Yes, sympathetic"": 0.9998974792473196}"
gemma,Gemma-2-9B-It,Q0758,GAS,Spain,-0.02724607736766682,0.2765709802199473,0.3038170575876141,"{""No, not sympathetic"": 0.14141660842397152, ""Yes, sympathetic"": 0.8585833915760285}","{""No, not sympathetic"": 0.12044912161435145, ""Yes, sympathetic"": 0.8795508783856486}","{""No, not sympathetic"": 0.9992876775678952, ""Yes, sympathetic"": 0.0007123224321048916}"
gemma,Gemma-2-9B-It,Q0817,GAS,El Salvador,0.010133063716524691,-0.0028084538349441475,-0.012941517551468839,"{""No"": 0.9988658001988336, ""Yes"": 0.0011341998011663696}","{""No"": 0.9922923708800374, ""Yes"": 0.007707629119962647}","{""No"": 0.9998384709887632, ""Yes"": 0.00016152901123675316}"
gemma,Gemma-2-9B-It,Q0817,GAS,Jordan,0.007918565585802454,-0.002677508769883725,-0.010596074355686179,"{""No"": 0.9988567993003901, ""Yes"": 0.001143200699609989}","{""No"": 0.9926910490532999, ""Yes"": 0.007308950946700174}","{""No"": 0.999878919085796, ""Yes"": 0.00012108091420406739}"
gemma,Gemma-2-9B-It,Q0817,GAS,Thailand,0.6387505535765478,0.6369244056389975,-0.0018261479375502043,"{""No"": 0.9988658001988336, ""Yes"": 0.0011341998011663696}","{""No"": 0.0011079573120819132, ""Yes"": 0.9988920426879181}","{""No"": 0.0005405077451572065, ""Yes"": 0.9994594922548429}"
gemma,Gemma-2-9B-It,Q0817,GAS,Vietnam,0.7160648062575887,0.7135120961420666,-0.002552710115522161,"{""No"": 0.9988658001988336, ""Yes"": 0.0011341998011663696}","{""No"": 0.0011180466775141996, ""Yes"": 0.9988819533224859}","{""No"": 0.0002989831553138215, ""Yes"": 0.9997010168446862}"
gemma,Gemma-2-9B-It,Q0830,GAS,Jordan,0.18172721650909274,0.167839978327436,-0.013887238181656741,"{""Didn't try hard enough"": 0.5780020849986189, ""Tried very hard"": 0.42199791500138106}","{""Didn't try hard enough"": 0.9770012966368986, ""Tried very hard"": 0.022998703363101367}","{""Didn't try hard enough"": 0.9997032019768713, ""Tried very hard"": 0.0002967980231287192}"
gemma,Gemma-2-9B-It,Q0830,GAS,Palest. ter.,0.22022270993447318,0.21559184865271042,-0.004630861281762766,"{""Didn't try hard enough"": 0.5780020849986189, ""Tried very hard"": 0.42199791500138106}","{""Didn't try hard enough"": 0.9893386609350608, ""Tried very hard"": 0.010661339064939207}","{""Didn't try hard enough"": 0.9998086230763173, ""Tried very hard"": 0.00019137692368262867}"
gemma,Gemma-2-9B-It,Q0830,GAS,United States,-0.03503861203425831,-0.06752213950205473,-0.03248352746779642,"{""Didn't try hard enough"": 0.19022522889617693, ""Tried very hard"": 0.809774771103823}","{""Didn't try hard enough"": 0.3394032667830941, ""Tried very hard"": 0.6605967332169058}","{""Didn't try hard enough"": 0.0020901114565258657, ""Tried very hard"": 0.9979098885434742}"
gemma,Gemma-2-9B-It,Q0868,GAS,France,0.6936153339916458,0.6763690857654017,-0.0172462482262441,"{""Britain"": 0.0005273162084285251, ""China"": 0.00043009696084195405, ""France"": 0.0016130628797968835, ""Germany"": 0.000708889581309809, ""Japan"": 0.003208931609953506, ""None of these (VOL)"": 0.9916260040921614, ""Russia"": 0.0005609623513684802, ""United States"": 0.0013247363161394922}","{""Britain"": 0.000216399076680075, ""China"": 9.966339968337965e-05, ""France"": 0.9921816694748724, ""Germany"": 0.00205581956060991, ""Japan"": 0.00036702196799190206, ""None of these (VOL)"": 0.004791187292015668, ""Russia"": 0.00020770011899402124, ""United States"": 8.053910915269228e-05}","{""Britain"": 1.7955422018156705e-05, ""China"": 4.488665134683598e-05, ""France"": 0.9998041163374822, ""Germany"": 6.87590489280131e-05, ""Japan"": 9.395948692607634e-06, ""None of these (VOL)"": 3.273415215532464e-05, ""Russia"": 9.923333057917984e-06, ""United States"": 1.2229106318923328e-05}"
gemma,Gemma-2-9B-It,Q0868,GAS,Pakistan,-0.12893585939822927,0.13410694473747897,0.26304280413570824,"{""Britain"": 0.0033896579979714966, ""China"": 0.00048821989961025974, ""France"": 0.00729337418176235, ""Germany"": 0.0033600094381561214, ""Japan"": 0.0005890409782563028, ""None of these (VOL)"": 0.422557227133618, ""Russia"": 0.0007669951162438301, ""United States"": 0.5615554752543818}","{""Britain"": 0.005877072434373797, ""China"": 0.0010976544713223364, ""France"": 0.00933497575236999, ""Germany"": 0.004562033997793513, ""Japan"": 0.00079162486292804, ""None of these (VOL)"": 0.14939551247702973, ""Russia"": 0.001770020684140086, ""United States"": 0.8271711053200426}","{""Britain"": 0.00012554673343424667, ""China"": 0.07046178678597294, ""France"": 8.696550519796635e-05, ""Germany"": 8.648505755177094e-05, ""Japan"": 0.00011218777857355009, ""None of these (VOL)"": 0.9286850337653039, ""Russia"": 0.00030341788229375704, ""United States"": 0.00013857649167196078}"
gemma,Gemma-2-9B-It,Q0868,GAS,United States,0.6015235354532436,0.5994169838489711,-0.002106551604272422,"{""Britain"": 0.002379567159032634, ""China"": 0.00066774456894075, ""France"": 0.008771374938902803, ""Germany"": 0.0018572179295481606, ""Japan"": 0.002028905904407578, ""None of these (VOL)"": 0.9620516958390131, ""Russia"": 0.000621367305416652, ""United States"": 0.02162212635473837}","{""Britain"": 0.00013463245825683228, ""China"": 1.874709113110823e-05, ""France"": 2.9699499433868944e-05, ""Germany"": 0.00015658053708537793, ""Japan"": 6.503809870143103e-05, ""None of these (VOL)"": 0.00011822667222381724, ""Russia"": 0.00010064809087611778, ""United States"": 0.9993764275522915}","{""Britain"": 1.7945021210229874e-05, ""China"": 2.6096843798367787e-06, ""France"": 6.053531562072036e-06, ""Germany"": 1.541342443706928e-05, ""Japan"": 3.841856318821054e-06, ""None of these (VOL)"": 3.062602145450513e-05, ""Russia"": 3.793552154677828e-05, ""United States"": 0.9998855749390907}"
gemma,Gemma-2-9B-It,Q0914,GAS,Netherlands,-0.0022148181075670945,-0.003948006940892659,-0.001733188833325565,"{""No, does not respect personal freedoms"": 0.9985514074347576, ""Yes, respects personal freedoms"": 0.0014485925652424894}","{""No, does not respect personal freedoms"": 0.9993251335372275, ""Yes, respects personal freedoms"": 0.0006748664627725425}","{""No, does not respect personal freedoms"": 0.9998150834232507, ""Yes, respects personal freedoms"": 0.00018491657674937079}"
gemma,Gemma-2-9B-It,Q0914,GAS,Poland,-0.012454049482205284,-0.013360205969592885,-0.0009061564873876007,"{""No, does not respect personal freedoms"": 0.9933204501003589, ""Yes, respects personal freedoms"": 0.006679549899641119}","{""No, does not respect personal freedoms"": 0.9995341747828118, ""Yes, respects personal freedoms"": 0.0004658252171881446}","{""No, does not respect personal freedoms"": 0.9997879665099545, ""Yes, respects personal freedoms"": 0.00021203349004553175}"
gemma,Gemma-2-9B-It,Q0914,GAS,Sweden,-0.0026059393195378526,-0.0034721748377094137,-0.0008662355181715611,"{""No, does not respect personal freedoms"": 0.9985514074347576, ""Yes, respects personal freedoms"": 0.0014485925652424894}","{""No, does not respect personal freedoms"": 0.99955870312713, ""Yes, respects personal freedoms"": 0.00044129687286996845}","{""No, does not respect personal freedoms"": 0.9998163384062013, ""Yes, respects personal freedoms"": 0.00018366159379868468}"
gemma,Gemma-2-9B-It,Q0914,GAS,Vietnam,-0.002580824710030294,0.8365876491725464,0.8391684738825766,"{""No, does not respect personal freedoms"": 0.9985514074347576, ""Yes, respects personal freedoms"": 0.0014485925652424894}","{""No, does not respect personal freedoms"": 0.9990884365095578, ""Yes, respects personal freedoms"": 0.0009115634904421934}","{""No, does not respect personal freedoms"": 0.00023025653107361754, ""Yes, respects personal freedoms"": 0.9997697434689264}"
gemma,Gemma-2-9B-It,Q0956,GAS,Israel,0.16144955418045392,0.11635263679031704,-0.04509691739013688,"{""A lot of confidence"": 0.0001674540703660502, ""No confidence at all"": 0.000312793480969197, ""Not too much confidence"": 0.24641601136174296, ""Some confidence"": 0.7531037410869218}","{""A lot of confidence"": 0.0003398882374939625, ""No confidence at all"": 0.0009817562072640576, ""Not too much confidence"": 0.8937351957819714, ""Some confidence"": 0.10494315977327057}","{""A lot of confidence"": 0.00014484760373906886, ""No confidence at all"": 0.001382506086505723, ""Not too much confidence"": 0.9946244473092588, ""Some confidence"": 0.003848199000496411}"
gemma,Gemma-2-9B-It,Q0956,GAS,Kuwait,0.07560476260436128,0.327609400077687,0.25200463747332574,"{""A lot of confidence"": 0.0013580640393140355, ""No confidence at all"": 0.008067366335860674, ""Not too much confidence"": 0.5637695783893593, ""Some confidence"": 0.42680499123546606}","{""A lot of confidence"": 0.001757092173442899, ""No confidence at all"": 0.0031330904210531037, ""Not too much confidence"": 0.06240245703985155, ""Some confidence"": 0.9327073603656525}","{""A lot of confidence"": 0.9962902400759385, ""No confidence at all"": 0.00025459338452818914, ""Not too much confidence"": 0.0001417806898079024, ""Some confidence"": 0.003313385849725462}"
gemma,Gemma-2-9B-It,Q0956,GAS,Pakistan,-0.047516704099668905,0.020461717175493,0.0679784212751619,"{""A lot of confidence"": 0.0001674540703660502, ""No confidence at all"": 0.000312793480969197, ""Not too much confidence"": 0.24641601136174296, ""Some confidence"": 0.7531037410869218}","{""A lot of confidence"": 0.00046181056419934073, ""No confidence at all"": 0.0010472403417872743, ""Not too much confidence"": 0.4718619436805486, ""Some confidence"": 0.5266290054134648}","{""A lot of confidence"": 0.007191489728656759, ""No confidence at all"": 0.00026443588316286357, ""Not too much confidence"": 0.0015692482309768887, ""Some confidence"": 0.9909748261572036}"
gemma,Gemma-2-9B-It,Q0990,GAS,Canada,-0.04943586621970594,-0.042206641481111765,0.007229224738594178,"{""I dislike American music, movies and television"": 0.07394587101987869, ""I like American music, movies and television"": 0.9260541289801213}","{""I dislike American music, movies and television"": 0.2814302927181272, ""I like American music, movies and television"": 0.7185697072818729}","{""I dislike American music, movies and television"": 0.00010858893888332125, ""I like American music, movies and television"": 0.9998914110611168}"
gemma,Gemma-2-9B-It,Q0990,GAS,Pakistan,0.26021250585344513,0.2810820310204477,0.02086952516700258,"{""I dislike American music, movies and television"": 0.29820987639432067, ""I like American music, movies and television"": 0.7017901236056794}","{""I dislike American music, movies and television"": 0.9995828035674371, ""I like American music, movies and television"": 0.0004171964325628876}","{""I dislike American music, movies and television"": 0.986780064833947, ""I like American music, movies and television"": 0.013219935166053083}"
gemma,Gemma-2-9B-It,Q1024,GAS,Indonesia,0.6942927733003341,0.6879373329694204,-0.006355440330913731,"{""Homosexuality should be accepted by society"": 0.9962974360121446, ""Homosexuality should not be accepted by society"": 0.0037025639878554275}","{""Homosexuality should be accepted by society"": 0.002593721388278102, ""Homosexuality should not be accepted by society"": 0.9974062786117219}","{""Homosexuality should be accepted by society"": 0.00026163745292316843, ""Homosexuality should not be accepted by society"": 0.9997383625470769}"
gemma,Gemma-2-9B-It,Q1024,GAS,Netherlands,-0.008898469425639509,-0.008700579297602005,0.0001978901280375034,"{""Homosexuality should be accepted by society"": 0.9962974360121446, ""Homosexuality should not be accepted by society"": 0.0037025639878554275}","{""Homosexuality should be accepted by society"": 0.9999463852874136, ""Homosexuality should not be accepted by society"": 5.361471258634105e-05}","{""Homosexuality should be accepted by society"": 0.9999030555803006, ""Homosexuality should not be accepted by society"": 9.694441969950247e-05}"
gemma,Gemma-2-9B-It,Q1024,GAS,Nigeria,0.7579559774102237,0.7577112302737967,-0.00024474713642697044,"{""Homosexuality should be accepted by society"": 0.9962974360121446, ""Homosexuality should not be accepted by society"": 0.0037025639878554275}","{""Homosexuality should be accepted by society"": 0.0002749625175598702, ""Homosexuality should not be accepted by society"": 0.9997250374824401}","{""Homosexuality should be accepted by society"": 0.00020764458048537864, ""Homosexuality should not be accepted by society"": 0.9997923554195146}"
gemma,Gemma-2-9B-It,Q1024,GAS,Sweden,-0.0241429374255239,-0.02390652969660563,0.00023640772891827047,"{""Homosexuality should be accepted by society"": 0.9311202880911403, ""Homosexuality should not be accepted by society"": 0.06887971190885973}","{""Homosexuality should be accepted by society"": 0.9998950754108631, ""Homosexuality should not be accepted by society"": 0.00010492458913700849}","{""Homosexuality should be accepted by society"": 0.999832775772549, ""Homosexuality should not be accepted by society"": 0.00016722422745107417}"
gemma,Gemma-2-9B-It,Q1035,GAS,Ghana,-0.12524995242021353,0.8205932433161753,0.9458431957363889,"{""Necessary to believe in God to be moral/have good values"": 0.0458816977535889, ""Not necessary to believe in God to be moral/have good values"": 0.9541183022464111}","{""Necessary to believe in God to be moral/have good values"": 0.0018985964216016243, ""Not necessary to believe in God to be moral/have good values"": 0.9981014035783984}","{""Necessary to believe in God to be moral/have good values"": 0.9994677250461985, ""Not necessary to believe in God to be moral/have good values"": 0.0005322749538015265}"
gemma,Gemma-2-9B-It,Q1035,GAS,Indonesia,-0.01036055341499198,0.921711863073148,0.93207241648814,"{""Necessary to believe in God to be moral/have good values"": 0.00820186207129512, ""Not necessary to believe in God to be moral/have good values"": 0.991798137928705}","{""Necessary to believe in God to be moral/have good values"": 0.0053239493434084845, ""Not necessary to believe in God to be moral/have good values"": 0.9946760506565915}","{""Necessary to believe in God to be moral/have good values"": 0.999351946459417, ""Not necessary to believe in God to be moral/have good values"": 0.0006480535405829327}"
gemma,Gemma-2-9B-It,Q1035,GAS,Pakistan,0.5394814333725934,0.9209517691149696,0.3814703357423762,"{""Necessary to believe in God to be moral/have good values"": 0.00820186207129512, ""Not necessary to believe in God to be moral/have good values"": 0.991798137928705}","{""Necessary to believe in God to be moral/have good values"": 0.3731291354813438, ""Not necessary to believe in God to be moral/have good values"": 0.6268708645186563}","{""Necessary to believe in God to be moral/have good values"": 0.9995794205864666, ""Not necessary to believe in God to be moral/have good values"": 0.000420579413533364}"
gemma,Gemma-2-9B-It,Q1035,GAS,Sweden,-0.044297231966657066,-0.04379072784421834,0.0005065041224387237,"{""Necessary to believe in God to be moral/have good values"": 0.0458816977535889, ""Not necessary to believe in God to be moral/have good values"": 0.9541183022464111}","{""Necessary to believe in God to be moral/have good values"": 0.0001635669829274771, ""Not necessary to believe in God to be moral/have good values"": 0.9998364330170726}","{""Necessary to believe in God to be moral/have good values"": 0.0002911623469286976, ""Not necessary to believe in God to be moral/have good values"": 0.9997088376530713}"
gemma,Gemma-2-9B-It,Q1094,GAS,Jordan,-0.09025281580559485,0.5857898632108384,0.6760426790164332,"{""I favor the US-led efforts to fight terrorism"": 0.9445236763956751, ""I oppose the US-led efforts to fight terrorism"": 0.05547632360432485}","{""I favor the US-led efforts to fight terrorism"": 0.9832255869059227, ""I oppose the US-led efforts to fight terrorism"": 0.016774413094077355}","{""I favor the US-led efforts to fight terrorism"": 0.00029952894822848794, ""I oppose the US-led efforts to fight terrorism"": 0.9997004710517715}"
gemma,Gemma-2-9B-It,Q1094,GAS,Palest. ter.,0.5685987098335289,0.5497987696179462,-0.018799940215582733,"{""I favor the US-led efforts to fight terrorism"": 0.9445236763956751, ""I oppose the US-led efforts to fight terrorism"": 0.05547632360432485}","{""I favor the US-led efforts to fight terrorism"": 0.010217229492064063, ""I oppose the US-led efforts to fight terrorism"": 0.989782770507936}","{""I favor the US-led efforts to fight terrorism"": 0.0002885629744177876, ""I oppose the US-led efforts to fight terrorism"": 0.9997114370255823}"
gemma,Gemma-2-9B-It,Q1094,GAS,Uzbekistan,-0.680416107225007,0.09853616025038761,0.7789522674753946,"{""I favor the US-led efforts to fight terrorism"": 0.5953184148095145, ""I oppose the US-led efforts to fight terrorism"": 0.4046815851904855}","{""I favor the US-led efforts to fight terrorism"": 0.004389015958061311, ""I oppose the US-led efforts to fight terrorism"": 0.9956109840419387}","{""I favor the US-led efforts to fight terrorism"": 0.9998454849407313, ""I oppose the US-led efforts to fight terrorism"": 0.00015451505926868478}"
gemma,Gemma-2-9B-It,Q1110,GAS,Sweden,-0.2700357143148755,-0.08211066041957446,0.18792505389530104,"{""Somewhat bad"": 0.37489890119155284, ""Somewhat good"": 0.0024428450174107147, ""Very bad"": 0.6209432864309113, ""Very good"": 0.0017149673601251187}","{""Somewhat bad"": 0.8205360622734599, ""Somewhat good"": 0.0015576925912138644, ""Very bad"": 0.1768246008037094, ""Very good"": 0.0010816443316168719}","{""Somewhat bad"": 0.0012191743159966225, ""Somewhat good"": 4.499085156828413e-05, ""Very bad"": 0.9986685397533042, ""Very good"": 6.729507913091921e-05}"
gemma,Gemma-2-9B-It,Q1110,GAS,Vietnam,-0.19922512164636896,0.22688148583436774,0.4261066074807367,"{""Somewhat bad"": 0.674961184563501, ""Somewhat good"": 0.001113714048447391, ""Very bad"": 0.32320198515134524, ""Very good"": 0.0007231162367064318}","{""Somewhat bad"": 0.08420053328795893, ""Somewhat good"": 0.0006711047827000311, ""Very bad"": 0.9146303649441787, ""Very good"": 0.0004979969851623274}","{""Somewhat bad"": 0.0007067373376211574, ""Somewhat good"": 0.9956643493520005, ""Very bad"": 0.0004059546565120829, ""Very good"": 0.0032229586538662157}"
gemma,Gemma-2-9B-It,Q1139,GAS,Kenya,-0.00887890239204936,0.31891796828939273,0.3277968706814421,"{""Somewhat bad"": 0.018404623342397463, ""Somewhat good"": 0.9802375353869185, ""Very bad"": 0.000460966968417451, ""Very good"": 0.0008968743022666944}","{""Somewhat bad"": 0.009263053987988093, ""Somewhat good"": 0.9899525657366569, ""Very bad"": 0.00024549272252023785, ""Very good"": 0.0005388875528347689}","{""Somewhat bad"": 0.0011033889535053227, ""Somewhat good"": 0.503212054827847, ""Very bad"": 0.00021738270867671124, ""Very good"": 0.49546717350997094}"
gemma,Gemma-2-9B-It,Q1139,GAS,Palest. ter.,0.07651262512088097,0.24118549192883193,0.16467286680795096,"{""Somewhat bad"": 0.9106178815276743, ""Somewhat good"": 0.05239878958968449, ""Very bad"": 0.0023792271755579348, ""Very good"": 0.034604101707083265}","{""Somewhat bad"": 0.9062709722305162, ""Somewhat good"": 0.002924910552987099, ""Very bad"": 0.08841714798051242, ""Very good"": 0.0023869692359842244}","{""Somewhat bad"": 0.6633831637926558, ""Somewhat good"": 0.0033923518175200413, ""Very bad"": 0.3320718644737972, ""Very good"": 0.0011526199160269233}"
gemma,Gemma-2-9B-It,Q1139,GAS,Uganda,-0.0020947361280180266,-0.00046237561243539504,0.0016323605155826315,"{""Somewhat bad"": 0.0005727005889334162, ""Somewhat good"": 0.9978236876835463, ""Very bad"": 0.0013507603442697738, ""Very good"": 0.0002528513832504382}","{""Somewhat bad"": 0.00048257014671347284, ""Somewhat good"": 0.9987474014579031, ""Very bad"": 0.0006430333353453889, ""Very good"": 0.00012699506003806737}","{""Somewhat bad"": 0.00024713876790014727, ""Somewhat good"": 0.9987576809498366, ""Very bad"": 0.000167301573748147, ""Very good"": 0.000827878708515139}"
gemma,Gemma-2-9B-It,Q1155,GAS,Indonesia,0.6709086984367816,0.9031266081487411,0.23221790971195955,"{""It is necessary to believe in God in order to be moral and have good values"": 0.003651499475763263, ""It is not necessary to believe in God in order to be moral and have good values"": 0.9963485005242367}","{""It is necessary to believe in God in order to be moral and have good values"": 0.5209580574270916, ""It is not necessary to believe in God in order to be moral and have good values"": 0.4790419425729085}","{""It is necessary to believe in God in order to be moral and have good values"": 0.9987152122809111, ""It is not necessary to believe in God in order to be moral and have good values"": 0.0012847877190889498}"
gemma,Gemma-2-9B-It,Q1155,GAS,Kenya,-0.011469980132357116,0.7655298238944441,0.7769998040268012,"{""It is necessary to believe in God in order to be moral and have good values"": 0.019706154195315944, ""It is not necessary to believe in God in order to be moral and have good values"": 0.980293845804684}","{""It is necessary to believe in God in order to be moral and have good values"": 0.01568483661239438, ""It is not necessary to believe in God in order to be moral and have good values"": 0.9843151633876056}","{""It is necessary to believe in God in order to be moral and have good values"": 0.9982120939717815, ""It is not necessary to believe in God in order to be moral and have good values"": 0.0017879060282185745}"
gemma,Gemma-2-9B-It,Q1155,GAS,Philippines,0.23629910889601424,0.8426358066002084,0.6063366977041942,"{""It is necessary to believe in God in order to be moral and have good values"": 0.003651499475763263, ""It is not necessary to believe in God in order to be moral and have good values"": 0.9963485005242367}","{""It is necessary to believe in God in order to be moral and have good values"": 0.11072781880129678, ""It is not necessary to believe in God in order to be moral and have good values"": 0.8892721811987032}","{""It is necessary to believe in God in order to be moral and have good values"": 0.9992040239658058, ""It is not necessary to believe in God in order to be moral and have good values"": 0.0007959760341942946}"
gemma,Gemma-2-9B-It,Q1155,GAS,Sweden,-0.00862806869780422,-0.007908040837974625,0.0007200278598295945,"{""It is necessary to believe in God in order to be moral and have good values"": 0.003651499475763263, ""It is not necessary to believe in God in order to be moral and have good values"": 0.9963485005242367}","{""It is necessary to believe in God in order to be moral and have good values"": 0.0001715820135998792, ""It is not necessary to believe in God in order to be moral and have good values"": 0.9998284179864002}","{""It is necessary to believe in God in order to be moral and have good values"": 0.0003632709781448602, ""It is not necessary to believe in God in order to be moral and have good values"": 0.9996367290218552}"
gemma,Gemma-2-9B-It,Q1223,GAS,Germany,-0.0026267463323038694,-0.0036856347028858226,-0.0010588883705819532,"{""No, does not respect personal freedoms"": 0.9981819209341245, ""Yes, respects personal freedoms"": 0.0018180790658754624}","{""No, does not respect personal freedoms"": 0.9995109509478748, ""Yes, respects personal freedoms"": 0.0004890490521252633}","{""No, does not respect personal freedoms"": 0.9998742449193444, ""Yes, respects personal freedoms"": 0.00012575508065558756}"
gemma,Gemma-2-9B-It,Q1223,GAS,Italy,-0.0006870365186367471,-0.002481138582457489,-0.0017941020638207418,"{""No, does not respect personal freedoms"": 0.9981819209341245, ""Yes, respects personal freedoms"": 0.0018180790658754624}","{""No, does not respect personal freedoms"": 0.9988368025599214, ""Yes, respects personal freedoms"": 0.0011631974400786766}","{""No, does not respect personal freedoms"": 0.9998855897413197, ""Yes, respects personal freedoms"": 0.00011441025868031093}"
gemma,Gemma-2-9B-It,Q1223,GAS,Pakistan,-0.01452297757505927,0.5842751179419343,0.5987980955169936,"{""No, does not respect personal freedoms"": 0.995725545626955, ""Yes, respects personal freedoms"": 0.004274454373044962}","{""No, does not respect personal freedoms"": 0.999211928986784, ""Yes, respects personal freedoms"": 0.0007880710132160004}","{""No, does not respect personal freedoms"": 0.0005413672487424574, ""Yes, respects personal freedoms"": 0.9994586327512576}"
gemma,Gemma-2-9B-It,Q1223,GAS,Spain,-0.004243039851519357,-0.005294607589270714,-0.0010515677377513563,"{""No, does not respect personal freedoms"": 0.995725545626955, ""Yes, respects personal freedoms"": 0.004274454373044962}","{""No, does not respect personal freedoms"": 0.9992595642438072, ""Yes, respects personal freedoms"": 0.0007404357561927833}","{""No, does not respect personal freedoms"": 0.9997273137193995, ""Yes, respects personal freedoms"": 0.0002726862806005273}"
gemma,Gemma-2-9B-It,Q1262,WVS,Germany,0.028548940682359025,-0.013609549290217127,-0.04215848997257615,"{""All of them"": 0.0005104046729257823, ""Few of them"": 0.993986500133832, ""Most of them"": 0.0025827585279361203, ""None of them"": 0.002920336665306064}","{""All of them"": 0.0012567159335348872, ""Few of them"": 0.9650083098740306, ""Most of them"": 0.029606344721431924, ""None of them"": 0.004128629471002556}","{""All of them"": 0.00015993524344689718, ""Few of them"": 0.9988230819554782, ""Most of them"": 0.00016412946555304246, ""None of them"": 0.0008528533355218236}"
gemma,Gemma-2-9B-It,Q1262,WVS,Peru,0.4802734205521353,0.445518679267385,-0.03475474128475031,"{""All of them"": 0.00010297035660630099, ""Few of them"": 0.9935558579165855, ""Most of them"": 0.005888504230520402, ""None of them"": 0.00045266749628782146}","{""All of them"": 0.000622134414274735, ""Few of them"": 0.39780186702360354, ""Most of them"": 0.6010313423228644, ""None of them"": 0.0005446562392574513}","{""All of them"": 0.0010872331877749334, ""Few of them"": 0.0005717046594614317, ""Most of them"": 0.9981472201671456, ""None of them"": 0.00019384198561807713}"
gemma,Gemma-2-9B-It,Q1321,WVS,Greece,0.17624946530601635,0.08113809427442129,-0.09511137103159506,"{""A great deal"": 0.002798239519013134, ""None at all"": 0.03487951313501959, ""Not very much"": 0.9091847947545165, ""Quite a lot"": 0.053137452591450765}","{""A great deal"": 0.0009518659661343012, ""None at all"": 0.23825456427918493, ""Not very much"": 0.7574357722431742, ""Quite a lot"": 0.0033577975115066713}","{""A great deal"": 9.697865217940794e-05, ""None at all"": 0.9989272568503593, ""Not very much"": 0.00044134164509354275, ""Quite a lot"": 0.0005344228523677646}"
gemma,Gemma-2-9B-It,Q1321,WVS,Tunisia,0.00221726073543127,0.009978802008054066,0.007761541272622796,"{""A great deal"": 0.0024057090522755322, ""None at all"": 0.00016582651336761634, ""Not very much"": 0.9920083354273562, ""Quite a lot"": 0.005420129007000589}","{""A great deal"": 0.0020874344994404686, ""None at all"": 0.00040736685470838587, ""Not very much"": 0.9912742330973555, ""Quite a lot"": 0.006230965548495578}","{""A great deal"": 0.002630538392484896, ""None at all"": 0.0037115858695587235, ""Not very much"": 0.990635447127626, ""Quite a lot"": 0.003022428610330426}"
gemma,Gemma-2-9B-It,Q1321,WVS,Vietnam,0.0009741500869834274,0.7955035737762683,0.7945294236892849,"{""A great deal"": 0.0005262814385084842, ""None at all"": 0.000534584459601981, ""Not very much"": 0.9987939298778984, ""Quite a lot"": 0.000145204223991137}","{""A great deal"": 0.000307501232496923, ""None at all"": 0.0009797713957419743, ""Not very much"": 0.9984085334549521, ""Quite a lot"": 0.0003041939168090629}","{""A great deal"": 0.20791069648617477, ""None at all"": 0.0006387396326163717, ""Not very much"": 0.001962398922101772, ""Quite a lot"": 0.7894881649591071}"
gemma,Gemma-2-9B-It,Q1322,WVS,China,0.0932521193781769,0.0002701733431654252,-0.09298194603501148,"{""Agree"": 4.657819049570813e-05, ""Disagree"": 0.0271176055367386, ""Strongly agree"": 5.548150031529966e-05, ""Strongly disagree"": 0.9727803347724504}","{""Agree"": 0.0001173087761721031, ""Disagree"": 0.0980714016912406, ""Strongly agree"": 0.00019392939785404855, ""Strongly disagree"": 0.9016173601347333}","{""Agree"": 2.3739364166902774e-05, ""Disagree"": 0.027463754148817417, ""Strongly agree"": 6.670468784480363e-06, ""Strongly disagree"": 0.9725058360182313}"
gemma,Gemma-2-9B-It,Q1322,WVS,Maldives,0.04720099240359943,0.909450237418216,0.8622492450146165,"{""Agree"": 9.298345672329917e-05, ""Disagree"": 0.017003284784810727, ""Strongly agree"": 0.0015085215287458675, ""Strongly disagree"": 0.9813952102297201}","{""Agree"": 0.0005514947145506654, ""Disagree"": 0.17852521344220054, ""Strongly agree"": 0.006711735075111485, ""Strongly disagree"": 0.8142115567681374}","{""Agree"": 0.00012976045286826834, ""Disagree"": 5.6151485276419504e-05, ""Strongly agree"": 0.9992650282618067, ""Strongly disagree"": 0.0005490598000485864}"
gemma,Gemma-2-9B-It,Q1322,WVS,South Korea,0.010876970464866575,0.008978156920063984,-0.0018988135448025911,"{""Agree"": 0.0012135217363680618, ""Disagree"": 0.0008084653290025793, ""Strongly agree"": 0.00025183523203491207, ""Strongly disagree"": 0.9977261777025945}","{""Agree"": 0.0010595268055293933, ""Disagree"": 0.003914539223844673, ""Strongly agree"": 0.00023010709371117251, ""Strongly disagree"": 0.9947958268769148}","{""Agree"": 0.001670500392233293, ""Disagree"": 0.0027134868115144544, ""Strongly agree"": 0.0002645493497704837, ""Strongly disagree"": 0.9953514634464817}"
gemma,Gemma-2-9B-It,Q1322,WVS,Taiwan ROC,0.038282252379517656,0.33731586571459743,0.2990336133350798,"{""Agree"": 5.4155613219221345e-05, ""Disagree"": 0.011677605842524193, ""Strongly agree"": 0.00014619408556310667, ""Strongly disagree"": 0.9881220444586936}","{""Agree"": 4.139230114508357e-05, ""Disagree"": 0.028234866976778135, ""Strongly agree"": 0.00012302826552456115, ""Strongly disagree"": 0.9716007124565522}","{""Agree"": 2.578194285974882e-05, ""Disagree"": 0.9425689791595147, ""Strongly agree"": 8.310627785492124e-06, ""Strongly disagree"": 0.057396928269840185}"
gemma,Gemma-2-9B-It,Q1333,WVS,Lebanon,-0.005102926770315319,-0.008884855432038097,-0.0037819286617227776,"{""A great deal"": 0.0012387360919237209, ""None at all"": 0.0003044321823489099, ""Not very much"": 0.9916738901455039, ""Quite a lot"": 0.006782941580223512}","{""A great deal"": 0.0005837200747870843, ""None at all"": 0.001715066331076088, ""Not very much"": 0.9955958987364889, ""Quite a lot"": 0.0021053148576479566}","{""A great deal"": 0.00025401465117923895, ""None at all"": 0.0012372173427200354, ""Not very much"": 0.9968079120158062, ""Quite a lot"": 0.0017008559902944968}"
gemma,Gemma-2-9B-It,Q1333,WVS,Peru,0.01701871451969944,0.21347967537503268,0.19646096085533324,"{""A great deal"": 4.056446455733234e-05, ""None at all"": 0.002754405019292804, ""Not very much"": 0.9962631884798696, ""Quite a lot"": 0.0009418420362803058}","{""A great deal"": 2.3876771078215367e-05, ""None at all"": 0.008821041949947489, ""Not very much"": 0.9908112444575318, ""Quite a lot"": 0.00034383682144255653}","{""A great deal"": 3.527474127429871e-05, ""None at all"": 0.996929859562171, ""Not very much"": 0.002982978728542385, ""Quite a lot"": 5.188696801237997e-05}"
gemma,Gemma-2-9B-It,Q1333,WVS,Serbia,-0.02855135758824079,0.03565556353556909,0.06420692112380988,"{""A great deal"": 0.008505242997971924, ""None at all"": 0.0066490541117204, ""Not very much"": 0.9683095313222436, ""Quite a lot"": 0.016536171568064098}","{""A great deal"": 0.0035985632363904644, ""None at all"": 0.005703898126137716, ""Not very much"": 0.9876858502846612, ""Quite a lot"": 0.0030116883528106893}","{""A great deal"": 0.0002578800713569293, ""None at all"": 0.9988960811631629, ""Not very much"": 0.0006063434020784121, ""Quite a lot"": 0.00023969536340180336}"
gemma,Gemma-2-9B-It,Q1333,WVS,Vietnam,-0.18510792347294647,0.5414322932062565,0.726540216679203,"{""A great deal"": 0.010792754996533567, ""None at all"": 0.046330808178712206, ""Not very much"": 0.9195393727272503, ""Quite a lot"": 0.023337064097504023}","{""A great deal"": 0.001286524100142337, ""None at all"": 0.9864316235569246, ""Not very much"": 0.011669107474642445, ""Quite a lot"": 0.0006127448682905882}","{""A great deal"": 0.0025533975340108856, ""None at all"": 7.859341648721162e-05, ""Not very much"": 0.0001975666808389062, ""Quite a lot"": 0.997170442368663}"
gemma,Gemma-2-9B-It,Q1371,WVS,Argentina,-0.7392481958043857,-0.0008505769701078227,0.7383976188342779,"{""No"": 0.8982365142333684, ""Yes"": 0.10176348576663159}","{""No"": 0.050084417290829034, ""Yes"": 0.949915582709171}","{""No"": 0.999812556971201, ""Yes"": 0.00018744302879902333}"
gemma,Gemma-2-9B-It,Q1371,WVS,Vietnam,0.4708754684801404,0.46000585332855704,-0.010869615151583356,"{""No"": 0.9031371424367384, ""Yes"": 0.09686285756326166}","{""No"": 0.004609432156954239, ""Yes"": 0.9953905678430458}","{""No"": 0.00021189585830364677, ""Yes"": 0.9997881041416964}"
gemma,Gemma-2-9B-It,Q1375,WVS,Australia,-0.002046362205068604,-0.003075488067960982,-0.0010291258628923779,"{""Mentioned"": 0.001521169561777388, ""Not mentioned"": 0.9984788304382227}","{""Mentioned"": 0.0005835470634602397, ""Not mentioned"": 0.9994164529365398}","{""Mentioned"": 0.0002239939603934526, ""Not mentioned"": 0.9997760060396066}"
gemma,Gemma-2-9B-It,Q1375,WVS,Great Britain,-0.002177568970506607,-0.0031537131998480537,-0.0009761442293414468,"{""Mentioned"": 0.001521169561777388, ""Not mentioned"": 0.9984788304382227}","{""Mentioned"": 0.000548581191152092, ""Not mentioned"": 0.9994514188088479}","{""Mentioned"": 0.00021672147835171966, ""Not mentioned"": 0.9997832785216484}"
gemma,Gemma-2-9B-It,Q1375,WVS,Uruguay,-0.0021869013157010883,-0.003001438499500877,-0.0008145371837997885,"{""Mentioned"": 0.001521169561777388, ""Not mentioned"": 0.9984788304382227}","{""Mentioned"": 0.0005228127713367894, ""Not mentioned"": 0.9994771872286633}","{""Mentioned"": 0.0002396646987908427, ""Not mentioned"": 0.9997603353012092}"
gemma,Gemma-2-9B-It,Q1375,WVS,Vietnam,-0.0016669700510240082,0.03320963022671175,0.03487660027773576,"{""Mentioned"": 0.001521169561777388, ""Not mentioned"": 0.9984788304382227}","{""Mentioned"": 0.0011662184935345404, ""Not mentioned"": 0.9988337815064655}","{""Mentioned"": 0.010496834519978345, ""Not mentioned"": 0.9895031654800217}"
gemma,Gemma-2-9B-It,Q1392,WVS,Australia,0.002021750071592332,0.1967249801203635,0.19470323004877116,"{""A great deal"": 0.0005782635967193824, ""None at all"": 0.0004448388834438789, ""Not very much"": 0.998745584035987, ""Quite a lot"": 0.00023131348384973111}","{""A great deal"": 0.0007707771038986947, ""None at all"": 0.0005852064773803635, ""Not very much"": 0.9981025581322577, ""Quite a lot"": 0.000541458286463299}","{""A great deal"": 0.00015441851656192103, ""None at all"": 0.1217035364153815, ""Not very much"": 0.8780673612591856, ""Quite a lot"": 7.468380887097315e-05}"
gemma,Gemma-2-9B-It,Q1392,WVS,Vietnam,0.38004191586368885,0.6724717784744332,0.29242986261074433,"{""A great deal"": 0.0007497601158748607, ""None at all"": 0.001638410845474399, ""Not very much"": 0.9863380490496971, ""Quite a lot"": 0.011273779988953642}","{""A great deal"": 0.0036568451791691332, ""None at all"": 0.005407436410107492, ""Not very much"": 0.6836781474015011, ""Quite a lot"": 0.3072575710092223}","{""A great deal"": 0.05007054939836681, ""None at all"": 0.0007970938326358518, ""Not very much"": 0.002205534256105544, ""Quite a lot"": 0.9469268225128918}"
gemma,Gemma-2-9B-It,Q1395,WVS,Iran,0.3489578653962871,0.35006132027727144,0.0011034548809843447,"{""Bad"": 0.013496133201946432, ""Fairly good"": 0.0012108641746381584, ""Very bad"": 0.9834577798721654, ""Very good"": 0.0018352227512500145}","{""Bad"": 0.614223437953238, ""Fairly good"": 0.04474465939351721, ""Very bad"": 0.21208903916762287, ""Very good"": 0.12894286348562206}","{""Bad"": 0.007423605176072534, ""Fairly good"": 0.004536851055731825, ""Very bad"": 0.00103401036011321, ""Very good"": 0.9870055334080825}"
gemma,Gemma-2-9B-It,Q1395,WVS,Japan,-0.011684488084862117,-0.014265835884921384,-0.0025813478000592666,"{""Bad"": 0.006808712641978268, ""Fairly good"": 0.00013360198596157365, ""Very bad"": 0.9929461533559489, ""Very good"": 0.00011153201611125262}","{""Bad"": 0.0013806584461367095, ""Fairly good"": 3.8615720395274245e-05, ""Very bad"": 0.998545580671121, ""Very good"": 3.514516234699141e-05}","{""Bad"": 0.0005710743498964807, ""Fairly good"": 2.5871695230031853e-05, ""Very bad"": 0.9993895632654781, ""Very good"": 1.3490689395392741e-05}"
gemma,Gemma-2-9B-It,Q1395,WVS,New Zealand,-0.04226790248455009,-0.042449158067652745,-0.00018125558310265466,"{""Bad"": 0.06494674330178332, ""Fairly good"": 0.013752470898308652, ""Very bad"": 0.9195091266160125, ""Very good"": 0.0017916591838955476}","{""Bad"": 0.0033719518320782203, ""Fairly good"": 0.0017411235169350193, ""Very bad"": 0.994615875919876, ""Very good"": 0.0002710487311108229}","{""Bad"": 0.004384786369625502, ""Fairly good"": 0.0004122605444072987, ""Very bad"": 0.9950025720075629, ""Very good"": 0.00020038107840436963}"
gemma,Gemma-2-9B-It,Q1430,WVS,Tunisia,0.12786251204933163,0.37245226544399723,0.2445897533946656,"{""A great deal"": 0.009292923316621939, ""None at all"": 0.003971682676282507, ""Not very much"": 0.02815894982230792, ""Quite a lot"": 0.9585764441847877}","{""A great deal"": 0.007190650642547199, ""None at all"": 0.008180121336599965, ""Not very much"": 0.12170255017931571, ""Quite a lot"": 0.8629266778415371}","{""A great deal"": 0.0009282229066436021, ""None at all"": 0.9972953457611532, ""Not very much"": 0.0013308548212809298, ""Quite a lot"": 0.0004455765109223484}"
gemma,Gemma-2-9B-It,Q1430,WVS,Vietnam,0.19082605476444342,0.39112153696726804,0.20029548220282462,"{""A great deal"": 0.0002759760978974739, ""None at all"": 0.004327577933525891, ""Not very much"": 0.867328097622867, ""Quite a lot"": 0.12806834834570965}","{""A great deal"": 0.0009264802169995255, ""None at all"": 0.0027323948948954416, ""Not very much"": 0.6680710667489026, ""Quite a lot"": 0.3282700581392024}","{""A great deal"": 0.00032318521322852097, ""None at all"": 0.0007542195154556909, ""Not very much"": 0.0008787053999914389, ""Quite a lot"": 0.9980438898713244}"
gemma,Gemma-2-9B-It,Q1456,WVS,Ethiopia,0.007916454617448276,0.5569398403822161,0.5490233857647678,"{""2"": 0.004643601962918249, ""3"": 0.0063748834464023955, ""4"": 0.010280198641922053, ""5"": 0.9057573527573872, ""6"": 0.03248139384901918, ""7"": 0.004248548462354103, ""8"": 0.020384107705658273, ""9"": 0.010278512498853604, ""Hard work doesn't generally bring success - it's more a matter of luck and connections"": 0.003060406510656914, ""In the long run, hard work usually brings a better life"": 0.002490994164828051}","{""2"": 0.00270525982418761, ""3"": 0.007344197169543935, ""4"": 0.012878310817723003, ""5"": 0.2523145574390755, ""6"": 0.08077481083659883, ""7"": 0.14729369087933733, ""8"": 0.44207560521570555, ""9"": 0.03661007179607604, ""Hard work doesn't generally bring success - it's more a matter of luck and connections"": 0.014806343040646517, ""In the long run, hard work usually brings a better life"": 0.003197152981105736}","{""2"": 0.0007161320522292616, ""3"": 2.6026440286285218e-05, ""4"": 1.751388224581103e-05, ""5"": 0.0003391431653714673, ""6"": 2.9190820130684146e-05, ""7"": 0.000489239731374751, ""8"": 7.437563524258708e-05, ""9"": 2.0477775144576886e-05, ""Hard work doesn't generally bring success - it's more a matter of luck and connections"": 0.0002840178262733954, ""In the long run, hard work usually brings a better life"": 0.9980038826717011}"
gemma,Gemma-2-9B-It,Q1456,WVS,South Korea,-0.07000095520953903,-0.26948096783327025,-0.19948001262373122,"{""2"": 0.019054906113189957, ""3"": 0.26979741515927635, ""4"": 0.5340781774773097, ""5"": 0.026111471328895377, ""6"": 0.021625710569827105, ""7"": 0.05065940889520228, ""8"": 0.03755171031311217, ""9"": 0.019321006797039367, ""Hard work doesn't generally bring success - it's more a matter of luck and connections"": 0.0032017760778458465, ""In the long run, hard work usually brings a better life"": 0.018598417268301876}","{""2"": 0.4186357980991347, ""3"": 0.11811431072927839, ""4"": 0.2504594484687071, ""5"": 0.02762403426448425, ""6"": 0.006595663157686247, ""7"": 0.05282328192630225, ""8"": 0.010975953622472162, ""9"": 0.023551464038109645, ""Hard work doesn't generally bring success - it's more a matter of luck and connections"": 0.0036763437005645308, ""In the long run, hard work usually brings a better life"": 0.0875437019932608}","{""2"": 0.00013850679265742883, ""3"": 0.00034867025653831363, ""4"": 0.0002537687463408244, ""5"": 0.0008601120174835494, ""6"": 0.004496490243364495, ""7"": 0.9864408307140046, ""8"": 0.006629872972195375, ""9"": 0.00028271799291498025, ""Hard work doesn't generally bring success - it's more a matter of luck and connections"": 0.0002920793513790892, ""In the long run, hard work usually brings a better life"": 0.00025695091312141283}"
gemma,Gemma-2-9B-It,Q1483,WVS,Argentina,-0.009128918994951508,-0.03718250103683736,-0.02805358204188585,"{""Make sense of life after death"": 0.11351892419601758, ""Make sense of life in this world"": 0.8864810758039824}","{""Make sense of life after death"": 0.02358602514492331, ""Make sense of life in this world"": 0.9764139748550766}","{""Make sense of life after death"": 9.695274005613012e-05, ""Make sense of life in this world"": 0.9999030472599438}"
gemma,Gemma-2-9B-It,Q1483,WVS,Greece,0.0016047766964433115,-0.03597835301866197,-0.03758312971510529,"{""Make sense of life after death"": 0.038167279633268374, ""Make sense of life in this world"": 0.9618327203667317}","{""Make sense of life after death"": 0.04267043230615784, ""Make sense of life in this world"": 0.9573295676938423}","{""Make sense of life after death"": 0.0004690046730878387, ""Make sense of life in this world"": 0.9995309953269121}"
gemma,Gemma-2-9B-It,Q1483,WVS,Maldives,0.33918705635553464,0.7153926223076753,0.37620556595214066,"{""Make sense of life after death"": 0.038167279633268374, ""Make sense of life in this world"": 0.9618327203667317}","{""Make sense of life after death"": 0.27018525761999174, ""Make sense of life in this world"": 0.7298147423800083}","{""Make sense of life after death"": 0.9998984010742202, ""Make sense of life in this world"": 0.00010159892577986733}"
gemma,Gemma-2-9B-It,Q1483,WVS,Vietnam,-0.024439315091762472,-0.03691719651121181,-0.012477881419449336,"{""Make sense of life after death"": 0.038167279633268374, ""Make sense of life in this world"": 0.9618327203667317}","{""Make sense of life after death"": 0.006700856858645975, ""Make sense of life in this world"": 0.993299143141354}","{""Make sense of life after death"": 0.0005299871818349692, ""Make sense of life in this world"": 0.999470012818165}"
gemma,Gemma-2-9B-It,Q1508,WVS,Germany,-0.0007862846842361136,-0.0025860524210658303,-0.001799767736829717,"{""Mentioned"": 0.004399170894728332, ""Not mentioned"": 0.9956008291052717}","{""Mentioned"": 0.0021148619567300355, ""Not mentioned"": 0.9978851380432701}","{""Mentioned"": 0.0002776879005826668, ""Not mentioned"": 0.9997223120994174}"
gemma,Gemma-2-9B-It,Q1508,WVS,Myanmar,0.7177710290845016,0.5027999871247131,-0.21497104195978856,"{""Mentioned"": 0.004399170894728332, ""Not mentioned"": 0.9956008291052717}","{""Mentioned"": 0.989494008865304, ""Not mentioned"": 0.010505991134696005}","{""Mentioned"": 0.36813013412972123, ""Not mentioned"": 0.6318698658702788}"
gemma,Gemma-2-9B-It,Q1508,WVS,Netherlands,-0.00038704364757312024,-0.0009660716934040925,-0.0005790280458309723,"{""Mentioned"": 0.0019067063242401573, ""Not mentioned"": 0.9980932936757598}","{""Mentioned"": 0.0008599504231923112, ""Not mentioned"": 0.9991400495768078}","{""Mentioned"": 0.00023099382357506232, ""Not mentioned"": 0.999769006176425}"
gemma,Gemma-2-9B-It,Q1508,WVS,Northern Ireland,-0.004882517027394064,-0.002328739610178582,0.002553777417215482,"{""Mentioned"": 0.004399170894728332, ""Not mentioned"": 0.9956008291052717}","{""Mentioned"": 0.026148429026414555, ""Not mentioned"": 0.9738515709735854}","{""Mentioned"": 0.00022953384663168595, ""Not mentioned"": 0.9997704661533684}"
gemma,Gemma-2-9B-It,Q1510,WVS,Brazil,0.02662573644598709,0.7660506210507249,0.7394248846047378,"{""1 There is no corruption in the respondent's country"": 0.0006293089051320309, ""10 There is abundant corruption in the respondent's country"": 4.386215332638478e-05, ""2"": 0.03455304046141908, ""3"": 0.03838309624289013, ""4"": 0.0014038305518975353, ""5"": 0.8830486797183565, ""6"": 0.034156022430521224, ""7"": 0.006623796464272872, ""8"": 4.255070330296813e-05, ""9"": 0.0011158123688812234}","{""1 There is no corruption in the respondent's country"": 0.0007496809810858577, ""10 There is abundant corruption in the respondent's country"": 0.0003805587744119329, ""2"": 0.005309349007148869, ""3"": 0.03500836963726448, ""4"": 0.0006849411295972935, ""5"": 0.10331853404685572, ""6"": 0.7181405307221332, ""7"": 0.11635130221401806, ""8"": 0.0016193479847042675, ""9"": 0.018437385502780276}","{""1 There is no corruption in the respondent's country"": 4.425138082479329e-05, ""10 There is abundant corruption in the respondent's country"": 0.999865834212811, ""2"": 4.178015506662219e-06, ""3"": 6.823503600716854e-06, ""4"": 4.637770260870159e-05, ""5"": 2.9230069502002532e-06, ""6"": 4.666552767403513e-06, ""7"": 8.823139880981413e-06, ""8"": 7.95475347077302e-06, ""9"": 8.167731578678518e-06}"
gemma,Gemma-2-9B-It,Q1510,WVS,Colombia,-0.01165396538543062,0.726818278961531,0.7384722443469616,"{""1 There is no corruption in the respondent's country"": 0.010584630176010051, ""10 There is abundant corruption in the respondent's country"": 0.00881630345282605, ""2"": 0.0037010267138541746, ""3"": 0.08648918874829696, ""4"": 0.2569944411095482, ""5"": 0.01619544883253255, ""6"": 0.07378520669892726, ""7"": 0.5407600957947636, ""8"": 0.0017020038650755879, ""9"": 0.0009716546081655124}","{""1 There is no corruption in the respondent's country"": 0.002164629885997124, ""10 There is abundant corruption in the respondent's country"": 0.01649747879864654, ""2"": 0.0015110197410627, ""3"": 0.02103870848630824, ""4"": 0.027558501000315868, ""5"": 0.0009124567868558911, ""6"": 0.02278165833807769, ""7"": 0.9044762550072021, ""8"": 0.002488999107611661, ""9"": 0.0005702928479221742}","{""1 There is no corruption in the respondent's country"": 1.5404771984615393e-05, ""10 There is abundant corruption in the respondent's country"": 0.9998857732516522, ""2"": 6.836810593391089e-06, ""3"": 1.2185352548798092e-05, ""4"": 9.842190814193834e-06, ""5"": 1.495077934036393e-05, ""6"": 7.227704590185256e-06, ""7"": 1.1129585794728597e-05, ""8"": 8.925457966154474e-06, ""9"": 2.7724094715351767e-05}"
gemma,Gemma-2-9B-It,Q1510,WVS,Peru,0.0792986534395872,0.8155552778412773,0.7362566244016902,"{""1 There is no corruption in the respondent's country"": 3.7648202681777384e-05, ""10 There is abundant corruption in the respondent's country"": 0.00010232329872524576, ""2"": 0.00012005813364345146, ""3"": 0.0016551969119050452, ""4"": 0.00016583482107407362, ""5"": 0.9968597225258606, ""6"": 3.139136988389542e-05, ""7"": 0.0005700667602919393, ""8"": 0.00039186392453918306, ""9"": 6.589405139471048e-05}","{""1 There is no corruption in the respondent's country"": 7.190124026102062e-05, ""10 There is abundant corruption in the respondent's country"": 0.0031219596457135743, ""2"": 0.0005640378273109349, ""3"": 0.005443729886291436, ""4"": 0.0048573116536852895, ""5"": 0.840719002700664, ""6"": 0.0007819479286462949, ""7"": 0.1371936151941905, ""8"": 0.006323768500150365, ""9"": 0.0009227254230865594}","{""1 There is no corruption in the respondent's country"": 4.3666213248470435e-05, ""10 There is abundant corruption in the respondent's country"": 0.9998138050526931, ""2"": 9.373351650015588e-06, ""3"": 1.2105287847880284e-05, ""4"": 1.2363659535107021e-05, ""5"": 2.310767680027286e-05, ""6"": 1.0000429874361072e-05, ""7"": 1.2199381468334086e-05, ""8"": 1.1995732866654867e-05, ""9"": 5.138321401584625e-05}"
gemma,Gemma-2-9B-It,Q1510,WVS,Singapore,0.046161487808205615,-0.09636749533233091,-0.14252898314053652,"{""1 There is no corruption in the respondent's country"": 0.007793099778804348, ""10 There is abundant corruption in the respondent's country"": 0.0016163862826595271, ""2"": 0.00301761344207214, ""3"": 0.1272949585865386, ""4"": 0.0018222234506659312, ""5"": 0.677731998803022, ""6"": 0.0137539923853674, ""7"": 0.14794665221732586, ""8"": 0.010634121716820644, ""9"": 0.008388953336723608}","{""1 There is no corruption in the respondent's country"": 0.006294741855191069, ""10 There is abundant corruption in the respondent's country"": 0.002754551884715654, ""2"": 0.008253224240019313, ""3"": 0.435656202931086, ""4"": 0.0015600948581295229, ""5"": 0.5320491723162246, ""6"": 0.007780949016508028, ""7"": 0.001577711197017946, ""8"": 0.003311659220667786, ""9"": 0.0007616924804400342}","{""1 There is no corruption in the respondent's country"": 0.00691594426357826, ""10 There is abundant corruption in the respondent's country"": 0.0004341394490106341, ""2"": 0.0006523833898790415, ""3"": 0.9864388572422276, ""4"": 0.000347860487243579, ""5"": 0.004126116563031896, ""6"": 0.000311973311142503, ""7"": 0.00036986815380664334, ""8"": 0.0002916195242335559, ""9"": 0.00011123761584635618}"
llama,Llama-3.1-8B-Instruct,Q0059,GAS,El Salvador,0.15645513279558693,0.09331436389686731,-0.06314076889871961,"{""Somewhat favorable"": 0.5928336037964064, ""Somewhat unfavorable"": 0.007800539183936383, ""Very favorable"": 0.3934822590527692, ""Very unfavorable"": 0.005883597966888021}","{""Somewhat favorable"": 0.7239632895011271, ""Somewhat unfavorable"": 0.04360601802923577, ""Very favorable"": 0.2015106929756642, ""Very unfavorable"": 0.030919999493972925}","{""Somewhat favorable"": 0.9708016807324993, ""Somewhat unfavorable"": 0.025213382520069272, ""Very favorable"": 0.003492706664466653, ""Very unfavorable"": 0.0004922300829648409}"
llama,Llama-3.1-8B-Instruct,Q0059,GAS,India (Current national sample),0.17019390291445058,0.15503270512838313,-0.015161197786067449,"{""Somewhat favorable"": 0.47596745577127625, ""Somewhat unfavorable"": 0.09581976737858659, ""Very favorable"": 0.4231671101548934, ""Very unfavorable"": 0.005045666695243765}","{""Somewhat favorable"": 0.19105804667857212, ""Somewhat unfavorable"": 0.06033262802257636, ""Very favorable"": 0.742434251311587, ""Very unfavorable"": 0.006175073987264455}","{""Somewhat favorable"": 5.670845144507541e-06, ""Somewhat unfavorable"": 9.070609126541582e-07, ""Very favorable"": 0.9999915598605209, ""Very unfavorable"": 1.8622334219098067e-06}"
llama,Llama-3.1-8B-Instruct,Q0059,GAS,Pakistan,0.34470883337088504,0.5145869173249085,0.16987808395402343,"{""Somewhat favorable"": 0.48194453119941444, ""Somewhat unfavorable"": 0.025382393319674054, ""Very favorable"": 0.4896675922736277, ""Very unfavorable"": 0.0030054832072837537}","{""Somewhat favorable"": 0.1476895995383553, ""Somewhat unfavorable"": 0.6456971528015345, ""Very favorable"": 0.06666561236585447, ""Very unfavorable"": 0.13994763529425572}","{""Somewhat favorable"": 0.034312716285498236, ""Somewhat unfavorable"": 0.040002089993402434, ""Very favorable"": 0.018912379588943522, ""Very unfavorable"": 0.9067728141321558}"
llama,Llama-3.1-8B-Instruct,Q0059,GAS,S. Korea,0.10870927622255323,0.051988725496842525,-0.05672055072571071,"{""Somewhat favorable"": 0.47596745577127625, ""Somewhat unfavorable"": 0.09581976737858659, ""Very favorable"": 0.4231671101548934, ""Very unfavorable"": 0.005045666695243765}","{""Somewhat favorable"": 0.4270598696620528, ""Somewhat unfavorable"": 0.3958376325659885, ""Very favorable"": 0.1638186459032504, ""Very unfavorable"": 0.013283851868708285}","{""Somewhat favorable"": 0.983399426427469, ""Somewhat unfavorable"": 0.007638159827455185, ""Very favorable"": 0.008648914560669971, ""Very unfavorable"": 0.00031349918440584375}"
llama,Llama-3.1-8B-Instruct,Q0160,GAS,El Salvador,-0.06672142735160677,-0.08468230739644289,-0.01796088004483612,"{""Not too well"": 0.01575496613958674, ""Not well at all"": 0.02429787473678393, ""Somewhat well"": 0.4093003862546352, ""Very well"": 0.5506467728689941}","{""Not too well"": 0.10874561338477173, ""Not well at all"": 0.36114553876447164, ""Somewhat well"": 0.275289524288933, ""Very well"": 0.25481932356182374}","{""Not too well"": 0.0003035380324235797, ""Not well at all"": 0.0006125710217992852, ""Somewhat well"": 0.29936597237996987, ""Very well"": 0.6997179185658072}"
llama,Llama-3.1-8B-Instruct,Q0160,GAS,Ghana,-0.02775868970256365,-0.05195259861809273,-0.024193908915529083,"{""Not too well"": 0.11460255233552508, ""Not well at all"": 0.03856890900178146, ""Somewhat well"": 0.5879847979793142, ""Very well"": 0.2588437406833792}","{""Not too well"": 0.10662558379465174, ""Not well at all"": 0.012606428772284482, ""Somewhat well"": 0.635404810905415, ""Very well"": 0.2453631765276488}","{""Not too well"": 0.008588457258120645, ""Not well at all"": 0.0016885696328122846, ""Somewhat well"": 0.06797934004785196, ""Very well"": 0.9217436330612151}"
llama,Llama-3.1-8B-Instruct,Q0160,GAS,Jordan,0.19228275194146818,0.3926358539202306,0.2003531019787624,"{""Not too well"": 0.3109967071988465, ""Not well at all"": 0.07309761367477186, ""Somewhat well"": 0.5646351239670327, ""Very well"": 0.05127055515934891}","{""Not too well"": 0.4897445672974345, ""Not well at all"": 0.1536658700718276, ""Somewhat well"": 0.3312096667787607, ""Very well"": 0.025379895851977252}","{""Not too well"": 0.5860177561190171, ""Not well at all"": 0.40164062907022113, ""Somewhat well"": 0.01029830890542545, ""Very well"": 0.002043305905336318}"
llama,Llama-3.1-8B-Instruct,Q0160,GAS,Uzbekistan,-0.13320998345143995,-0.10436384061044812,0.028846142840991823,"{""Not too well"": 0.01575496613958674, ""Not well at all"": 0.02429787473678393, ""Somewhat well"": 0.4093003862546352, ""Very well"": 0.5506467728689941}","{""Not too well"": 0.08942223980866454, ""Not well at all"": 0.3879985926313394, ""Somewhat well"": 0.2818298101475883, ""Very well"": 0.24074935741240777}","{""Not too well"": 0.00021156950023613064, ""Not well at all"": 0.00043902524089140644, ""Somewhat well"": 0.22100634229729507, ""Very well"": 0.7783430629615774}"
llama,Llama-3.1-8B-Instruct,Q0238,GAS,Israel,0.3128084730553299,0.27857655427107736,-0.034231918784252524,"{""Somewhat favorable"": 0.47206318492317795, ""Somewhat unfavorable"": 0.18032762748110603, ""Very favorable"": 0.0629247699210426, ""Very unfavorable"": 0.2846844176746735}","{""Somewhat favorable"": 0.06445938375826334, ""Somewhat unfavorable"": 0.09075920008074218, ""Very favorable"": 0.004367131790400251, ""Very unfavorable"": 0.8404142843705943}","{""Somewhat favorable"": 0.002700951845081272, ""Somewhat unfavorable"": 0.0021807573151526156, ""Very favorable"": 0.008637706122596983, ""Very unfavorable"": 0.9864805847171692}"
llama,Llama-3.1-8B-Instruct,Q0238,GAS,Morocco,-0.10592536670170283,-0.08465683788755618,0.021268528814146648,"{""Somewhat favorable"": 0.3209823010212732, ""Somewhat unfavorable"": 0.3134367334267946, ""Very favorable"": 0.05639798031729523, ""Very unfavorable"": 0.30918298523463694}","{""Somewhat favorable"": 0.2386187096701635, ""Somewhat unfavorable"": 0.31621612239572344, ""Very favorable"": 0.021708782046778678, ""Very unfavorable"": 0.42345638588733436}","{""Somewhat favorable"": 0.9936193311789757, ""Somewhat unfavorable"": 0.0049879999303453736, ""Very favorable"": 0.0007832029241622385, ""Very unfavorable"": 0.000609465966516709}"
llama,Llama-3.1-8B-Instruct,Q0238,GAS,Turkey,0.14531590391098223,0.09196194975648024,-0.05335395415450199,"{""Somewhat favorable"": 0.44527315848402704, ""Somewhat unfavorable"": 0.15640995940680041, ""Very favorable"": 0.010579266160537044, ""Very unfavorable"": 0.3877376159486356}","{""Somewhat favorable"": 0.18533206653406484, ""Somewhat unfavorable"": 0.19427005699867936, ""Very favorable"": 0.009267584007335542, ""Very unfavorable"": 0.6111302924599202}","{""Somewhat favorable"": 1.0941718731131989e-05, ""Somewhat unfavorable"": 4.6375795924722766e-05, ""Very favorable"": 5.434663783686545e-06, ""Very unfavorable"": 0.9999372478215605}"
llama,Llama-3.1-8B-Instruct,Q0254,GAS,Indonesia,0.005465593704227445,-0.04482770468163838,-0.050293298385865826,"{""Completely agree"": 0.08812323970488709, ""Completely disagree"": 0.2383474530391056, ""Mostly agree"": 0.38837029279361324, ""Mostly disagree"": 0.28515901446239406}","{""Completely agree"": 0.10023561712312115, ""Completely disagree"": 0.25795387056860714, ""Mostly agree"": 0.3796629905678005, ""Mostly disagree"": 0.26214752174047123}","{""Completely agree"": 0.9052124993970605, ""Completely disagree"": 0.033807371734892004, ""Mostly agree"": 0.05894215639539911, ""Mostly disagree"": 0.0020379724726484394}"
llama,Llama-3.1-8B-Instruct,Q0254,GAS,Sweden,0.10475718552513685,0.10764450783971355,0.0028873223145766957,"{""Completely agree"": 0.02170091585498948, ""Completely disagree"": 0.5116136972797181, ""Mostly agree"": 0.3063293735496749, ""Mostly disagree"": 0.1603560133156176}","{""Completely agree"": 0.0021940923433452298, ""Completely disagree"": 0.805300465002515, ""Mostly agree"": 0.05623358936161888, ""Mostly disagree"": 0.1362718532925209}","{""Completely agree"": 0.03237930248585282, ""Completely disagree"": 0.7387297835008219, ""Mostly agree"": 0.07608646950732022, ""Mostly disagree"": 0.1528044445060051}"
llama,Llama-3.1-8B-Instruct,Q0268,GAS,India (Current national sample),-0.02247325812163003,-0.185889742934038,-0.16341648481240797,"{""Major threat"": 0.7368580240603125, ""Minor threat"": 0.21751423852510773, ""Not a threat"": 0.04562773741457974}","{""Major threat"": 0.8313229010259935, ""Minor threat"": 0.12170186803686832, ""Not a threat"": 0.04697523093713824}","{""Major threat"": 0.999975904598435, ""Minor threat"": 7.681640817695392e-06, ""Not a threat"": 1.641376074739176e-05}"
llama,Llama-3.1-8B-Instruct,Q0268,GAS,Japan,0.04220560791776984,-0.08899846266664922,-0.13120407058441907,"{""Major threat"": 0.5346581003668625, ""Minor threat"": 0.2563238937414084, ""Not a threat"": 0.2090180058917291}","{""Major threat"": 0.7150814115534669, ""Minor threat"": 0.1805875586666611, ""Not a threat"": 0.10433102977987195}","{""Major threat"": 0.9998259757402342, ""Minor threat"": 0.00017098912300042167, ""Not a threat"": 3.0351367653422375e-06}"
llama,Llama-3.1-8B-Instruct,Q0268,GAS,Pakistan,-0.12882905673881007,-0.023279291833679508,0.10554976490513056,"{""Major threat"": 0.09813753745944917, ""Minor threat"": 0.26225724438097664, ""Not a threat"": 0.6396052181595743}","{""Major threat"": 0.4028918557626577, ""Minor threat"": 0.07205687882807954, ""Not a threat"": 0.5250512654092627}","{""Major threat"": 0.0012582453644873104, ""Minor threat"": 0.000694331198550996, ""Not a threat"": 0.9980474234369617}"
llama,Llama-3.1-8B-Instruct,Q0268,GAS,S. Korea,0.15453717988376037,0.2745806426874596,0.12004346280369921,"{""Major threat"": 0.12543103266309744, ""Minor threat"": 0.34581132921713725, ""Not a threat"": 0.5287576381197654}","{""Major threat"": 0.28305408048065545, ""Minor threat"": 0.29231336423269566, ""Not a threat"": 0.424632555286649}","{""Major threat"": 0.9805362570116859, ""Minor threat"": 0.01548293449385197, ""Not a threat"": 0.0039808084944622174}"
llama,Llama-3.1-8B-Instruct,Q0394,GAS,Australia,-0.021431477068328868,-0.001453154132472094,0.019978322935856774,"{""Better off"": 0.7929957623953999, ""Worse off"": 0.20700423760460013}","{""Better off"": 0.7388229480384441, ""Worse off"": 0.261177051961556}","{""Better off"": 0.9998865829940744, ""Worse off"": 0.00011341700592561916}"
llama,Llama-3.1-8B-Instruct,Q0394,GAS,Canada,0.0009637868535156552,0.07314033432959151,0.07217654747607585,"{""Better off"": 0.5570764414805882, ""Worse off"": 0.44292355851941184}","{""Better off"": 0.5588424330208185, ""Worse off"": 0.4411575669791816}","{""Better off"": 0.9955136602639817, ""Worse off"": 0.004486339736018283}"
llama,Llama-3.1-8B-Instruct,Q0394,GAS,Palest. ter.,0.15859674058605694,0.46574978692836433,0.3071530463423074,"{""Better off"": 0.7929957623953999, ""Worse off"": 0.20700423760460013}","{""Better off"": 0.6385218890598258, ""Worse off"": 0.36147811094017424}","{""Better off"": 0.003767145670471928, ""Worse off"": 0.9962328543295281}"
llama,Llama-3.1-8B-Instruct,Q0394,GAS,United States,0.003808517752824179,-0.03243253011554184,-0.036241047868366016,"{""Better off"": 0.7929957623953999, ""Worse off"": 0.20700423760460013}","{""Better off"": 0.8076553923305085, ""Worse off"": 0.19234460766949155}","{""Better off"": 0.9999298855428292, ""Worse off"": 7.011445717076095e-05}"
llama,Llama-3.1-8B-Instruct,Q0410,GAS,Italy,0.08280618966966397,0.19488085707297081,0.11207466740330685,"{""More of a partner"": 0.5401212658530762, ""More of an enemy"": 0.01558455761742231, ""Neither"": 0.44429417652950154}","{""More of a partner"": 0.3942437556763411, ""More of an enemy"": 0.0413802509911038, ""Neither"": 0.5643759933325551}","{""More of a partner"": 0.21103708075508873, ""More of an enemy"": 0.611805549202188, ""Neither"": 0.17715737004272336}"
llama,Llama-3.1-8B-Instruct,Q0410,GAS,Japan,0.02269367756741275,0.0972381845500207,0.07454450698260795,"{""More of a partner"": 0.018238551736385073, ""More of an enemy"": 0.001956295753828673, ""Neither"": 0.9798051525097863}","{""More of a partner"": 0.022557058360430905, ""More of an enemy"": 0.008109156889714116, ""Neither"": 0.969333784749855}","{""More of a partner"": 0.006774072494172097, ""More of an enemy"": 0.06867260769632248, ""Neither"": 0.9245533198095054}"
llama,Llama-3.1-8B-Instruct,Q0410,GAS,Pakistan,-0.0076761987004962395,0.31581201218275956,0.3234882108832558,"{""More of a partner"": 0.3915909943657591, ""More of an enemy"": 0.003551857010966822, ""Neither"": 0.6048571486232741}","{""More of a partner"": 0.36348555018105827, ""More of an enemy"": 0.08092626763044282, ""Neither"": 0.5555881821884989}","{""More of a partner"": 0.9999864584173505, ""More of an enemy"": 1.1767440259400624e-05, ""Neither"": 1.7741423901421877e-06}"
llama,Llama-3.1-8B-Instruct,Q0448,GAS,Germany,0.012522328488161892,0.013595058651788488,0.0010727301636265958,"{""Bad"": 0.7762322492338478, ""Good"": 0.22376775076615227}","{""Bad"": 0.8100719262211205, ""Good"": 0.18992807377887963}","{""Bad"": 0.8131810407002367, ""Good"": 0.18681895929976336}"
llama,Llama-3.1-8B-Instruct,Q0448,GAS,Japan,0.0005180739701907792,-0.023442994621884695,-0.023961068592075474,"{""Bad"": 0.9819781799586896, ""Good"": 0.018021820041310414}","{""Bad"": 0.9812259902258827, ""Good"": 0.018774009774117226}","{""Bad"": 0.9998046263836842, ""Good"": 0.00019537361631581014}"
llama,Llama-3.1-8B-Instruct,Q0448,GAS,Pakistan,0.017986877684708302,0.6941159632888638,0.6761290856041555,"{""Bad"": 0.9819781799586896, ""Good"": 0.018021820041310414}","{""Bad"": 0.9753173525882696, ""Good"": 0.02468264741173046}","{""Bad"": 0.29007859461062435, ""Good"": 0.7099214053893756}"
llama,Llama-3.1-8B-Instruct,Q0448,GAS,United States,-0.00883229819181677,-0.025343983866577588,-0.01651168567476082,"{""Bad"": 0.9819781799586896, ""Good"": 0.018021820041310414}","{""Bad"": 0.9909841011979514, ""Good"": 0.009015898802048523}","{""Bad"": 0.999842786354162, ""Good"": 0.00015721364583794184}"
llama,Llama-3.1-8B-Instruct,Q0514,GAS,Australia,0.0391336345023868,-0.09862573180091577,-0.13775936630330257,"{""Somewhat favorable"": 0.3493829515139281, ""Somewhat unfavorable"": 0.058455722397804534, ""Very favorable"": 0.5804234614627878, ""Very unfavorable"": 0.011737864625479653}","{""Somewhat favorable"": 0.46870701672334386, ""Somewhat unfavorable"": 0.10648440103917242, ""Very favorable"": 0.40865604685403034, ""Very unfavorable"": 0.016152535383453463}","{""Somewhat favorable"": 0.2565141128915601, ""Somewhat unfavorable"": 0.00023314269571185654, ""Very favorable"": 0.7431774942533252, ""Very unfavorable"": 7.525015940284535e-05}"
llama,Llama-3.1-8B-Instruct,Q0514,GAS,China,0.23513061941871544,0.5574086079047968,0.3222779884860814,"{""Somewhat favorable"": 0.5361545867727665, ""Somewhat unfavorable"": 0.08571464593076411, ""Very favorable"": 0.34740232541228305, ""Very unfavorable"": 0.03072844188418632}","{""Somewhat favorable"": 0.49769379223154164, ""Somewhat unfavorable"": 0.2620022084165261, ""Very favorable"": 0.14321856854489168, ""Very unfavorable"": 0.09708543080704056}","{""Somewhat favorable"": 0.024448733319604878, ""Somewhat unfavorable"": 0.31298705838367263, ""Very favorable"": 0.010302881278936511, ""Very unfavorable"": 0.6522613270177859}"
llama,Llama-3.1-8B-Instruct,Q0514,GAS,Thailand,-0.01867432541082953,-0.14791258690542008,-0.12923826149459056,"{""Somewhat favorable"": 0.8017382460947523, ""Somewhat unfavorable"": 0.11066947230000627, ""Very favorable"": 0.06081619336362389, ""Very unfavorable"": 0.02677608824161754}","{""Somewhat favorable"": 0.7709768698989931, ""Somewhat unfavorable"": 0.1471336880171458, ""Very favorable"": 0.047480457664597485, ""Very unfavorable"": 0.03440898441926364}","{""Somewhat favorable"": 0.9985173133861566, ""Somewhat unfavorable"": 0.0007970844186653872, ""Very favorable"": 0.0005344353868058186, ""Very unfavorable"": 0.0001511668083722781}"
llama,Llama-3.1-8B-Instruct,Q0514,GAS,Vietnam,-0.04843646397720794,0.14941256525539454,0.19784902923260247,"{""Somewhat favorable"": 0.7807230522494505, ""Somewhat unfavorable"": 0.11987468500779919, ""Very favorable"": 0.03641405493994561, ""Very unfavorable"": 0.06298820780280473}","{""Somewhat favorable"": 0.5908441023095087, ""Somewhat unfavorable"": 0.2889590593514723, ""Very favorable"": 0.02384862778795653, ""Very unfavorable"": 0.09634821055106244}","{""Somewhat favorable"": 0.20461496260312545, ""Somewhat unfavorable"": 0.0034330110083729826, ""Very favorable"": 0.7911366272439275, ""Very unfavorable"": 0.0008153991445740013}"
llama,Llama-3.1-8B-Instruct,Q0558,GAS,Greece,-0.04787988687592594,-0.01731145622267677,0.03056843065324917,"{""No, does not respect personal freedoms"": 0.946227924584364, ""Yes, respects personal freedoms"": 0.05377207541563602}","{""No, does not respect personal freedoms"": 0.7683912054529933, ""Yes, respects personal freedoms"": 0.23160879454700667}","{""No, does not respect personal freedoms"": 0.8513566368401249, ""Yes, respects personal freedoms"": 0.14864336315987514}"
llama,Llama-3.1-8B-Instruct,Q0558,GAS,Italy,-0.10840562399829337,-0.11279060418938737,-0.004384980191093998,"{""No, does not respect personal freedoms"": 0.946227924584364, ""Yes, respects personal freedoms"": 0.05377207541563602}","{""No, does not respect personal freedoms"": 0.6117313137032498, ""Yes, respects personal freedoms"": 0.38826868629675027}","{""No, does not respect personal freedoms"": 0.603708713536027, ""Yes, respects personal freedoms"": 0.396291286463973}"
llama,Llama-3.1-8B-Instruct,Q0558,GAS,Pakistan,0.18043756894977936,0.5671349784469412,0.3866974094971618,"{""No, does not respect personal freedoms"": 0.946227924584364, ""Yes, respects personal freedoms"": 0.05377207541563602}","{""No, does not respect personal freedoms"": 0.82981736066422, ""Yes, respects personal freedoms"": 0.17018263933578007}","{""No, does not respect personal freedoms"": 1.010002950830197e-05, ""Yes, respects personal freedoms"": 0.9999898999704917}"
llama,Llama-3.1-8B-Instruct,Q0558,GAS,Spain,-0.10508555192905067,-0.12443996830217272,-0.019354416373122046,"{""No, does not respect personal freedoms"": 0.946227924584364, ""Yes, respects personal freedoms"": 0.05377207541563602}","{""No, does not respect personal freedoms"": 0.6319026967659747, ""Yes, respects personal freedoms"": 0.3680973032340254}","{""No, does not respect personal freedoms"": 0.5969908279497826, ""Yes, respects personal freedoms"": 0.40300917205021736}"
llama,Llama-3.1-8B-Instruct,Q0574,GAS,Israel,0.025096463057925376,0.016117639483407796,-0.00897882357451758,"{""Favor"": 0.12580671676813845, ""Oppose"": 0.8741932832318615}","{""Favor"": 0.05967315883877291, ""Oppose"": 0.9403268411612271}","{""Favor"": 0.08604647610871992, ""Oppose"": 0.91395352389128}"
llama,Llama-3.1-8B-Instruct,Q0574,GAS,Pakistan,0.01434144508499724,0.5727760991574933,0.558434654072496,"{""Favor"": 0.00294809203909134, ""Oppose"": 0.9970519079609087}","{""Favor"": 0.006941431437587027, ""Oppose"": 0.993058568562413}","{""Favor"": 0.9719657261627102, ""Oppose"": 0.028034273837289833}"
llama,Llama-3.1-8B-Instruct,Q0595,GAS,El Salvador,0.032965459612926684,0.015389585321363454,-0.01757587429156323,"{""More of a partner"": 0.6343521130892363, ""More of an enemy"": 0.018109947567791697, ""Neither"": 0.34753793934297195}","{""More of a partner"": 0.7009793488996005, ""More of an enemy"": 0.05665451491609367, ""Neither"": 0.2423661361843059}","{""More of a partner"": 0.9999916505328466, ""More of an enemy"": 5.1338345491759835e-06, ""Neither"": 3.2156326042684767e-06}"
llama,Llama-3.1-8B-Instruct,Q0595,GAS,Israel,0.07617630792427377,0.049129379203776975,-0.027046928720496792,"{""More of a partner"": 0.6343521130892363, ""More of an enemy"": 0.018109947567791697, ""Neither"": 0.34753793934297195}","{""More of a partner"": 0.822747789906224, ""More of an enemy"": 0.023157928404887385, ""Neither"": 0.1540942816888887}","{""More of a partner"": 0.9999875045901092, ""More of an enemy"": 7.1396081814046185e-06, ""Neither"": 5.355801709428991e-06}"
llama,Llama-3.1-8B-Instruct,Q0595,GAS,Palest. ter.,0.365544514123587,0.49847366285296535,0.13292914872937833,"{""More of a partner"": 0.48999426541359414, ""More of an enemy"": 0.005862276745181813, ""Neither"": 0.504143457841224}","{""More of a partner"": 0.3611866046191188, ""More of an enemy"": 0.26160191353742246, ""Neither"": 0.3772114818434588}","{""More of a partner"": 3.937012127785466e-06, ""More of an enemy"": 0.9999913379605634, ""Neither"": 4.7250273088957035e-06}"
llama,Llama-3.1-8B-Instruct,Q0595,GAS,Senegal,0.029509601252463047,0.7147143437784128,0.6852047425259498,"{""More of a partner"": 0.017833243057393918, ""More of an enemy"": 0.0030555728559688235, ""Neither"": 0.9791111840866372}","{""More of a partner"": 0.026591900679200448, ""More of an enemy"": 0.01307845448944404, ""Neither"": 0.9603296448313555}","{""More of a partner"": 0.9998280094397027, ""More of an enemy"": 1.3324237810217065e-05, ""Neither"": 0.00015866632248708352}"
llama,Llama-3.1-8B-Instruct,Q0630,GAS,Australia,0.015040409437818378,-0.004145695282138356,-0.019186104719956736,"{""No, does not respect personal freedoms"": 0.9981395101688851, ""Yes, respects personal freedoms"": 0.001860489831114896}","{""No, does not respect personal freedoms"": 0.9849294385784455, ""Yes, respects personal freedoms"": 0.015070561421554505}","{""No, does not respect personal freedoms"": 0.9997571256417387, ""Yes, respects personal freedoms"": 0.0002428743582614112}"
llama,Llama-3.1-8B-Instruct,Q0630,GAS,Pakistan,0.4337748970301184,0.6493664234350851,0.2155915264049667,"{""No, does not respect personal freedoms"": 0.9909977071098832, ""Yes, respects personal freedoms"": 0.009002292890116859}","{""No, does not respect personal freedoms"": 0.6872558275691366, ""Yes, respects personal freedoms"": 0.31274417243086333}","{""No, does not respect personal freedoms"": 2.4299313802865514e-05, ""Yes, respects personal freedoms"": 0.9999757006861971}"
llama,Llama-3.1-8B-Instruct,Q0630,GAS,Poland,-0.09957816211449147,0.007379721685479103,0.10695788379997057,"{""No, does not respect personal freedoms"": 0.9909977071098832, ""Yes, respects personal freedoms"": 0.009002292890116859}","{""No, does not respect personal freedoms"": 0.6192311579159885, ""Yes, respects personal freedoms"": 0.38076884208401146}","{""No, does not respect personal freedoms"": 0.873431744492966, ""Yes, respects personal freedoms"": 0.126568255507034}"
llama,Llama-3.1-8B-Instruct,Q0630,GAS,Sweden,-0.10866751992220088,-0.0009242263127081539,0.10774329360949272,"{""No, does not respect personal freedoms"": 0.9909977071098832, ""Yes, respects personal freedoms"": 0.009002292890116859}","{""No, does not respect personal freedoms"": 0.6897261989977107, ""Yes, respects personal freedoms"": 0.31027380100228924}","{""No, does not respect personal freedoms"": 0.9320207532675276, ""Yes, respects personal freedoms"": 0.06797924673247238}"
llama,Llama-3.1-8B-Instruct,Q0703,GAS,Senegal,-0.0518594672340964,0.2794205216331143,0.3312799888672107,"{""Somewhat favorable"": 0.7750096836622694, ""Somewhat unfavorable"": 0.11635465753655128, ""Very favorable"": 0.04192360378821222, ""Very unfavorable"": 0.06671205501296716}","{""Somewhat favorable"": 0.549020839438509, ""Somewhat unfavorable"": 0.27854987384574376, ""Very favorable"": 0.031358594913981984, ""Very unfavorable"": 0.14107069180176526}","{""Somewhat favorable"": 0.13754507057716878, ""Somewhat unfavorable"": 0.0021294600682314575, ""Very favorable"": 0.859739546609573, ""Very unfavorable"": 0.0005859227450268045}"
llama,Llama-3.1-8B-Instruct,Q0703,GAS,Turkey,0.07367606209482169,0.5887141451072885,0.5150380830124668,"{""Somewhat favorable"": 0.8305124981001776, ""Somewhat unfavorable"": 0.043408761320504224, ""Very favorable"": 0.1164316181498451, ""Very unfavorable"": 0.009647122429473156}","{""Somewhat favorable"": 0.687665514285775, ""Somewhat unfavorable"": 0.11170809993593428, ""Very favorable"": 0.18926155962866886, ""Very unfavorable"": 0.011364826149621825}","{""Somewhat favorable"": 0.008131938360304253, ""Somewhat unfavorable"": 0.1980972650356707, ""Very favorable"": 0.05671480356725246, ""Very unfavorable"": 0.7370559930367726}"
llama,Llama-3.1-8B-Instruct,Q0703,GAS,Ukraine,0.005795594667119777,-0.026163533473421527,-0.031959128140541304,"{""Somewhat favorable"": 0.645948620278473, ""Somewhat unfavorable"": 0.011051125210939363, ""Very favorable"": 0.3352249651175857, ""Very unfavorable"": 0.00777528939300194}","{""Somewhat favorable"": 0.6165279571024079, ""Somewhat unfavorable"": 0.03180283887856135, ""Very favorable"": 0.32600784123854587, ""Very unfavorable"": 0.02566136278048496}","{""Somewhat favorable"": 0.8653201956502392, ""Somewhat unfavorable"": 0.0009608618035668343, ""Very favorable"": 0.1336888892155263, ""Very unfavorable"": 3.0053330667733658e-05}"
llama,Llama-3.1-8B-Instruct,Q0710,GAS,Kenya,-0.01588395273028481,-0.023485134216904312,-0.0076011814866195,"{""About the same"": 0.014782543036288403, ""Losing ground"": 0.003009770132953932, ""Making progress"": 0.9822076868307578}","{""About the same"": 0.001977258487092703, ""Losing ground"": 0.0008571467753661821, ""Making progress"": 0.9971655947375411}","{""About the same"": 7.663750508581839e-07, ""Losing ground"": 1.609695892433389e-05, ""Making progress"": 0.9999831366660249}"
llama,Llama-3.1-8B-Instruct,Q0710,GAS,Mali,0.00018007583856088916,-0.029845251424681515,-0.030025327263242405,"{""About the same"": 0.014782543036288403, ""Losing ground"": 0.003009770132953932, ""Making progress"": 0.9822076868307578}","{""About the same"": 0.011564657135430196, ""Losing ground"": 0.0053358767258641915, ""Making progress"": 0.9830994661387057}","{""About the same"": 1.3177838407995177e-06, ""Losing ground"": 2.0392968420856694e-05, ""Making progress"": 0.9999782892477384}"
llama,Llama-3.1-8B-Instruct,Q0710,GAS,Ukraine,0.21202790253396397,0.5829314171868966,0.3709035146529326,"{""About the same"": 0.007963736981171443, ""Losing ground"": 0.007272936012463491, ""Making progress"": 0.984763327006365}","{""About the same"": 0.035287942020714065, ""Losing ground"": 0.08573993030124855, ""Making progress"": 0.8789721276780375}","{""About the same"": 7.119432758491748e-06, ""Losing ground"": 0.9998985248536006, ""Making progress"": 9.435571364089012e-05}"
llama,Llama-3.1-8B-Instruct,Q0739,GAS,Jordan,-0.0643049744109685,0.3488127720927576,0.41311774650372607,"{""Favor"": 0.18349244033683954, ""Oppose"": 0.8165075596631605}","{""Favor"": 0.13250973083425188, ""Oppose"": 0.8674902691657481}","{""Favor"": 0.98473819790159, ""Oppose"": 0.015261802098410012}"
llama,Llama-3.1-8B-Instruct,Q0739,GAS,Turkey,-0.052868505995473186,0.07652799288908069,0.12939649888455387,"{""Favor"": 0.3103456452887768, ""Oppose"": 0.6896543547112233}","{""Favor"": 0.4054147120799354, ""Oppose"": 0.5945852879200646}","{""Favor"": 0.009738191774731007, ""Oppose"": 0.990261808225269}"
llama,Llama-3.1-8B-Instruct,Q0747,GAS,El Salvador,0.06085206287333078,0.03655622390376112,-0.02429583896956966,"{""Not important at all"": 0.06602361071643152, ""Not too important"": 0.013075100110380829, ""Somewhat important"": 0.6516501800796369, ""Very important"": 0.2692511090935508}","{""Not important at all"": 0.1136947460184471, ""Not too important"": 0.020708511066891866, ""Somewhat important"": 0.5158114996151592, ""Very important"": 0.3497852432995019}","{""Not important at all"": 0.0010268422917038547, ""Not too important"": 0.001146049854851922, ""Somewhat important"": 0.010481105311098346, ""Very important"": 0.9873460025423458}"
llama,Llama-3.1-8B-Instruct,Q0747,GAS,Jordan,0.08145626774863768,0.5404337933648857,0.45897752561624805,"{""Not important at all"": 0.0008480339637413693, ""Not too important"": 0.023450154720747213, ""Somewhat important"": 0.039895839738986055, ""Very important"": 0.9358059715765253}","{""Not important at all"": 0.0020488293259491057, ""Not too important"": 0.0641975466577582, ""Somewhat important"": 0.06104870737794527, ""Very important"": 0.8727049166383475}","{""Not important at all"": 0.022910327967442863, ""Not too important"": 0.9060506525270848, ""Somewhat important"": 0.041576261002765395, ""Very important"": 0.02946275850270688}"
llama,Llama-3.1-8B-Instruct,Q0747,GAS,Morocco,0.014609273800258865,-0.15436965832878863,-0.1689789321290475,"{""Not important at all"": 0.0061719068934903394, ""Not too important"": 0.006595699948722318, ""Somewhat important"": 0.20955665159969905, ""Very important"": 0.7776757415580883}","{""Not important at all"": 0.014113683451201068, ""Not too important"": 0.025896132594119936, ""Somewhat important"": 0.23227549066998754, ""Very important"": 0.7277146932846915}","{""Not important at all"": 8.495212695830106e-06, ""Not too important"": 1.2182276473889136e-05, ""Somewhat important"": 6.0876075947955307e-05, ""Very important"": 0.9999184464348824}"
llama,Llama-3.1-8B-Instruct,Q0747,GAS,Venezuela,0.04594505095093844,-0.13266678998791076,-0.1786118409388492,"{""Not important at all"": 0.016612117517363495, ""Not too important"": 0.031551689925668425, ""Somewhat important"": 0.07974462774499752, ""Very important"": 0.8720915648119706}","{""Not important at all"": 0.11999496175099136, ""Not too important"": 0.07496099292699612, ""Somewhat important"": 0.12812071482630197, ""Very important"": 0.6769233304957106}","{""Not important at all"": 9.199612328139489e-05, ""Not too important"": 0.00021767311266977064, ""Somewhat important"": 0.016484963261954567, ""Very important"": 0.9832053675020943}"
llama,Llama-3.1-8B-Instruct,Q0758,GAS,Egypt,0.028274996952199205,0.2446070406536479,0.2163320437014487,"{""No, not sympathetic"": 0.4612049384725059, ""Yes, sympathetic"": 0.5387950615274941}","{""No, not sympathetic"": 0.4219025453044176, ""Yes, sympathetic"": 0.5780974546955825}","{""No, not sympathetic"": 0.000152828512278587, ""Yes, sympathetic"": 0.9998471714877215}"
llama,Llama-3.1-8B-Instruct,Q0758,GAS,Jordan,-0.046269557095511615,0.37670718217450055,0.42297673927001217,"{""No, not sympathetic"": 0.6188560185643978, ""Yes, sympathetic"": 0.38114398143560224}","{""No, not sympathetic"": 0.6676807089644606, ""Yes, sympathetic"": 0.33231929103553937}","{""No, not sympathetic"": 0.002585656471957344, ""Yes, sympathetic"": 0.9974143435280427}"
llama,Llama-3.1-8B-Instruct,Q0758,GAS,Spain,0.03148527006715342,0.0030232257478655378,-0.02846204431928788,"{""No, not sympathetic"": 0.6188560185643978, ""Yes, sympathetic"": 0.38114398143560224}","{""No, not sympathetic"": 0.7449228107992649, ""Yes, sympathetic"": 0.2550771892007352}","{""No, not sympathetic"": 0.9565784618344872, ""Yes, sympathetic"": 0.04342153816551277}"
llama,Llama-3.1-8B-Instruct,Q0817,GAS,El Salvador,-0.09690554502167177,-0.012408855356406474,0.0844966896652653,"{""No"": 0.8494394404648672, ""Yes"": 0.1505605595351329}","{""No"": 0.6271443053319181, ""Yes"": 0.372855694668082}","{""No"": 0.9992087308943589, ""Yes"": 0.0007912691056410942}"
llama,Llama-3.1-8B-Instruct,Q0817,GAS,Jordan,-0.23226938046582446,0.16957404378833044,0.40184342425415487,"{""No"": 0.42567657215426097, ""Yes"": 0.5743234278457391}","{""No"": 0.19224862371718776, ""Yes"": 0.8077513762828122}","{""No"": 0.6792576583739222, ""Yes"": 0.3207423416260779}"
llama,Llama-3.1-8B-Instruct,Q0817,GAS,Thailand,0.40606057564830916,0.36603697502693505,-0.04002360062137411,"{""No"": 0.8494394404648672, ""Yes"": 0.1505605595351329}","{""No"": 0.21544551249657296, ""Yes"": 0.784554487503427}","{""No"": 0.008335794127820087, ""Yes"": 0.99166420587218}"
llama,Llama-3.1-8B-Instruct,Q0817,GAS,Vietnam,0.4591606778149979,0.43793494040087033,-0.021225737414127588,"{""No"": 0.8494394404648672, ""Yes"": 0.1505605595351329}","{""No"": 0.15972719921151238, ""Yes"": 0.8402728007884877}","{""No"": 0.01151166458146653, ""Yes"": 0.9884883354185334}"
llama,Llama-3.1-8B-Instruct,Q0830,GAS,Jordan,-0.02291562717078712,-0.0005980274044509407,0.022317599766336182,"{""Didn't try hard enough"": 0.9265853887133333, ""Tried very hard"": 0.07341461128666679}","{""Didn't try hard enough"": 0.8601710561182732, ""Tried very hard"": 0.13982894388172692}","{""Didn't try hard enough"": 0.9952501409065542, ""Tried very hard"": 0.004749859093445913}"
llama,Llama-3.1-8B-Instruct,Q0830,GAS,Palest. ter.,-0.006655219895633925,0.019195277928704315,0.02585049782433824,"{""Didn't try hard enough"": 0.9265853887133333, ""Tried very hard"": 0.07341461128666679}","{""Didn't try hard enough"": 0.911448550640341, ""Tried very hard"": 0.08855144935965896}","{""Didn't try hard enough"": 0.9818746682608606, ""Tried very hard"": 0.018125331739139414}"
llama,Llama-3.1-8B-Instruct,Q0830,GAS,United States,0.19965547651122326,0.25093305672968647,0.05127758021846321,"{""Didn't try hard enough"": 0.7909948587614839, ""Tried very hard"": 0.20900514123851613}","{""Didn't try hard enough"": 0.5361914774652468, ""Tried very hard"": 0.4638085225347533}","{""Didn't try hard enough"": 5.292739098317527e-05, ""Tried very hard"": 0.9999470726090168}"
llama,Llama-3.1-8B-Instruct,Q0868,GAS,France,0.2584822239970872,0.16173087012143833,-0.09675135387564887,"{""Britain"": 0.3034714140776394, ""China"": 0.011451853212361517, ""France"": 0.10480412623761591, ""Germany"": 0.04825936899699913, ""Japan"": 0.01632097539824988, ""None of these (VOL)"": 0.2175034595016657, ""Russia"": 0.009796111222078492, ""United States"": 0.28839269135339}","{""Britain"": 0.025071622674736897, ""China"": 0.002447938479989994, ""France"": 0.886220731084608, ""Germany"": 0.03935565105834964, ""Japan"": 0.002711373477579949, ""None of these (VOL)"": 0.02751101217594201, ""Russia"": 0.00428947797589234, ""United States"": 0.012392193072901259}","{""Britain"": 0.0009068690899015827, ""China"": 5.376514585703214e-05, ""France"": 0.9881967523251395, ""Germany"": 0.009989540888790895, ""Japan"": 1.8841473923362873e-05, ""None of these (VOL)"": 0.0002529708449990871, ""Russia"": 3.662403581591114e-05, ""United States"": 0.0005446361955726437}"
llama,Llama-3.1-8B-Instruct,Q0868,GAS,Pakistan,-0.015729344792718813,0.3041290448900159,0.3198583896827347,"{""Britain"": 0.2338451098318563, ""China"": 0.006945405057207399, ""France"": 0.03104248047182181, ""Germany"": 0.012695999357263869, ""Japan"": 0.004677211903491665, ""None of these (VOL)"": 0.08020981798370075, ""Russia"": 0.013198427089151935, ""United States"": 0.6173855483055063}","{""Britain"": 0.13644369191713782, ""China"": 0.010127143224305794, ""France"": 0.08296732722649583, ""Germany"": 0.01506351879275444, ""Japan"": 0.004946158524226174, ""None of these (VOL)"": 0.054736795503934885, ""Russia"": 0.021775409413555474, ""United States"": 0.6739399553975896}","{""Britain"": 0.00045699256786329906, ""China"": 0.7463914293146071, ""France"": 3.820309906200581e-05, ""Germany"": 7.700593685905989e-05, ""Japan"": 2.2757745442385075e-05, ""None of these (VOL)"": 0.003178025429216134, ""Russia"": 0.00013029877617826418, ""United States"": 0.24970528713077184}"
llama,Llama-3.1-8B-Instruct,Q0868,GAS,United States,0.39240021496177174,0.33077976291017,-0.061620452051601715,"{""Britain"": 0.5438577450100649, ""China"": 0.00500561457189278, ""France"": 0.10032858699137319, ""Germany"": 0.008336745890766894, ""Japan"": 0.004255005501483861, ""None of these (VOL)"": 0.2474235146070579, ""Russia"": 0.009740176142561644, ""United States"": 0.0810526112847989}","{""Britain"": 0.0079321613605153, ""China"": 0.0005758590001068765, ""France"": 0.008087776166775548, ""Germany"": 0.0021593694104469793, ""Japan"": 0.0005145982454865652, ""None of these (VOL)"": 0.021024400706994517, ""Russia"": 0.0017239159536182505, ""United States"": 0.957981919156056}","{""Britain"": 1.9287974065793292e-05, ""China"": 7.694376134062931e-08, ""France"": 3.4772314070196563e-06, ""Germany"": 7.864736059563599e-06, ""Japan"": 1.3344203720096448e-07, ""None of these (VOL)"": 1.498110916742326e-06, ""Russia"": 3.1517215332964928e-06, ""United States"": 0.999964509840219}"
llama,Llama-3.1-8B-Instruct,Q0914,GAS,Netherlands,0.003498660370561582,0.0028018063202671223,-0.0006968540502944598,"{""No, does not respect personal freedoms"": 0.9989489905853745, ""Yes, respects personal freedoms"": 0.0010510094146255196}","{""No, does not respect personal freedoms"": 0.9975556390337977, ""Yes, respects personal freedoms"": 0.0024443609662023105}","{""No, does not respect personal freedoms"": 0.997858734332963, ""Yes, respects personal freedoms"": 0.0021412656670370765}"
llama,Llama-3.1-8B-Instruct,Q0914,GAS,Poland,0.030374888386594395,0.013332033351798958,-0.017042855034795436,"{""No, does not respect personal freedoms"": 0.9970230857351603, ""Yes, respects personal freedoms"": 0.0029769142648397523}","{""No, does not respect personal freedoms"": 0.8448305363643099, ""Yes, respects personal freedoms"": 0.1551694636356901}","{""No, does not respect personal freedoms"": 0.7795949622652439, ""Yes, respects personal freedoms"": 0.22040503773475612}"
llama,Llama-3.1-8B-Instruct,Q0914,GAS,Sweden,-0.0004498791329514834,-0.0010930221278965015,-0.0006431429949450181,"{""No, does not respect personal freedoms"": 0.9989489905853745, ""Yes, respects personal freedoms"": 0.0010510094146255196}","{""No, does not respect personal freedoms"": 0.9991262777600174, ""Yes, respects personal freedoms"": 0.0008737222399825598}","{""No, does not respect personal freedoms"": 0.9993634133370122, ""Yes, respects personal freedoms"": 0.000636586662987921}"
llama,Llama-3.1-8B-Instruct,Q0914,GAS,Vietnam,0.043491641572436124,0.8440442924593148,0.8005526508868787,"{""No, does not respect personal freedoms"": 0.9989489905853745, ""Yes, respects personal freedoms"": 0.0010510094146255196}","{""No, does not respect personal freedoms"": 0.9869799510813738, ""Yes, respects personal freedoms"": 0.013020048918626185}","{""No, does not respect personal freedoms"": 0.002904871260650596, ""Yes, respects personal freedoms"": 0.9970951287393494}"
llama,Llama-3.1-8B-Instruct,Q0956,GAS,Israel,0.05339370913159684,0.08529016553413417,0.031896456402537327,"{""A lot of confidence"": 0.06397338283705584, ""No confidence at all"": 0.36321381597786995, ""Not too much confidence"": 0.14916788320599178, ""Some confidence"": 0.42364491797908244}","{""A lot of confidence"": 0.10481908233789836, ""No confidence at all"": 0.5273211320810786, ""Not too much confidence"": 0.1178031682575557, ""Some confidence"": 0.25005661732346746}","{""A lot of confidence"": 0.044788463899452825, ""No confidence at all"": 0.839883477583164, ""Not too much confidence"": 0.08932224775162997, ""Some confidence"": 0.026005810765753274}"
llama,Llama-3.1-8B-Instruct,Q0956,GAS,Kuwait,0.2676983998965987,0.25568068818205136,-0.012017711714547352,"{""A lot of confidence"": 0.04133792382377811, ""No confidence at all"": 0.7124990264419221, ""Not too much confidence"": 0.08317807755932345, ""Some confidence"": 0.1629849721749764}","{""A lot of confidence"": 0.22701048807373536, ""No confidence at all"": 0.40465907619695973, ""Not too much confidence"": 0.1364943812572692, ""Some confidence"": 0.23183605447203576}","{""A lot of confidence"": 0.9887190110787716, ""No confidence at all"": 0.0027454345883163077, ""Not too much confidence"": 0.0017774271386566476, ""Some confidence"": 0.00675812719425548}"
llama,Llama-3.1-8B-Instruct,Q0956,GAS,Pakistan,0.029183614133569624,0.23678310257277735,0.20759948843920772,"{""A lot of confidence"": 0.06397338283705584, ""No confidence at all"": 0.36321381597786995, ""Not too much confidence"": 0.14916788320599178, ""Some confidence"": 0.42364491797908244}","{""A lot of confidence"": 0.12036214209289327, ""No confidence at all"": 0.4464079062775797, ""Not too much confidence"": 0.14665732425445271, ""Some confidence"": 0.2865726273750744}","{""A lot of confidence"": 0.9415635139691043, ""No confidence at all"": 0.00501483265555314, ""Not too much confidence"": 0.004793206985363178, ""Some confidence"": 0.048628446389979395}"
llama,Llama-3.1-8B-Instruct,Q0990,GAS,Canada,-0.21532435812365971,0.1156206700920859,0.3309450282157456,"{""I dislike American music, movies and television"": 0.4855396552418954, ""I like American music, movies and television"": 0.5144603447581046}","{""I dislike American music, movies and television"": 0.7527176109454745, ""I like American music, movies and television"": 0.2472823890545255}","{""I dislike American music, movies and television"": 0.001122426230673439, ""I like American music, movies and television"": 0.9988775737693265}"
llama,Llama-3.1-8B-Instruct,Q0990,GAS,Pakistan,0.3029307200620008,0.22621218430923667,-0.0767185357527641,"{""I dislike American music, movies and television"": 0.2786262070470566, ""I like American music, movies and television"": 0.7213737929529433}","{""I dislike American music, movies and television"": 0.7817474585872224, ""I like American music, movies and television"": 0.21825254141277756}","{""I dislike American music, movies and television"": 0.5965442435302462, ""I like American music, movies and television"": 0.40345575646975385}"
llama,Llama-3.1-8B-Instruct,Q1024,GAS,Indonesia,0.5893642219975002,0.48792038577584207,-0.10144383622165809,"{""Homosexuality should be accepted by society"": 0.9770391523635298, ""Homosexuality should not be accepted by society"": 0.022960847636470227}","{""Homosexuality should be accepted by society"": 0.40131151501801865, ""Homosexuality should not be accepted by society"": 0.5986884849819814}","{""Homosexuality should be accepted by society"": 0.5717054220732908, ""Homosexuality should not be accepted by society"": 0.42829457792670916}"
llama,Llama-3.1-8B-Instruct,Q1024,GAS,Netherlands,-0.022925619865591752,-0.026737814904765247,-0.003812195039173495,"{""Homosexuality should be accepted by society"": 0.9770391523635298, ""Homosexuality should not be accepted by society"": 0.022960847636470227}","{""Homosexuality should be accepted by society"": 0.99811155097977, ""Homosexuality should not be accepted by society"": 0.0018884490202299962}","{""Homosexuality should be accepted by society"": 0.999554685245416, ""Homosexuality should not be accepted by society"": 0.0004453147545840571}"
llama,Llama-3.1-8B-Instruct,Q1024,GAS,Nigeria,0.7301303414663335,0.6978788457843842,-0.032251495681949294,"{""Homosexuality should be accepted by society"": 0.9770391523635298, ""Homosexuality should not be accepted by society"": 0.022960847636470227}","{""Homosexuality should be accepted by society"": 0.039025325097231674, ""Homosexuality should not be accepted by society"": 0.9609746749027683}","{""Homosexuality should be accepted by society"": 0.22713299997271982, ""Homosexuality should not be accepted by society"": 0.7728670000272801}"
llama,Llama-3.1-8B-Instruct,Q1024,GAS,Sweden,-0.002818641315910333,-0.003621106437248396,-0.0008024651213380633,"{""Homosexuality should be accepted by society"": 0.9987277766051759, ""Homosexuality should not be accepted by society"": 0.001272223394824145}","{""Homosexuality should be accepted by society"": 0.999791494388242, ""Homosexuality should not be accepted by society"": 0.00020850561175799295}","{""Homosexuality should be accepted by society"": 0.9999882838467736, ""Homosexuality should not be accepted by society"": 1.1716153226414795e-05}"
llama,Llama-3.1-8B-Instruct,Q1035,GAS,Ghana,0.1784923182775191,0.4376954633423118,0.2592031450647927,"{""Necessary to believe in God to be moral/have good values"": 0.021041579610997174, ""Not necessary to believe in God to be moral/have good values"": 0.9789584203890028}","{""Necessary to believe in God to be moral/have good values"": 0.10700421464697431, ""Not necessary to believe in God to be moral/have good values"": 0.8929957853530257}","{""Necessary to believe in God to be moral/have good values"": 0.3089162015341468, ""Not necessary to believe in God to be moral/have good values"": 0.6910837984658532}"
llama,Llama-3.1-8B-Instruct,Q1035,GAS,Indonesia,0.07565759096898839,0.45898369127977706,0.3833261003107887,"{""Necessary to believe in God to be moral/have good values"": 0.014768663307754892, ""Not necessary to believe in God to be moral/have good values"": 0.985231336692245}","{""Necessary to believe in God to be moral/have good values"": 0.044066270467923524, ""Not necessary to believe in God to be moral/have good values"": 0.9559337295320766}","{""Necessary to believe in God to be moral/have good values"": 0.3119199333417927, ""Not necessary to believe in God to be moral/have good values"": 0.6880800666582073}"
llama,Llama-3.1-8B-Instruct,Q1035,GAS,Pakistan,0.12527876504108293,0.46704609693791643,0.3417673318968335,"{""Necessary to believe in God to be moral/have good values"": 0.014768663307754892, ""Not necessary to believe in God to be moral/have good values"": 0.985231336692245}","{""Necessary to believe in God to be moral/have good values"": 0.06756843840580155, ""Not necessary to believe in God to be moral/have good values"": 0.9324315615941985}","{""Necessary to believe in God to be moral/have good values"": 0.3199221896362184, ""Not necessary to believe in God to be moral/have good values"": 0.6800778103637816}"
llama,Llama-3.1-8B-Instruct,Q1035,GAS,Sweden,-0.017104807224070026,-0.029664866902800915,-0.01256005967873089,"{""Necessary to believe in God to be moral/have good values"": 0.021041579610997174, ""Not necessary to believe in God to be moral/have good values"": 0.9789584203890028}","{""Necessary to believe in God to be moral/have good values"": 0.005985218787064584, ""Not necessary to believe in God to be moral/have good values"": 0.9940147812129354}","{""Necessary to believe in God to be moral/have good values"": 0.00032698708828883744, ""Not necessary to believe in God to be moral/have good values"": 0.9996730129117112}"
llama,Llama-3.1-8B-Instruct,Q1094,GAS,Jordan,0.23918885878272353,0.4005700895445771,0.1613812307618536,"{""I favor the US-led efforts to fight terrorism"": 0.7884298656609061, ""I oppose the US-led efforts to fight terrorism"": 0.21157013433909388}","{""I favor the US-led efforts to fight terrorism"": 0.5058838989067942, ""I oppose the US-led efforts to fight terrorism"": 0.49411610109320586}","{""I favor the US-led efforts to fight terrorism"": 0.11448507277348811, ""I oppose the US-led efforts to fight terrorism"": 0.8855149272265119}"
llama,Llama-3.1-8B-Instruct,Q1094,GAS,Palest. ter.,0.29461893880913714,0.37825579151806665,0.08363685270892951,"{""I favor the US-led efforts to fight terrorism"": 0.7884298656609061, ""I oppose the US-led efforts to fight terrorism"": 0.21157013433909388}","{""I favor the US-led efforts to fight terrorism"": 0.39121331397932335, ""I oppose the US-led efforts to fight terrorism"": 0.6087866860206768}","{""I favor the US-led efforts to fight terrorism"": 0.11274597954274662, ""I oppose the US-led efforts to fight terrorism"": 0.8872540204572533}"
llama,Llama-3.1-8B-Instruct,Q1094,GAS,Uzbekistan,-0.1704980648664019,0.011645542283873656,0.18214360715027555,"{""I favor the US-led efforts to fight terrorism"": 0.771041082009237, ""I oppose the US-led efforts to fight terrorism"": 0.2289589179907629}","{""I favor the US-led efforts to fight terrorism"": 0.46569785016084614, ""I oppose the US-led efforts to fight terrorism"": 0.5343021498391538}","{""I favor the US-led efforts to fight terrorism"": 0.9998877255440907, ""I oppose the US-led efforts to fight terrorism"": 0.00011227445590930754}"
llama,Llama-3.1-8B-Instruct,Q1110,GAS,Sweden,0.01422594006946682,0.04119521165005285,0.026969271580586027,"{""Somewhat bad"": 0.04088766312750933, ""Somewhat good"": 0.01086649898151567, ""Very bad"": 0.9431178676657648, ""Very good"": 0.005127970225210254}","{""Somewhat bad"": 0.3744760595867353, ""Somewhat good"": 0.04754794198113771, ""Very bad"": 0.5632391391709863, ""Very good"": 0.014736859261140663}","{""Somewhat bad"": 0.13895161654594673, ""Somewhat good"": 0.011380440083154806, ""Very bad"": 0.8424390471250733, ""Very good"": 0.0072288962458251374}"
llama,Llama-3.1-8B-Instruct,Q1110,GAS,Vietnam,0.22452037116865875,0.6709844802759579,0.44646410910729917,"{""Somewhat bad"": 0.013926469638652314, ""Somewhat good"": 0.004363558666570148, ""Very bad"": 0.9808284451727243, ""Very good"": 0.0008815265220532902}","{""Somewhat bad"": 0.13265123867351888, ""Somewhat good"": 0.04464906394230716, ""Very bad"": 0.8183281702321826, ""Very good"": 0.004371527151991394}","{""Somewhat bad"": 0.24290877992814328, ""Somewhat good"": 0.5333477022774785, ""Very bad"": 0.20314726819309925, ""Very good"": 0.02059624960127894}"
llama,Llama-3.1-8B-Instruct,Q1139,GAS,Kenya,0.010261851133298888,-0.09452213193301648,-0.10478398306631537,"{""Somewhat bad"": 0.1981606034751925, ""Somewhat good"": 0.6549045584309083, ""Very bad"": 0.011988042308845516, ""Very good"": 0.13494679578505364}","{""Somewhat bad"": 0.2244921757925973, ""Somewhat good"": 0.5901723247383184, ""Very bad"": 0.02566960301121275, ""Very good"": 0.1596658964578716}","{""Somewhat bad"": 0.002114288110793714, ""Somewhat good"": 0.017717107455647724, ""Very bad"": 0.0007725690810024625, ""Very good"": 0.9793960353525561}"
llama,Llama-3.1-8B-Instruct,Q1139,GAS,Palest. ter.,0.3017800280295808,0.26328060968951283,-0.03849941834006798,"{""Somewhat bad"": 0.15328636050936495, ""Somewhat good"": 0.5130996711898039, ""Very bad"": 0.04141691050954071, ""Very good"": 0.2921970577912904}","{""Somewhat bad"": 0.37438430384551186, ""Somewhat good"": 0.18647614042654995, ""Very bad"": 0.30644429989615335, ""Very good"": 0.13269525583178488}","{""Somewhat bad"": 0.14552957054670032, ""Somewhat good"": 0.0214006531959164, ""Very bad"": 0.8258819455499252, ""Very good"": 0.007187830707458098}"
llama,Llama-3.1-8B-Instruct,Q1139,GAS,Uganda,-0.003639764108292698,0.19335920778350285,0.19699897189179555,"{""Somewhat bad"": 0.17100211972408527, ""Somewhat good"": 0.8147807101409884, ""Very bad"": 0.007624089807661196, ""Very good"": 0.006593080327265176}","{""Somewhat bad"": 0.2665749353045652, ""Somewhat good"": 0.7003115383190105, ""Very bad"": 0.02142875432260862, ""Very good"": 0.011684772053815635}","{""Somewhat bad"": 0.0018793767621775477, ""Somewhat good"": 0.8209477653713654, ""Very bad"": 0.00041569912525767387, ""Very good"": 0.1767571587411994}"
llama,Llama-3.1-8B-Instruct,Q1155,GAS,Indonesia,0.07564495898323775,0.831068587742041,0.7554236287588032,"{""It is necessary to believe in God in order to be moral and have good values"": 0.004913111441189807, ""It is not necessary to believe in God in order to be moral and have good values"": 0.9950868885588102}","{""It is necessary to believe in God in order to be moral and have good values"": 0.030369839199514036, ""It is not necessary to believe in God in order to be moral and have good values"": 0.969630160800486}","{""It is necessary to believe in God in order to be moral and have good values"": 0.7866903670542016, ""It is not necessary to believe in God in order to be moral and have good values"": 0.21330963294579847}"
llama,Llama-3.1-8B-Instruct,Q1155,GAS,Kenya,0.01568181035518257,0.7554465994131785,0.7397647890579959,"{""It is necessary to believe in God in order to be moral and have good values"": 0.0017690184575156083, ""It is not necessary to believe in God in order to be moral and have good values"": 0.9982309815424844}","{""It is necessary to believe in God in order to be moral and have good values"": 0.005689088906380607, ""It is not necessary to believe in God in order to be moral and have good values"": 0.9943109110936194}","{""It is necessary to believe in God in order to be moral and have good values"": 0.689956365619873, ""It is not necessary to believe in God in order to be moral and have good values"": 0.310043634380127}"
llama,Llama-3.1-8B-Instruct,Q1155,GAS,Philippines,0.029646150949233063,0.8530225150432162,0.8233763640939832,"{""It is necessary to believe in God in order to be moral and have good values"": 0.004913111441189807, ""It is not necessary to believe in God in order to be moral and have good values"": 0.9950868885588102}","{""It is necessary to believe in God in order to be moral and have good values"": 0.01376457026181965, ""It is not necessary to believe in God in order to be moral and have good values"": 0.9862354297381805}","{""It is necessary to believe in God in order to be moral and have good values"": 0.9333188423860448, ""It is not necessary to believe in God in order to be moral and have good values"": 0.06668115761395527}"
llama,Llama-3.1-8B-Instruct,Q1155,GAS,Sweden,-0.00389015209881359,0.0007020163801580853,0.0045921684789716755,"{""It is necessary to believe in God in order to be moral and have good values"": 0.004913111441189807, ""It is not necessary to believe in God in order to be moral and have good values"": 0.9950868885588102}","{""It is necessary to believe in God in order to be moral and have good values"": 0.0028102172671042565, ""It is not necessary to believe in God in order to be moral and have good values"": 0.9971897827328957}","{""It is necessary to believe in God in order to be moral and have good values"": 0.0053396686576903385, ""It is not necessary to believe in God in order to be moral and have good values"": 0.9946603313423097}"
llama,Llama-3.1-8B-Instruct,Q1223,GAS,Germany,0.008220026962375764,-0.006354227192653078,-0.014574254155028842,"{""No, does not respect personal freedoms"": 0.9963771649121526, ""Yes, respects personal freedoms"": 0.0036228350878474663}","{""No, does not respect personal freedoms"": 0.9811285207323716, ""Yes, respects personal freedoms"": 0.018871479267628437}","{""No, does not respect personal freedoms"": 0.9999322829799028, ""Yes, respects personal freedoms"": 6.771702009720007e-05}"
llama,Llama-3.1-8B-Instruct,Q1223,GAS,Italy,-0.004278764055432551,-0.0037655224680301844,0.0005132415874023665,"{""No, does not respect personal freedoms"": 0.9963771649121526, ""Yes, respects personal freedoms"": 0.0036228350878474663}","{""No, does not respect personal freedoms"": 0.9620587989065519, ""Yes, respects personal freedoms"": 0.03794120109344806}","{""No, does not respect personal freedoms"": 0.9998997501364902, ""Yes, respects personal freedoms"": 0.00010024986350972397}"
llama,Llama-3.1-8B-Instruct,Q1223,GAS,Pakistan,0.15089633828673626,0.507896612260266,0.3570002739735297,"{""No, does not respect personal freedoms"": 0.9692145497521235, ""Yes, respects personal freedoms"": 0.030785450247876565}","{""No, does not respect personal freedoms"": 0.8836272529841881, ""Yes, respects personal freedoms"": 0.1163727470158119}","{""No, does not respect personal freedoms"": 2.433790439903766e-05, ""Yes, respects personal freedoms"": 0.999975662095601}"
llama,Llama-3.1-8B-Instruct,Q1223,GAS,Spain,-0.1772817277161292,-0.06382203090558858,0.11345969681054063,"{""No, does not respect personal freedoms"": 0.9692145497521235, ""Yes, respects personal freedoms"": 0.030785450247876565}","{""No, does not respect personal freedoms"": 0.6076413426546984, ""Yes, respects personal freedoms"": 0.39235865734530156}","{""No, does not respect personal freedoms"": 0.8042474163201955, ""Yes, respects personal freedoms"": 0.19575258367980458}"
llama,Llama-3.1-8B-Instruct,Q1262,WVS,Germany,0.0035802775015884095,-0.05780254950896135,-0.061382827010549756,"{""All of them"": 0.020929926545430317, ""Few of them"": 0.5529122274666036, ""Most of them"": 0.17989779867137062, ""None of them"": 0.24626004731659545}","{""All of them"": 0.021446725729475816, ""Few of them"": 0.5068723966175737, ""Most of them"": 0.14649022546090779, ""None of them"": 0.32519065219204274}","{""All of them"": 0.07661526408241583, ""Few of them"": 0.797679664161929, ""Most of them"": 0.06971882083292148, ""None of them"": 0.05598625092273369}"
llama,Llama-3.1-8B-Instruct,Q1262,WVS,Peru,0.05102419030264596,0.10919550313641689,0.05817131283377093,"{""All of them"": 0.012558574975634148, ""Few of them"": 0.3719207340592245, ""Most of them"": 0.5765895206768896, ""None of them"": 0.038931170288251736}","{""All of them"": 0.029996560920297725, ""Few of them"": 0.2819772449979739, ""Most of them"": 0.6491067117933086, ""None of them"": 0.038919482288419814}","{""All of them"": 0.07441153700120118, ""Few of them"": 0.06434661840728087, ""Most of them"": 0.8440898886231746, ""None of them"": 0.017151955968343402}"
llama,Llama-3.1-8B-Instruct,Q1321,WVS,Greece,0.06431813700510645,-0.08409297742158223,-0.1484111144266887,"{""A great deal"": 0.10661504884148738, ""None at all"": 0.2805981918541903, ""Not very much"": 0.4302015160483224, ""Quite a lot"": 0.18258524325599984}","{""A great deal"": 0.08948025072012646, ""None at all"": 0.45915778775019855, ""Not very much"": 0.3369730286332693, ""Quite a lot"": 0.11438893289640578}","{""A great deal"": 0.0015491890111513913, ""None at all"": 0.9838210677223251, ""Not very much"": 0.011461944650485924, ""Quite a lot"": 0.0031677986160375377}"
llama,Llama-3.1-8B-Instruct,Q1321,WVS,Tunisia,0.10068995178303328,0.17805509818697401,0.07736514640394074,"{""A great deal"": 0.09886224296014094, ""None at all"": 0.04801995470682487, ""Not very much"": 0.3570611599056, ""Quite a lot"": 0.49605664242743414}","{""A great deal"": 0.055767767863031455, ""None at all"": 0.0770390447582993, ""Not very much"": 0.5823917499955839, ""Quite a lot"": 0.2848014373830854}","{""A great deal"": 0.11252119837604244, ""None at all"": 0.15241055710561935, ""Not very much"": 0.5969772738422184, ""Quite a lot"": 0.13809097067611972}"
llama,Llama-3.1-8B-Instruct,Q1321,WVS,Vietnam,-0.2056150323749466,0.3473531096460942,0.5529681420210408,"{""A great deal"": 0.14569180842121654, ""None at all"": 0.24335531765050408, ""Not very much"": 0.48675914372386603, ""Quite a lot"": 0.12419373020441345}","{""A great deal"": 0.04713814377584797, ""None at all"": 0.4137471615150819, ""Not very much"": 0.49164814392699363, ""Quite a lot"": 0.047466550782076594}","{""A great deal"": 0.3892680732776942, ""None at all"": 0.0027765159194092686, ""Not very much"": 0.011367669202023504, ""Quite a lot"": 0.596587741600873}"
llama,Llama-3.1-8B-Instruct,Q1322,WVS,China,0.0776225448019709,0.19585844265204422,0.11823589785007332,"{""Agree"": 0.009011721340735189, ""Disagree"": 0.03964609254363394, ""Strongly agree"": 0.03769932558512627, ""Strongly disagree"": 0.9136428605305046}","{""Agree"": 0.020349950927509367, ""Disagree"": 0.09048309191974022, ""Strongly agree"": 0.07029673908820167, ""Strongly disagree"": 0.8188702180645488}","{""Agree"": 0.022410173920554208, ""Disagree"": 0.284735489385284, ""Strongly agree"": 0.045280331055370396, ""Strongly disagree"": 0.6475740056387915}"
llama,Llama-3.1-8B-Instruct,Q1322,WVS,Maldives,-0.043593469464169754,0.7638271486578193,0.8074206181219891,"{""Agree"": 0.010812353798738869, ""Disagree"": 0.8207841148089846, ""Strongly agree"": 0.03130108734440088, ""Strongly disagree"": 0.13710244404787572}","{""Agree"": 0.01592033651081824, ""Disagree"": 0.9135787512619097, ""Strongly agree"": 0.014682147143803065, ""Strongly disagree"": 0.05581876508346897}","{""Agree"": 1.2794735446629542e-05, ""Disagree"": 1.983641487215457e-06, ""Strongly agree"": 0.999943601095331, ""Strongly disagree"": 4.1620527735179956e-05}"
llama,Llama-3.1-8B-Instruct,Q1322,WVS,South Korea,0.12788755961502357,-0.050323602378431725,-0.1782111619934553,"{""Agree"": 0.03103246310154263, ""Disagree"": 0.15811250927507664, ""Strongly agree"": 0.011213047698778952, ""Strongly disagree"": 0.7996419799246018}","{""Agree"": 0.11151650970302633, ""Disagree"": 0.2709201403797293, ""Strongly agree"": 0.030045706836107737, ""Strongly disagree"": 0.5875176430811367}","{""Agree"": 0.07754699469140178, ""Disagree"": 0.06410015735781238, ""Strongly agree"": 0.013718594531979822, ""Strongly disagree"": 0.844634253418806}"
llama,Llama-3.1-8B-Instruct,Q1322,WVS,Taiwan ROC,0.04261342446053448,0.039875958338470026,-0.0027374661220644567,"{""Agree"": 0.009191290938117654, ""Disagree"": 0.4486091338448132, ""Strongly agree"": 0.025696026912921634, ""Strongly disagree"": 0.5165035483041476}","{""Agree"": 0.016430248597680257, ""Disagree"": 0.657856792859912, ""Strongly agree"": 0.025638304887933526, ""Strongly disagree"": 0.30007465365447417}","{""Agree"": 0.019228564327815972, ""Disagree"": 0.6033175820173445, ""Strongly agree"": 0.06290977396574823, ""Strongly disagree"": 0.3145440796890912}"
llama,Llama-3.1-8B-Instruct,Q1333,WVS,Lebanon,-0.05224784189144718,0.07012870340763787,0.12237654529908505,"{""A great deal"": 0.1561801761403596, ""None at all"": 0.0857567998938268, ""Not very much"": 0.6055630167399727, ""Quite a lot"": 0.15250000722584092}","{""A great deal"": 0.1902507641009993, ""None at all"": 0.06011197490633068, ""Not very much"": 0.4685645915018097, ""Quite a lot"": 0.2810726694908604}","{""A great deal"": 0.0711918818863562, ""None at all"": 0.14363611042286198, ""Not very much"": 0.6130002354045047, ""Quite a lot"": 0.17217177228627722}"
llama,Llama-3.1-8B-Instruct,Q1333,WVS,Peru,-0.01848948808253445,0.09826605769638477,0.11675554577891922,"{""A great deal"": 0.0188801029682777, ""None at all"": 0.18749486667717463, ""Not very much"": 0.4368525553041805, ""Quite a lot"": 0.3567724750503672}","{""A great deal"": 0.016174116204297415, ""None at all"": 0.17740911212581018, ""Not very much"": 0.40213170584516666, ""Quite a lot"": 0.4042850658247258}","{""A great deal"": 0.003164204985755353, ""None at all"": 0.36057077885493277, ""Not very much"": 0.5222392910236046, ""Quite a lot"": 0.11402572513570737}"
llama,Llama-3.1-8B-Instruct,Q1333,WVS,Serbia,0.0817891065979135,0.1092981012395669,0.027508994641653406,"{""A great deal"": 0.10818270267796627, ""None at all"": 0.1401155585903278, ""Not very much"": 0.1839375981279847, ""Quite a lot"": 0.5677641406037213}","{""A great deal"": 0.0981252495305187, ""None at all"": 0.26605021182321575, ""Not very much"": 0.16359863163229643, ""Quite a lot"": 0.4722259070139691}","{""A great deal"": 0.014414943498868875, ""None at all"": 0.8754528029167709, ""Not very much"": 0.0627739853144906, ""Quite a lot"": 0.047358268269869615}"
llama,Llama-3.1-8B-Instruct,Q1333,WVS,Vietnam,-0.10106574965049508,0.10949132634071398,0.21055707599120907,"{""A great deal"": 0.07193629632921743, ""None at all"": 0.2244899709853942, ""Not very much"": 0.2236335348164833, ""Quite a lot"": 0.4799401978689052}","{""A great deal"": 0.05174266885179438, ""None at all"": 0.3713801526987663, ""Not very much"": 0.21331937979973606, ""Quite a lot"": 0.36355779864970333}","{""A great deal"": 0.0835184732042827, ""None at all"": 0.0026529941658641914, ""Not very much"": 0.001568074003312559, ""Quite a lot"": 0.9122604586265406}"
llama,Llama-3.1-8B-Instruct,Q1371,WVS,Argentina,-0.22908455708891973,-0.13777739406928824,0.09130716301963149,"{""No"": 0.2689852995100422, ""Yes"": 0.7310147004899578}","{""No"": 0.09643056394549775, ""Yes"": 0.9035694360545022}","{""No"": 0.15575445012121908, ""Yes"": 0.844245549878781}"
llama,Llama-3.1-8B-Instruct,Q1371,WVS,Vietnam,0.05130861394373637,0.1433916494744636,0.09208303553072722,"{""No"": 0.523879467285168, ""Yes"": 0.47612053271483207}","{""No"": 0.4332263578556695, ""Yes"": 0.5667736421443305}","{""No"": 0.0589266764970655, ""Yes"": 0.9410733235029346}"
llama,Llama-3.1-8B-Instruct,Q1375,WVS,Australia,-0.007927154780427992,0.21442434278453887,0.22235149756496686,"{""Mentioned"": 0.5600393021248791, ""Not mentioned"": 0.43996069787512093}","{""Mentioned"": 0.5700569503161899, ""Not mentioned"": 0.42994304968381014}","{""Mentioned"": 0.2083909197044386, ""Not mentioned"": 0.7916090802955614}"
llama,Llama-3.1-8B-Instruct,Q1375,WVS,Great Britain,0.028625287888399215,0.14490953964843292,0.11628425176003371,"{""Mentioned"": 0.5600393021248791, ""Not mentioned"": 0.43996069787512093}","{""Mentioned"": 0.5223202084141778, ""Not mentioned"": 0.47767979158582213}","{""Mentioned"": 0.342703852129386, ""Not mentioned"": 0.6572961478706141}"
llama,Llama-3.1-8B-Instruct,Q1375,WVS,Uruguay,0.07473509329760625,0.16661976285747984,0.0918846695598736,"{""Mentioned"": 0.5600393021248791, ""Not mentioned"": 0.43996069787512093}","{""Mentioned"": 0.4576171894015651, ""Not mentioned"": 0.5423828105984349}","{""Mentioned"": 0.3062874815489199, ""Not mentioned"": 0.6937125184510802}"
llama,Llama-3.1-8B-Instruct,Q1375,WVS,Vietnam,-0.03288962240940438,0.13084391361594505,0.16373353602534943,"{""Mentioned"": 0.5600393021248791, ""Not mentioned"": 0.43996069787512093}","{""Mentioned"": 0.5099979423773038, ""Not mentioned"": 0.49000205762269633}","{""Mentioned"": 0.8177149644402288, ""Not mentioned"": 0.18228503555977116}"
llama,Llama-3.1-8B-Instruct,Q1392,WVS,Australia,-0.02817894977353004,0.032270041148664094,0.060448990922194135,"{""A great deal"": 0.05700959304676067, ""None at all"": 0.3533918645798264, ""Not very much"": 0.5246065582861019, ""Quite a lot"": 0.06499198408731104}","{""A great deal"": 0.08128741149640722, ""None at all"": 0.30558764178915276, ""Not very much"": 0.5018052577652563, ""Quite a lot"": 0.11131968894918372}","{""A great deal"": 0.02783040404636468, ""None at all"": 0.6021853459445081, ""Not very much"": 0.35269766275802944, ""Quite a lot"": 0.017286587251097753}"
llama,Llama-3.1-8B-Instruct,Q1392,WVS,Vietnam,0.08465691378188483,0.39284793054975703,0.3081910167678722,"{""A great deal"": 0.15807580932757914, ""None at all"": 0.5426877977526748, ""Not very much"": 0.1920709068386612, ""Quite a lot"": 0.10716548608108481}","{""A great deal"": 0.22189508990135592, ""None at all"": 0.45883073430767346, ""Not very much"": 0.18045655784343523, ""Quite a lot"": 0.13881761794753536}","{""A great deal"": 0.5487155412655865, ""None at all"": 0.009792841603466074, ""Not very much"": 0.014596329508868128, ""Quite a lot"": 0.42689528762207923}"
llama,Llama-3.1-8B-Instruct,Q1395,WVS,Iran,0.2614258035486974,0.6377838011005021,0.37635799755180477,"{""Bad"": 0.0023070858295375857, ""Fairly good"": 0.0059387344001072, ""Very bad"": 0.9912660856443318, ""Very good"": 0.00048809412602334893}","{""Bad"": 0.018998623569707825, ""Fairly good"": 0.052624137257471296, ""Very bad"": 0.8509823381700743, ""Very good"": 0.07739490100274657}","{""Bad"": 0.0871244439505108, ""Fairly good"": 0.384629632107956, ""Very bad"": 0.31165371797572566, ""Very good"": 0.21659220596580758}"
llama,Llama-3.1-8B-Instruct,Q1395,WVS,Japan,0.004728553341049289,0.048440576815480335,0.043712023474431046,"{""Bad"": 0.0012499498690472957, ""Fairly good"": 0.008834783095523208, ""Very bad"": 0.983768615911416, ""Very good"": 0.0061466511240136365}","{""Bad"": 0.0032536985969105463, ""Fairly good"": 0.008153581767189513, ""Very bad"": 0.98172084594999, ""Very good"": 0.006871873685910039}","{""Bad"": 0.06902249659782515, ""Fairly good"": 0.006635559381362459, ""Very bad"": 0.9042676234343012, ""Very good"": 0.020074320586511252}"
llama,Llama-3.1-8B-Instruct,Q1395,WVS,New Zealand,-0.012868329378468227,-0.007686961998077758,0.005181367380390468,"{""Bad"": 0.010180063564109974, ""Fairly good"": 0.0063573995073806485, ""Very bad"": 0.9663076386213795, ""Very good"": 0.01715489830712998}","{""Bad"": 0.0029970715031581966, ""Fairly good"": 0.0009925363044483656, ""Very bad"": 0.9912702421129321, ""Very good"": 0.004740150079461291}","{""Bad"": 0.0064183838337731605, ""Fairly good"": 0.00940834796921495, ""Very bad"": 0.9561495049793202, ""Very good"": 0.028023763217691722}"
llama,Llama-3.1-8B-Instruct,Q1430,WVS,Tunisia,0.21074673962259155,0.19602432130755976,-0.014722418315031793,"{""A great deal"": 0.10588350549227991, ""None at all"": 0.08994515913958588, ""Not very much"": 0.07733832500598449, ""Quite a lot"": 0.7268330103621498}","{""A great deal"": 0.09920411591309829, ""None at all"": 0.23253649495805181, ""Not very much"": 0.1600971726870406, ""Quite a lot"": 0.5081622164418094}","{""A great deal"": 0.010394226723599445, ""None at all"": 0.9491882469610488, ""Not very much"": 0.01662821696438384, ""Quite a lot"": 0.023789309350968}"
llama,Llama-3.1-8B-Instruct,Q1430,WVS,Vietnam,-0.05074826212880998,-0.07161327895625161,-0.02086501682744163,"{""A great deal"": 0.055430312120312214, ""None at all"": 0.08901332785391645, ""Not very much"": 0.21711760615982412, ""Quite a lot"": 0.6384387538659473}","{""A great deal"": 0.024321993508228893, ""None at all"": 0.08088927419271781, ""Not very much"": 0.2805480529520082, ""Quite a lot"": 0.6142406793470452}","{""A great deal"": 4.9387668080132814e-05, ""None at all"": 8.52132289920505e-05, ""Not very much"": 0.0005939083807328077, ""Quite a lot"": 0.999271490722195}"
llama,Llama-3.1-8B-Instruct,Q1456,WVS,Ethiopia,0.018294939863912396,0.2734932192117932,0.2551982793478808,"{""2"": 0.01473713699073917, ""3"": 0.026995896923207453, ""4"": 0.0700912451409005, ""5"": 0.023192024292355052, ""6"": 0.11529079380017286, ""7"": 0.04880118105454888, ""8"": 0.2671714799351584, ""9"": 0.09715108233516588, ""Hard work doesn't generally bring success - it's more a matter of luck and connections"": 0.12014601651296165, ""In the long run, hard work usually brings a better life"": 0.21642314301479015}","{""2"": 0.015020082574140054, ""3"": 0.024869057629677435, ""4"": 0.06010262321974097, ""5"": 0.018565235307529845, ""6"": 0.10851300048863616, ""7"": 0.06221947484615719, ""8"": 0.28032656343944534, ""9"": 0.06033854875190707, ""Hard work doesn't generally bring success - it's more a matter of luck and connections"": 0.1254147573025139, ""In the long run, hard work usually brings a better life"": 0.24463065644025214}","{""2"": 0.011745769810942427, ""3"": 0.0007283810420091055, ""4"": 0.00041026839368435685, ""5"": 0.060527264321272096, ""6"": 0.004835362775004731, ""7"": 0.0070597955173338734, ""8"": 0.01359897878815606, ""9"": 0.0009131415527955809, ""Hard work doesn't generally bring success - it's more a matter of luck and connections"": 0.012071812014315399, ""In the long run, hard work usually brings a better life"": 0.8881092257844865}"
llama,Llama-3.1-8B-Instruct,Q1456,WVS,South Korea,-0.06995086691113139,0.0019559693661518884,0.07190683627728328,"{""2"": 0.2836858097780778, ""3"": 0.11254793891071738, ""4"": 0.03662849109616209, ""5"": 0.04986137047105843, ""6"": 0.06539368952207257, ""7"": 0.060005646867683615, ""8"": 0.029886523243218423, ""9"": 0.10075309552661234, ""Hard work doesn't generally bring success - it's more a matter of luck and connections"": 0.09536491723782381, ""In the long run, hard work usually brings a better life"": 0.16587251734657363}","{""2"": 0.356817329188838, ""3"": 0.10817684245116464, ""4"": 0.028209229166653894, ""5"": 0.01258669692403128, ""6"": 0.05734915421492043, ""7"": 0.056349872097064393, ""8"": 0.027603053653851954, ""9"": 0.10866301574942737, ""Hard work doesn't generally bring success - it's more a matter of luck and connections"": 0.05888769142506598, ""In the long run, hard work usually brings a better life"": 0.18535711512898206}","{""2"": 0.006568370119219311, ""3"": 0.01236111438949799, ""4"": 0.01370151839894711, ""5"": 0.005766263680562209, ""6"": 0.10956464727820683, ""7"": 0.7909672407437363, ""8"": 0.03243305460125313, ""9"": 0.004228920084004267, ""Hard work doesn't generally bring success - it's more a matter of luck and connections"": 0.008683604543356852, ""In the long run, hard work usually brings a better life"": 0.015725266161216098}"
llama,Llama-3.1-8B-Instruct,Q1483,WVS,Argentina,-0.15022271988361138,0.1306160716094285,0.2808387914930399,"{""Make sense of life after death"": 0.4516562051749992, ""Make sense of life in this world"": 0.5483437948250007}","{""Make sense of life after death"": 0.6601629674685728, ""Make sense of life in this world"": 0.33983703253142716}","{""Make sense of life after death"": 0.029080900072262852, ""Make sense of life in this world"": 0.9709190999277372}"
llama,Llama-3.1-8B-Instruct,Q1483,WVS,Greece,0.012642708944981762,-0.016642468632775187,-0.02928517757775695,"{""Make sense of life after death"": 0.008693515249106793, ""Make sense of life in this world"": 0.9913064847508932}","{""Make sense of life after death"": 0.022364911428469168, ""Make sense of life in this world"": 0.9776350885715309}","{""Make sense of life after death"": 7.781595332773813e-05, ""Make sense of life in this world"": 0.9999221840466723}"
llama,Llama-3.1-8B-Instruct,Q1483,WVS,Maldives,0.07564142124851181,0.8112739948187497,0.7356325735702379,"{""Make sense of life after death"": 0.008693515249106793, ""Make sense of life in this world"": 0.9913064847508932}","{""Make sense of life after death"": 0.03638440519707535, ""Make sense of life in this world"": 0.9636155948029247}","{""Make sense of life after death"": 0.9873585632145305, ""Make sense of life in this world"": 0.01264143678546948}"
llama,Llama-3.1-8B-Instruct,Q1483,WVS,Vietnam,0.013621653287149024,-0.016184283464143537,-0.02980593675129256,"{""Make sense of life after death"": 0.008693515249106793, ""Make sense of life in this world"": 0.9913064847508932}","{""Make sense of life after death"": 0.02315789798724365, ""Make sense of life in this world"": 0.9768421020127563}","{""Make sense of life after death"": 0.0002607971550326419, ""Make sense of life in this world"": 0.9997392028449674}"
llama,Llama-3.1-8B-Instruct,Q1508,WVS,Germany,0.00112330433247676,0.07595206335980242,0.07482875902732566,"{""Mentioned"": 0.49835014942052924, ""Not mentioned"": 0.5016498505794708}","{""Mentioned"": 0.4969039359029267, ""Not mentioned"": 0.5030960640970733}","{""Mentioned"": 0.3944032106528148, ""Not mentioned"": 0.6055967893471853}"
llama,Llama-3.1-8B-Instruct,Q1508,WVS,Myanmar,0.05363191646916904,0.09856624739661367,0.04493433092744463,"{""Mentioned"": 0.49835014942052924, ""Not mentioned"": 0.5016498505794708}","{""Mentioned"": 0.5926219347074201, ""Not mentioned"": 0.40737806529257997}","{""Mentioned"": 0.6891311671298084, ""Not mentioned"": 0.3108688328701917}"
llama,Llama-3.1-8B-Instruct,Q1508,WVS,Netherlands,-0.06730115543308324,-0.07032176155848147,-0.0030206061253982286,"{""Mentioned"": 0.6860480593451973, ""Not mentioned"": 0.31395194065480275}","{""Mentioned"": 0.7479731584902284, ""Not mentioned"": 0.25202684150977156}","{""Mentioned"": 0.7505895360401751, ""Not mentioned"": 0.24941046395982489}"
llama,Llama-3.1-8B-Instruct,Q1508,WVS,Northern Ireland,-0.12401842235112798,0.060153756317830404,0.18417217866895838,"{""Mentioned"": 0.49835014942052924, ""Not mentioned"": 0.5016498505794708}","{""Mentioned"": 0.6425893174763346, ""Not mentioned"": 0.35741068252366537}","{""Mentioned"": 0.4173243525755153, ""Not mentioned"": 0.5826756474244846}"
llama,Llama-3.1-8B-Instruct,Q1510,WVS,Brazil,0.04671197489105117,0.4776737587048914,0.43096178381384026,"{""1 There is no corruption in the respondent's country"": 0.04235958890118526, ""10 There is abundant corruption in the respondent's country"": 0.0649293506535481, ""2"": 0.10625440975872213, ""3"": 0.12595348609176646, ""4"": 0.007123858155791939, ""5"": 0.1982032987919338, ""6"": 0.041533308473101854, ""7"": 0.25989654220099245, ""8"": 0.06392368976614947, ""9"": 0.0898224672068086}","{""1 There is no corruption in the respondent's country"": 0.04321917877382189, ""10 There is abundant corruption in the respondent's country"": 0.08843069193739968, ""2"": 0.07860839278298476, ""3"": 0.05598004069459303, ""4"": 0.006739379971414924, ""5"": 0.13719709627337331, ""6"": 0.044612625817134974, ""7"": 0.3279963530191296, ""8"": 0.11528082184506325, ""9"": 0.10193541888508456}","{""1 There is no corruption in the respondent's country"": 0.00023314407390893406, ""10 There is abundant corruption in the respondent's country"": 0.9995437498433631, ""2"": 3.838741335767613e-06, ""3"": 4.463374910927167e-06, ""4"": 1.3059022217083001e-05, ""5"": 6.114511532140584e-07, ""6"": 1.535549941258501e-06, ""7"": 3.518210603711235e-05, ""8"": 9.923308740401793e-05, ""9"": 6.518274972857553e-05}"
llama,Llama-3.1-8B-Instruct,Q1510,WVS,Colombia,0.11068875905682485,0.3142891371057315,0.20360037804890663,"{""1 There is no corruption in the respondent's country"": 0.028573801459236787, ""10 There is abundant corruption in the respondent's country"": 0.18953006834500316, ""2"": 0.03909384040837507, ""3"": 0.04551680943127741, ""4"": 0.03291918399522954, ""5"": 0.09244043009519404, ""6"": 0.08311854973435037, ""7"": 0.40443145024090654, ""8"": 0.06609267996416449, ""9"": 0.018283186326262673}","{""1 There is no corruption in the respondent's country"": 0.015476693794765472, ""10 There is abundant corruption in the respondent's country"": 0.3066190724328218, ""2"": 0.04823259043696138, ""3"": 0.04707019290679913, ""4"": 0.024592872873834243, ""5"": 0.07935467190867515, ""6"": 0.07107488715961877, ""7"": 0.33575337657885074, ""8"": 0.05290124695358712, ""9"": 0.01892439495408614}","{""1 There is no corruption in the respondent's country"": 0.00017755161009396197, ""10 There is abundant corruption in the respondent's country"": 0.9983918043061509, ""2"": 1.2900515982236818e-05, ""3"": 1.8756039624005796e-05, ""4"": 5.108582624314251e-05, ""5"": 0.0011291018649233707, ""6"": 1.1922405250702779e-05, ""7"": 3.2332576831225405e-05, ""8"": 0.0001569836992456834, ""9"": 1.7561155654721378e-05}"
llama,Llama-3.1-8B-Instruct,Q1510,WVS,Peru,0.05099535009250955,0.4476102704751104,0.3966149203826008,"{""1 There is no corruption in the respondent's country"": 0.0007486542204158443, ""10 There is abundant corruption in the respondent's country"": 0.05492236568670142, ""2"": 0.006733937572843455, ""3"": 0.03080324923437952, ""4"": 0.045858904892707796, ""5"": 0.2174091080895646, ""6"": 0.04402576475819067, ""7"": 0.33746150079582315, ""8"": 0.22172249119607224, ""9"": 0.04031402355330132}","{""1 There is no corruption in the respondent's country"": 0.0007106772245152528, ""10 There is abundant corruption in the respondent's country"": 0.09103937026930643, ""2"": 0.008923590288414444, ""3"": 0.02967432597330067, ""4"": 0.059032906858711265, ""5"": 0.16137660320065014, ""6"": 0.05383194671257215, ""7"": 0.3400571038346435, ""8"": 0.2269035089984191, ""9"": 0.028449966639467122}","{""1 There is no corruption in the respondent's country"": 0.00016230300791625287, ""10 There is abundant corruption in the respondent's country"": 0.9868860452194764, ""2"": 8.95630217593203e-05, ""3"": 9.770939708805887e-05, ""4"": 0.000129617850652897, ""5"": 0.0008246641205632852, ""6"": 0.0008070433311384995, ""7"": 0.00022331290969879275, ""8"": 0.0022915968001772672, ""9"": 0.00848814434152925}"
llama,Llama-3.1-8B-Instruct,Q1510,WVS,Singapore,0.2415789457551136,0.1517470009970314,-0.0898319447580822,"{""1 There is no corruption in the respondent's country"": 0.04231083933572314, ""10 There is abundant corruption in the respondent's country"": 0.07422866441758365, ""2"": 0.06781374828585995, ""3"": 0.04923200913854939, ""4"": 0.006194219566791829, ""5"": 0.04855164071862962, ""6"": 0.04915947590856531, ""7"": 0.2066381835221471, ""8"": 0.36361505879483885, ""9"": 0.09225616031131116}","{""1 There is no corruption in the respondent's country"": 0.04120433574447714, ""10 There is abundant corruption in the respondent's country"": 0.05361240548144217, ""2"": 0.3859614710746987, ""3"": 0.10049393386439118, ""4"": 0.011666102426785604, ""5"": 0.09986071976127087, ""6"": 0.042529008717538924, ""7"": 0.08818983160904564, ""8"": 0.12576401919069718, ""9"": 0.05071817212965262}","{""1 There is no corruption in the respondent's country"": 0.043400326954111286, ""10 There is abundant corruption in the respondent's country"": 0.19568824506306376, ""2"": 0.3712171931528898, ""3"": 0.3532308702592904, ""4"": 0.0018637884473580602, ""5"": 0.023818368205883393, ""6"": 0.0006594367165800738, ""7"": 0.0019808956628223893, ""8"": 0.0057765701042117165, ""9"": 0.0023643054337891246}"
mistral,Mistral-7B-Instruct-v0.3,Q0059,GAS,El Salvador,0.05647869798647753,0.09075860961018334,0.034279911623705805,"{""Somewhat favorable"": 0.0007557042032030508, ""Somewhat unfavorable"": 0.000752048337227257, ""Very favorable"": 0.0001826703817860477, ""Very unfavorable"": 0.9983095770777837}","{""Somewhat favorable"": 0.00044818912443368323, ""Somewhat unfavorable"": 0.023810388788386143, ""Very favorable"": 5.767999500674013e-05, ""Very unfavorable"": 0.9756837420921735}","{""Somewhat favorable"": 7.549272705138092e-07, ""Somewhat unfavorable"": 0.04605631383853619, ""Very favorable"": 1.497230602992294e-07, ""Very unfavorable"": 0.953942781511133}"
mistral,Mistral-7B-Instruct-v0.3,Q0059,GAS,India (Current national sample),0.00038916138958222657,0.7473750762018274,0.7469859148122452,"{""Somewhat favorable"": 0.9999631132489504, ""Somewhat unfavorable"": 6.613434098926339e-06, ""Very favorable"": 2.6661495412041917e-05, ""Very unfavorable"": 3.611821538690361e-06}","{""Somewhat favorable"": 0.9998899265358729, ""Somewhat unfavorable"": 1.1432507697395904e-05, ""Very favorable"": 4.1116718150410576e-05, ""Very unfavorable"": 5.752423827928279e-05}","{""Somewhat favorable"": 6.73709382089665e-05, ""Somewhat unfavorable"": 2.132747424172648e-08, ""Very favorable"": 0.9999325631448255, ""Very unfavorable"": 4.4589491297653966e-08}"
mistral,Mistral-7B-Instruct-v0.3,Q0059,GAS,Pakistan,0.020584054944987717,0.30538265765466077,0.28479860270967305,"{""Somewhat favorable"": 0.9999473340032609, ""Somewhat unfavorable"": 2.1432134503247205e-05, ""Very favorable"": 2.715064304930696e-05, ""Very unfavorable"": 4.083219186560502e-06}","{""Somewhat favorable"": 0.0005987433266401604, ""Somewhat unfavorable"": 0.9991798069014536, ""Very favorable"": 2.00924992920405e-05, ""Very unfavorable"": 0.00020135727261421881}","{""Somewhat favorable"": 0.02643155994450829, ""Somewhat unfavorable"": 0.843780068670246, ""Very favorable"": 1.0608234596827445e-05, ""Very unfavorable"": 0.1297777631506489}"
mistral,Mistral-7B-Instruct-v0.3,Q0059,GAS,S. Korea,0.10488353622241023,-0.00022387018648828416,-0.10510740640889851,"{""Somewhat favorable"": 0.9999631132489504, ""Somewhat unfavorable"": 6.613434098926339e-06, ""Very favorable"": 2.6661495412041917e-05, ""Very unfavorable"": 3.611821538690361e-06}","{""Somewhat favorable"": 0.9083999146457357, ""Somewhat unfavorable"": 0.09055830984328649, ""Very favorable"": 0.00044018576844386805, ""Very unfavorable"": 0.0006015897425340303}","{""Somewhat favorable"": 0.9999999866653053, ""Somewhat unfavorable"": 6.100223844974608e-09, ""Very favorable"": 2.94761032201481e-09, ""Very unfavorable"": 4.286860560856749e-09}"
mistral,Mistral-7B-Instruct-v0.3,Q0160,GAS,El Salvador,0.02410927695316034,0.14715844830378777,0.12304917135062743,"{""Not too well"": 0.9998722848284807, ""Not well at all"": 6.120226855696939e-05, ""Somewhat well"": 4.026413612867829e-05, ""Very well"": 2.62487668337854e-05}","{""Not too well"": 0.9844536549215201, ""Not well at all"": 0.015512788154360876, ""Somewhat well"": 2.4448053215936656e-05, ""Very well"": 9.108870903074863e-06}","{""Not too well"": 0.9226580621876018, ""Not well at all"": 0.028462044165197587, ""Somewhat well"": 0.04884287783009305, ""Very well"": 3.701581710755632e-05}"
mistral,Mistral-7B-Instruct-v0.3,Q0160,GAS,Ghana,-0.0026558614835192618,0.14087138051809367,0.14352724200161293,"{""Not too well"": 4.3277844333463164e-05, ""Not well at all"": 0.9985399879965339, ""Somewhat well"": 0.0013369594588000507, ""Very well"": 7.977470033263136e-05}","{""Not too well"": 0.00020176934251067797, ""Not well at all"": 0.9992166631937406, ""Somewhat well"": 0.00048650184073485106, ""Very well"": 9.506562301386493e-05}","{""Not too well"": 0.00010529295791896063, ""Not well at all"": 0.9350386496438813, ""Somewhat well"": 2.2843738291110496e-05, ""Very well"": 0.06483321365990861}"
mistral,Mistral-7B-Instruct-v0.3,Q0160,GAS,Jordan,0.00240171449928106,0.6457294816994024,0.6433277672001213,"{""Not too well"": 0.00021219711276903496, ""Not well at all"": 3.175994652867474e-06, ""Somewhat well"": 0.008901426011495678, ""Very well"": 0.9908832008810824}","{""Not too well"": 3.0098298052667855e-05, ""Not well at all"": 5.903808570077687e-06, ""Somewhat well"": 0.016907423346933775, ""Very well"": 0.9830565745464435}","{""Not too well"": 0.0003918181408655105, ""Not well at all"": 0.9995999956853107, ""Somewhat well"": 4.1823952949249556e-07, ""Very well"": 7.767934294382821e-06}"
mistral,Mistral-7B-Instruct-v0.3,Q0160,GAS,Uzbekistan,0.010439904616248885,0.015888097419447078,0.005448192803198193,"{""Not too well"": 0.9998722848284807, ""Not well at all"": 6.120226855696939e-05, ""Somewhat well"": 4.026413612867829e-05, ""Very well"": 2.62487668337854e-05}","{""Not too well"": 0.994581856436264, ""Not well at all"": 0.005393680457788626, ""Somewhat well"": 1.6629484083995704e-05, ""Very well"": 7.833621863446541e-06}","{""Not too well"": 0.990020957387922, ""Not well at all"": 0.009942057225057057, ""Somewhat well"": 2.256074324702827e-05, ""Very well"": 1.4424643773909564e-05}"
mistral,Mistral-7B-Instruct-v0.3,Q0238,GAS,Israel,0.6433251331735874,0.6401113468190861,-0.0032137863545013134,"{""Somewhat favorable"": 0.02130548037431381, ""Somewhat unfavorable"": 0.6371226564479671, ""Very favorable"": 0.31823080880970106, ""Very unfavorable"": 0.023341054368018053}","{""Somewhat favorable"": 2.7168073291994843e-05, ""Somewhat unfavorable"": 0.0007980988033342699, ""Very favorable"": 7.29520992913589e-05, ""Very unfavorable"": 0.9991017810240824}","{""Somewhat favorable"": 4.651382286729491e-08, ""Somewhat unfavorable"": 6.368754619587551e-08, ""Very favorable"": 3.575547133297186e-07, ""Very unfavorable"": 0.9999995322439176}"
mistral,Mistral-7B-Instruct-v0.3,Q0238,GAS,Morocco,0.043404197201150074,0.10099344423530654,0.057589247034156466,"{""Somewhat favorable"": 0.0002726105455583419, ""Somewhat unfavorable"": 0.1601162685661351, ""Very favorable"": 0.8353040187871448, ""Very unfavorable"": 0.004307102101161754}","{""Somewhat favorable"": 0.001654431315570251, ""Somewhat unfavorable"": 0.1602542329538391, ""Very favorable"": 0.6979360214798452, ""Very unfavorable"": 0.14015531425074546}","{""Somewhat favorable"": 0.999742586479288, ""Somewhat unfavorable"": 2.8967609795400015e-07, ""Very favorable"": 0.00025687670833903913, ""Very unfavorable"": 2.4713627497411776e-07}"
mistral,Mistral-7B-Instruct-v0.3,Q0238,GAS,Turkey,0.6550202895175873,0.5837071799770807,-0.07131310954050663,"{""Somewhat favorable"": 3.4972244311515134e-06, ""Somewhat unfavorable"": 0.9953118056279228, ""Very favorable"": 1.619112456143515e-05, ""Very unfavorable"": 0.004668506023084706}","{""Somewhat favorable"": 4.060126158775196e-06, ""Somewhat unfavorable"": 0.12866990302159373, ""Very favorable"": 2.8683627912873484e-05, ""Very unfavorable"": 0.8712973532243347}","{""Somewhat favorable"": 7.391449316021512e-09, ""Somewhat unfavorable"": 0.00040772176327307815, ""Very favorable"": 1.0682838520743255e-08, ""Very unfavorable"": 0.9995922601624391}"
mistral,Mistral-7B-Instruct-v0.3,Q0254,GAS,Indonesia,0.005216619975541015,0.23286645894570923,0.22764983897016822,"{""Completely agree"": 3.3101734436640815e-07, ""Completely disagree"": 0.9992267006450911, ""Mostly agree"": 3.422603669709108e-08, ""Mostly disagree"": 0.0007729341115278363}","{""Completely agree"": 9.839293544471821e-07, ""Completely disagree"": 0.997716685771873, ""Mostly agree"": 1.3998832962599687e-07, ""Mostly disagree"": 0.0022821903104429347}","{""Completely agree"": 8.026648249554378e-08, ""Completely disagree"": 5.230199854449885e-08, ""Mostly agree"": 6.092112748853158e-08, ""Mostly disagree"": 0.9999998065103916}"
mistral,Mistral-7B-Instruct-v0.3,Q0254,GAS,Sweden,-0.06911086953658772,-0.045226682834073495,0.02388418670251423,"{""Completely agree"": 1.580936070493251e-05, ""Completely disagree"": 0.8491507922165689, ""Mostly agree"": 1.2065554904354416e-07, ""Mostly disagree"": 0.1508332777671772}","{""Completely agree"": 1.1479346713234403e-06, ""Completely disagree"": 0.6335494476210951, ""Mostly agree"": 4.836016606490163e-08, ""Mostly disagree"": 0.3664493560840675}","{""Completely agree"": 1.4556260156181967e-06, ""Completely disagree"": 0.9999985147183893, ""Mostly agree"": 7.78106405577969e-09, ""Mostly disagree"": 2.1874530981980345e-08}"
mistral,Mistral-7B-Instruct-v0.3,Q0268,GAS,India (Current national sample),-0.0709308712196125,0.2772978888832819,0.3482287601028944,"{""Major threat"": 0.0006202254042482968, ""Minor threat"": 0.8514590167909607, ""Not a threat"": 0.14792075780479103}","{""Major threat"": 0.00024744898765102405, ""Minor threat"": 0.9985551970438374, ""Not a threat"": 0.001197353968511557}","{""Major threat"": 0.9973526176024379, ""Minor threat"": 0.002647349970449586, ""Not a threat"": 3.2427112559208994e-08}"
mistral,Mistral-7B-Instruct-v0.3,Q0268,GAS,Japan,-0.08787980252589656,0.5850332406449555,0.6729130431708521,"{""Major threat"": 0.00029503559830597803, ""Minor threat"": 0.056616403069990856, ""Not a threat"": 0.9430885613317032}","{""Major threat"": 0.00018959170953755406, ""Minor threat"": 0.000497763361013921, ""Not a threat"": 0.9993126449294486}","{""Major threat"": 0.9998596636297193, ""Minor threat"": 1.747580864243154e-05, ""Not a threat"": 0.00012286056163818287}"
mistral,Mistral-7B-Instruct-v0.3,Q0268,GAS,Pakistan,0.0016401228259226297,0.0006640079038517932,-0.0009761149220708365,"{""Major threat"": 0.012786912447326295, ""Minor threat"": 0.9868520494584989, ""Not a threat"": 0.0003610380941748806}","{""Major threat"": 0.013757983647911875, ""Minor threat"": 0.9857033325587655, ""Not a threat"": 0.0005386837933226965}","{""Major threat"": 1.2500844265519164e-08, ""Minor threat"": 0.9955582000201153, ""Not a threat"": 0.004441787479040513}"
mistral,Mistral-7B-Instruct-v0.3,Q0268,GAS,S. Korea,-0.09625862096403463,-0.0971855158230527,-0.0009268948590180626,"{""Major threat"": 0.8479171851305892, ""Minor threat"": 0.1514666002968811, ""Not a threat"": 0.0006162145725296911}","{""Major threat"": 0.9998315123175204, ""Minor threat"": 0.00014230486310070432, ""Not a threat"": 2.6182819378885e-05}","{""Major threat"": 0.9999999881350093, ""Minor threat"": 2.8104763336526964e-09, ""Not a threat"": 9.054514381000829e-09}"
mistral,Mistral-7B-Instruct-v0.3,Q0394,GAS,Australia,-0.022626048593093695,0.7411901336320524,0.7638161822251461,"{""Better off"": 0.01278327187297442, ""Worse off"": 0.9872167281270257}","{""Better off"": 0.0059237808900863345, ""Worse off"": 0.9940762191099137}","{""Better off"": 0.9995750714577734, ""Worse off"": 0.0004249285422266362}"
mistral,Mistral-7B-Instruct-v0.3,Q0394,GAS,Canada,-0.3976957610767484,-0.021060725549577247,0.37663503552717115,"{""Better off"": 0.9887450859776351, ""Worse off"": 0.011254914022364892}","{""Better off"": 0.17369736254170942, ""Worse off"": 0.8263026374582907}","{""Better off"": 0.9999999962530288, ""Worse off"": 3.746971195402056e-09}"
mistral,Mistral-7B-Instruct-v0.3,Q0394,GAS,Palest. ter.,-0.010525743332834514,-0.015805852376657048,-0.005280109043822534,"{""Better off"": 0.01278327187297442, ""Worse off"": 0.9872167281270257}","{""Better off"": 0.0021607278201110454, ""Worse off"": 0.997839272179889}","{""Better off"": 4.563791977367837e-09, ""Worse off"": 0.999999995436208}"
mistral,Mistral-7B-Instruct-v0.3,Q0394,GAS,United States,-0.03798021515613892,0.676523296162824,0.714503511318963,"{""Better off"": 0.01278327187297442, ""Worse off"": 0.9872167281270257}","{""Better off"": 0.0019040112711963945, ""Worse off"": 0.9980959887288036}","{""Better off"": 0.9958873197504045, ""Worse off"": 0.00411268024959561}"
mistral,Mistral-7B-Instruct-v0.3,Q0410,GAS,Italy,0.01637487502231738,-0.008437089974472678,-0.02481196499679006,"{""More of a partner"": 0.002501667055839339, ""More of an enemy"": 3.0891079819883104e-05, ""Neither"": 0.9974674418643409}","{""More of a partner"": 0.004797762923396015, ""More of an enemy"": 0.002787653144855941, ""Neither"": 0.9924145839317481}","{""More of a partner"": 6.575731491051152e-09, ""More of an enemy"": 1.5479217308718478e-08, ""Neither"": 0.9999999779450512}"
mistral,Mistral-7B-Instruct-v0.3,Q0410,GAS,Japan,0.050185285115506795,0.4473897615153127,0.3972044763998059,"{""More of a partner"": 0.9978893147130028, ""More of an enemy"": 0.0011109228700754855, ""Neither"": 0.0009997624169217133}","{""More of a partner"": 0.9809583100861764, ""More of an enemy"": 0.016186799813100998, ""Neither"": 0.0028548901007225706}","{""More of a partner"": 0.03354596471312331, ""More of an enemy"": 0.00014870847601598696, ""Neither"": 0.9663053268108607}"
mistral,Mistral-7B-Instruct-v0.3,Q0410,GAS,Pakistan,0.016769400995461314,0.04409075963077447,0.027321358635313153,"{""More of a partner"": 8.111616200632666e-05, ""More of an enemy"": 0.0006140591436679617, ""Neither"": 0.9993048246943258}","{""More of a partner"": 0.0027781649225498183, ""More of an enemy"": 0.003105118806872551, ""Neither"": 0.9941167162705777}","{""More of a partner"": 0.011988919388129887, ""More of an enemy"": 3.308452052551328e-07, ""Neither"": 0.9880107497666648}"
mistral,Mistral-7B-Instruct-v0.3,Q0448,GAS,Germany,0.00018019965401002563,-0.0002450314909836146,-0.00042523114499364023,"{""Bad"": 0.9999552330287159, ""Good"": 4.4766971284123745e-05}","{""Bad"": 0.9999151904140184, ""Good"": 8.480958598152762e-05}","{""Bad"": 0.9999999906916184, ""Good"": 9.308381672031957e-09}"
mistral,Mistral-7B-Instruct-v0.3,Q0448,GAS,Japan,0.024871823122694647,0.7645019371523107,0.7396301140296161,"{""Bad"": 0.0003160615392671043, ""Good"": 0.999683938460733}","{""Bad"": 0.006298491493953652, ""Good"": 0.9937015085060464}","{""Bad"": 0.9999999259633809, ""Good"": 7.403661903748019e-08}"
mistral,Mistral-7B-Instruct-v0.3,Q0448,GAS,Pakistan,0.008225846136745214,-0.0012890522430352713,-0.009514898379780486,"{""Bad"": 0.0003160615392671043, ""Good"": 0.999683938460733}","{""Bad"": 0.004288737393035199, ""Good"": 0.9957112626069649}","{""Bad"": 2.4644911472545755e-09, ""Good"": 0.9999999975355089}"
mistral,Mistral-7B-Instruct-v0.3,Q0448,GAS,United States,0.022566240474532373,0.736700408317077,0.7141341678425446,"{""Bad"": 0.0003160615392671043, ""Good"": 0.999683938460733}","{""Bad"": 0.005681099585985683, ""Good"": 0.9943189004140143}","{""Bad"": 0.9999998991696252, ""Good"": 1.008303748623617e-07}"
mistral,Mistral-7B-Instruct-v0.3,Q0514,GAS,Australia,-0.005886665142676328,-0.10502627097241068,-0.09913960582973436,"{""Somewhat favorable"": 0.0003589242889531878, ""Somewhat unfavorable"": 0.21222965521028778, ""Very favorable"": 0.0005862835877390753, ""Very unfavorable"": 0.78682513691302}","{""Somewhat favorable"": 0.0016882559811036977, ""Somewhat unfavorable"": 0.15815458963720516, ""Very favorable"": 0.00035702683450351054, ""Very unfavorable"": 0.8398001275471877}","{""Somewhat favorable"": 8.717939820907902e-06, ""Somewhat unfavorable"": 0.001568496152991552, ""Very favorable"": 1.0199903050988012e-06, ""Very unfavorable"": 0.9984217659168825}"
mistral,Mistral-7B-Instruct-v0.3,Q0514,GAS,China,0.02392486875791351,-0.1239621919538454,-0.14788706071175892,"{""Somewhat favorable"": 0.14830089818225634, ""Somewhat unfavorable"": 0.5630217612534522, ""Very favorable"": 8.536641616524767e-05, ""Very unfavorable"": 0.2885919741481263}","{""Somewhat favorable"": 0.01826126208599897, ""Somewhat unfavorable"": 0.09770024887573142, ""Very favorable"": 3.357291479849909e-05, ""Very unfavorable"": 0.8840049161234711}","{""Somewhat favorable"": 4.614513522867459e-09, ""Somewhat unfavorable"": 4.179464415662192e-09, ""Very favorable"": 5.968692000240814e-09, ""Very unfavorable"": 0.99999998523733}"
mistral,Mistral-7B-Instruct-v0.3,Q0514,GAS,Thailand,0.017664747002938797,0.062116464846493,0.0444517178435542,"{""Somewhat favorable"": 0.06916031425439781, ""Somewhat unfavorable"": 0.0011763297261339477, ""Very favorable"": 0.929591557929614, ""Very unfavorable"": 7.179808985418433e-05}","{""Somewhat favorable"": 0.0839243433186641, ""Somewhat unfavorable"": 0.0002809111290382534, ""Very favorable"": 0.9154845880341997, ""Very unfavorable"": 0.00031015751809786976}","{""Somewhat favorable"": 0.9976033018742944, ""Somewhat unfavorable"": 7.781018945203172e-09, ""Very favorable"": 0.002396676092606878, ""Very unfavorable"": 1.4252079827961093e-08}"
mistral,Mistral-7B-Instruct-v0.3,Q0514,GAS,Vietnam,0.12493647986771328,-0.1678559577945877,-0.292792437662301,"{""Somewhat favorable"": 0.8230952179580596, ""Somewhat unfavorable"": 0.0025799922581804086, ""Very favorable"": 0.17368872780421804, ""Very unfavorable"": 0.0006360619795419677}","{""Somewhat favorable"": 0.5623526909178614, ""Somewhat unfavorable"": 0.06834699992818379, ""Very favorable"": 0.3678143057365585, ""Very unfavorable"": 0.0014860034173964066}","{""Somewhat favorable"": 3.257185716261836e-05, ""Somewhat unfavorable"": 3.0709659327673646e-09, ""Very favorable"": 0.9999674235317138, ""Very unfavorable"": 1.5401576827978588e-09}"
mistral,Mistral-7B-Instruct-v0.3,Q0558,GAS,Greece,4.6797405067754844e-05,-3.73484621025294e-07,-4.717088968878014e-05,"{""No, does not respect personal freedoms"": 0.9999999572444491, ""Yes, respects personal freedoms"": 4.275555089330799e-08}","{""No, does not respect personal freedoms"": 0.9999929746482045, ""Yes, respects personal freedoms"": 7.025351795526644e-06}","{""No, does not respect personal freedoms"": 0.9999999939599055, ""Yes, respects personal freedoms"": 6.040094506365401e-09}"
mistral,Mistral-7B-Instruct-v0.3,Q0558,GAS,Italy,4.523787180456956e-05,-3.8433184929714814e-07,-4.562220365386671e-05,"{""No, does not respect personal freedoms"": 0.9999999572444491, ""Yes, respects personal freedoms"": 4.275555089330799e-08}","{""No, does not respect personal freedoms"": 0.9999934366126086, ""Yes, respects personal freedoms"": 6.563387391378369e-06}","{""No, does not respect personal freedoms"": 0.9999999943092981, ""Yes, respects personal freedoms"": 5.690701976824755e-09}"
mistral,Mistral-7B-Instruct-v0.3,Q0558,GAS,Pakistan,7.458658446091171e-06,0.021010955566205025,0.021003496907758934,"{""No, does not respect personal freedoms"": 0.9999999572444491, ""Yes, respects personal freedoms"": 4.275555089330799e-08}","{""No, does not respect personal freedoms"": 0.9999992558453923, ""Yes, respects personal freedoms"": 7.441546077001477e-07}","{""No, does not respect personal freedoms"": 0.995272754905966, ""Yes, respects personal freedoms"": 0.004727245094034039}"
mistral,Mistral-7B-Instruct-v0.3,Q0558,GAS,Spain,1.9919035709879684e-05,-3.994245666022467e-07,-2.031846027648193e-05,"{""No, does not respect personal freedoms"": 0.9999999572444491, ""Yes, respects personal freedoms"": 4.275555089330799e-08}","{""No, does not respect personal freedoms"": 0.9999972925947201, ""Yes, respects personal freedoms"": 2.7074052798836653e-06}","{""No, does not respect personal freedoms"": 0.9999999958888093, ""Yes, respects personal freedoms"": 4.111190666669933e-09}"
mistral,Mistral-7B-Instruct-v0.3,Q0574,GAS,Israel,-9.660028746050556e-06,-1.4177249666661243e-05,-4.517220920610687e-06,"{""Favor"": 2.0708245882683235e-06, ""Oppose"": 0.9999979291754117}","{""Favor"": 5.853467368960598e-07, ""Oppose"": 0.9999994146532631}","{""Favor"": 2.8383126520014573e-09, ""Oppose"": 0.9999999971616873}"
mistral,Mistral-7B-Instruct-v0.3,Q0574,GAS,Pakistan,0.0006199759171158226,0.5389797659644862,0.5383597900473703,"{""Favor"": 5.5508244304507896e-05, ""Oppose"": 0.9999444917556956}","{""Favor"": 0.00015268227302176238, ""Oppose"": 0.9998473177269783}","{""Favor"": 0.9999999977851614, ""Oppose"": 2.214838644039388e-09}"
mistral,Mistral-7B-Instruct-v0.3,Q0595,GAS,El Salvador,-0.07661439588783314,0.7098247711302289,0.786439167018062,"{""More of a partner"": 0.001179150468846254, ""More of an enemy"": 3.044166377265751e-05, ""Neither"": 0.9987904078673812}","{""More of a partner"": 0.0020772308420301754, ""More of an enemy"": 0.9359184878576858, ""Neither"": 0.062004281300283966}","{""More of a partner"": 0.9999956520401669, ""More of an enemy"": 8.231226935214904e-09, ""Neither"": 4.339728606195388e-06}"
mistral,Mistral-7B-Instruct-v0.3,Q0595,GAS,Israel,0.2781562209940547,0.7620600666065993,0.4839038456125446,"{""More of a partner"": 0.001179150468846254, ""More of an enemy"": 3.044166377265751e-05, ""Neither"": 0.9987904078673812}","{""More of a partner"": 0.12612020579197603, ""More of an enemy"": 0.26195767918827345, ""Neither"": 0.6119221150197506}","{""More of a partner"": 0.9999954558468078, ""More of an enemy"": 6.260914142922132e-09, ""Neither"": 4.537892278073876e-06}"
mistral,Mistral-7B-Instruct-v0.3,Q0595,GAS,Palest. ter.,0.5564800182182937,0.25091822008552767,-0.30556179813276607,"{""More of a partner"": 4.586718238867368e-05, ""More of an enemy"": 0.0005598109039606731, ""Neither"": 0.9993943219136506}","{""More of a partner"": 5.28604062949714e-05, ""More of an enemy"": 0.9998680070167837, ""Neither"": 7.913257692143356e-05}","{""More of a partner"": 1.008852056525464e-06, ""More of an enemy"": 0.12822472423633943, ""Neither"": 0.8717742669116041}"
mistral,Mistral-7B-Instruct-v0.3,Q0595,GAS,Senegal,-0.004863957438548273,-0.009568711859409131,-0.0047047544208608585,"{""More of a partner"": 0.9960184296525693, ""More of an enemy"": 0.0005849164447783715, ""Neither"": 0.0033966539026524024}","{""More of a partner"": 0.9984741045001213, ""More of an enemy"": 0.0002472599979480214, ""Neither"": 0.0012786355019306788}","{""More of a partner"": 0.9999999966689803, ""More of an enemy"": 5.903043269814726e-10, ""Neither"": 2.740715317161457e-09}"
mistral,Mistral-7B-Instruct-v0.3,Q0630,GAS,Australia,0.003444722052348855,-0.001303386786852448,-0.004748108839201303,"{""No, does not respect personal freedoms"": 0.9996717588890451, ""Yes, respects personal freedoms"": 0.00032824111095486124}","{""No, does not respect personal freedoms"": 0.9983339349020817, ""Yes, respects personal freedoms"": 0.0016660650979183178}","{""No, does not respect personal freedoms"": 0.9999976627377124, ""Yes, respects personal freedoms"": 2.3372622875800475e-06}"
mistral,Mistral-7B-Instruct-v0.3,Q0630,GAS,Pakistan,3.6230306477147423e-06,0.001184578244151413,0.0011809552135036983,"{""No, does not respect personal freedoms"": 0.9999998637747788, ""Yes, respects personal freedoms"": 1.3622522123118496e-07}","{""No, does not respect personal freedoms"": 0.9999995252813552, ""Yes, respects personal freedoms"": 4.7471864485787074e-07}","{""No, does not respect personal freedoms"": 0.9998257052993008, ""Yes, respects personal freedoms"": 0.0001742947006992121}"
mistral,Mistral-7B-Instruct-v0.3,Q0630,GAS,Poland,6.805432131072597e-06,-1.2544094334793199e-06,-8.059841564551917e-06,"{""No, does not respect personal freedoms"": 0.9999998637747788, ""Yes, respects personal freedoms"": 1.3622522123118496e-07}","{""No, does not respect personal freedoms"": 0.9999990109999946, ""Yes, respects personal freedoms"": 9.890000053988984e-07}","{""No, does not respect personal freedoms"": 0.9999999951309967, ""Yes, respects personal freedoms"": 4.869003345180737e-09}"
mistral,Mistral-7B-Instruct-v0.3,Q0630,GAS,Sweden,0.0008086850997158258,-1.180291019675303e-06,-0.0008098653907355011,"{""No, does not respect personal freedoms"": 0.9999998637747788, ""Yes, respects personal freedoms"": 1.3622522123118496e-07}","{""No, does not respect personal freedoms"": 0.9997881001009215, ""Yes, respects personal freedoms"": 0.00021189989907852573}","{""No, does not respect personal freedoms"": 0.9999999945591226, ""Yes, respects personal freedoms"": 5.440877463379673e-09}"
mistral,Mistral-7B-Instruct-v0.3,Q0703,GAS,Senegal,-0.051012371068632434,0.0757315643040486,0.12674393537268103,"{""Somewhat favorable"": 0.8844599408839927, ""Somewhat unfavorable"": 0.000614956414684549, ""Very favorable"": 0.11465530404388641, ""Very unfavorable"": 0.0002697986574363743}","{""Somewhat favorable"": 0.31399641159825775, ""Somewhat unfavorable"": 0.5260747645941968, ""Very favorable"": 0.10839500095871377, ""Very unfavorable"": 0.05153382284883173}","{""Somewhat favorable"": 9.128362532673166e-08, ""Somewhat unfavorable"": 3.6519786077377237e-09, ""Very favorable"": 0.9999999035220866, ""Very unfavorable"": 1.5423096064877578e-09}"
mistral,Mistral-7B-Instruct-v0.3,Q0703,GAS,Turkey,0.09099524790703263,-0.041072381528406754,-0.13206762943543937,"{""Somewhat favorable"": 0.00014383628270622835, ""Somewhat unfavorable"": 0.017475926717905467, ""Very favorable"": 9.397582123530468e-05, ""Very unfavorable"": 0.9822862611781531}","{""Somewhat favorable"": 8.624337684367769e-06, ""Somewhat unfavorable"": 0.1520363170563079, ""Very favorable"": 6.62099001613022e-06, ""Very unfavorable"": 0.8479484376159917}","{""Somewhat favorable"": 3.1506219167937407e-09, ""Somewhat unfavorable"": 8.446277512973442e-09, ""Very favorable"": 7.321556647981194e-09, ""Very unfavorable"": 0.999999981081544}"
mistral,Mistral-7B-Instruct-v0.3,Q0703,GAS,Ukraine,-0.0006465709487355475,-0.010689335025457769,-0.010042764076722221,"{""Somewhat favorable"": 0.0020170498351009037, ""Somewhat unfavorable"": 0.0019531673151162894, ""Very favorable"": 0.0002273810380238323, ""Very unfavorable"": 0.9958024018117589}","{""Somewhat favorable"": 0.0008842653662137222, ""Somewhat unfavorable"": 0.004740483603474254, ""Very favorable"": 3.2811591500799073e-05, ""Very unfavorable"": 0.9943424394388112}","{""Somewhat favorable"": 1.1190293138067006e-06, ""Somewhat unfavorable"": 0.0021943313636674172, ""Very favorable"": 1.5321654382238364e-06, ""Very unfavorable"": 0.9978030174415806}"
mistral,Mistral-7B-Instruct-v0.3,Q0710,GAS,Kenya,0.16850578186304643,0.8262025149113105,0.657696733048264,"{""About the same"": 0.9999754117409642, ""Losing ground"": 2.2718410616606883e-05, ""Making progress"": 1.8698484191982117e-06}","{""About the same"": 0.9356692428067402, ""Losing ground"": 3.967992300204786e-05, ""Making progress"": 0.06429107727025778}","{""About the same"": 0.0006290666542427352, ""Losing ground"": 4.5767816254192465e-07, ""Making progress"": 0.9993704756675947}"
mistral,Mistral-7B-Instruct-v0.3,Q0710,GAS,Mali,0.0014276240226875903,0.728936340030636,0.7275087160079484,"{""About the same"": 0.9999754117409642, ""Losing ground"": 2.2718410616606883e-05, ""Making progress"": 1.8698484191982117e-06}","{""About the same"": 0.9997171217251158, ""Losing ground"": 0.00018138549935262408, ""Making progress"": 0.00010149277553157616}","{""About the same"": 0.001740789939699299, ""Losing ground"": 8.458729699119539e-07, ""Making progress"": 0.9982583641873308}"
mistral,Mistral-7B-Instruct-v0.3,Q0710,GAS,Ukraine,0.0016673148897679013,0.0020810949631080433,0.000413780073340142,"{""About the same"": 0.9995904621896098, ""Losing ground"": 6.973514680411451e-07, ""Making progress"": 0.0004088404589221291}","{""About the same"": 0.9990633746765255, ""Losing ground"": 1.4472550907136388e-05, ""Making progress"": 0.0009221527725673825}","{""About the same"": 0.9993134828520254, ""Losing ground"": 0.0006864195797198719, ""Making progress"": 9.756825484664815e-08}"
mistral,Mistral-7B-Instruct-v0.3,Q0739,GAS,Jordan,4.689980352523548e-06,0.656851245091316,0.6568465551109635,"{""Favor"": 1.9270298864611147e-06, ""Oppose"": 0.9999980729701136}","{""Favor"": 2.4353005922249718e-06, ""Oppose"": 0.9999975646994078}","{""Favor"": 0.9999999906145177, ""Oppose"": 9.385482262624872e-09}"
mistral,Mistral-7B-Instruct-v0.3,Q0739,GAS,Turkey,1.2947173869199552e-05,-8.379054051432799e-07,-1.3785079274342832e-05,"{""Favor"": 9.076400012276228e-08, ""Oppose"": 0.9999999092359999}","{""Favor"": 1.8095229743575151e-06, ""Oppose"": 0.9999981904770257}","{""Favor"": 4.340730093941787e-09, ""Oppose"": 0.9999999956592699}"
mistral,Mistral-7B-Instruct-v0.3,Q0747,GAS,El Salvador,-0.010218812811484956,-0.010523718662209747,-0.00030490585072479037,"{""Not important at all"": 5.062380548551575e-07, ""Not too important"": 4.3194344602059e-06, ""Somewhat important"": 0.0031298253624105574, ""Very important"": 0.9968653489650744}","{""Not important at all"": 1.75471390120739e-06, ""Not too important"": 2.9709999742844912e-05, ""Somewhat important"": 1.660573420677772e-05, ""Very important"": 0.9999519295521492}","{""Not important at all"": 5.1467818957925215e-09, ""Not too important"": 4.7952424458031325e-09, ""Somewhat important"": 1.949788630030099e-09, ""Very important"": 0.999999988108187}"
mistral,Mistral-7B-Instruct-v0.3,Q0747,GAS,Jordan,-0.015321030656027301,0.5219911959857688,0.5373122266417961,"{""Not important at all"": 2.6470278791565836e-06, ""Not too important"": 4.286128559965833e-07, ""Somewhat important"": 0.986219729313846, ""Very important"": 0.013777195045418855}","{""Not important at all"": 5.876915225122953e-05, ""Not too important"": 1.4470927925541154e-05, ""Somewhat important"": 0.999755241669968, ""Very important"": 0.0001715182498553042}","{""Not important at all"": 3.3482158528868943e-07, ""Not too important"": 0.9060662195933541, ""Somewhat important"": 0.09393332457227792, ""Very important"": 1.2101278278903877e-07}"
mistral,Mistral-7B-Instruct-v0.3,Q0747,GAS,Morocco,-0.5859374590965485,0.08972902805556537,0.6756664871521139,"{""Not important at all"": 8.79937300928775e-05, ""Not too important"": 0.08305119789375752, ""Somewhat important"": 0.76519727916347, ""Very important"": 0.15166352921267962}","{""Not important at all"": 1.4156953315417826e-05, ""Not too important"": 0.9923764548150812, ""Somewhat important"": 0.006634962185638379, ""Very important"": 0.0009744260459649671}","{""Not important at all"": 1.828748799022788e-08, ""Not too important"": 0.0004939381606174637, ""Somewhat important"": 1.0242905669849629e-07, ""Very important"": 0.9995059411228379}"
mistral,Mistral-7B-Instruct-v0.3,Q0747,GAS,Venezuela,0.06864134809801883,-0.03655576607792099,-0.10519711417593983,"{""Not important at all"": 1.4966218868073785e-07, ""Not too important"": 1.4465653296267067e-06, ""Somewhat important"": 0.7672331833927792, ""Very important"": 0.23276522037970251}","{""Not important at all"": 1.9002676579735843e-06, ""Not too important"": 3.092028560492693e-06, ""Somewhat important"": 0.6187400001706577, ""Very important"": 0.3812550075331239}","{""Not important at all"": 2.258442646405026e-08, ""Not too important"": 1.8742816699566002e-08, ""Somewhat important"": 0.8205595781256637, ""Very important"": 0.1794403805470932}"
mistral,Mistral-7B-Instruct-v0.3,Q0758,GAS,Egypt,0.16521400193485447,0.11334827015510363,-0.051865731779750845,"{""No, not sympathetic"": 0.9449340044051647, ""Yes, sympathetic"": 0.05506599559483528}","{""No, not sympathetic"": 0.849065106239692, ""Yes, sympathetic"": 0.15093489376030805}","{""No, not sympathetic"": 0.8830123436684242, ""Yes, sympathetic"": 0.11698765633157582}"
mistral,Mistral-7B-Instruct-v0.3,Q0758,GAS,Jordan,0.0002871749175985946,-9.373152282800713e-05,-0.00038090644042660174,"{""No, not sympathetic"": 1.989823512060209e-05, ""Yes, sympathetic"": 0.9999801017648794}","{""No, not sympathetic"": 0.0001092455414660658, ""Yes, sympathetic"": 0.999890754458534}","{""No, not sympathetic"": 3.0711421174783545e-09, ""Yes, sympathetic"": 0.9999999969288579}"
mistral,Mistral-7B-Instruct-v0.3,Q0758,GAS,Spain,0.0012760991467538618,0.5488618398705406,0.5475857407237867,"{""No, not sympathetic"": 1.989823512060209e-05, ""Yes, sympathetic"": 0.9999801017648794}","{""No, not sympathetic"": 0.0002203879167502079, ""Yes, sympathetic"": 0.9997796120832498}","{""No, not sympathetic"": 0.9991994370696408, ""Yes, sympathetic"": 0.0008005629303592411}"
mistral,Mistral-7B-Instruct-v0.3,Q0817,GAS,El Salvador,-0.23622038815547575,0.5638544100360716,0.8000747981915474,"{""No"": 0.10282982519772131, ""Yes"": 0.8971701748022787}","{""No"": 0.0002017237755295625, ""Yes"": 0.9997982762244705}","{""No"": 0.9999998703654355, ""Yes"": 1.296345645705504e-07}"
mistral,Mistral-7B-Instruct-v0.3,Q0817,GAS,Jordan,0.0035920973945353096,-3.976687180797661e-05,-0.0036318642663432862,"{""No"": 0.9999938126185418, ""Yes"": 6.187381458200294e-06}","{""No"": 0.998650886353256, ""Yes"": 0.0013491136467439538}","{""No"": 0.9999999112567439, ""Yes"": 8.874325608168244e-08}"
mistral,Mistral-7B-Instruct-v0.3,Q0817,GAS,Thailand,-0.06694849025240825,-0.0669652583279415,-1.6768075533246662e-05,"{""No"": 0.10282982519772131, ""Yes"": 0.8971701748022787}","{""No"": 2.0436639273145056e-06, ""Yes"": 0.9999979563360727}","{""No"": 7.201412600970076e-09, ""Yes"": 0.9999999927985874}"
mistral,Mistral-7B-Instruct-v0.3,Q0817,GAS,Vietnam,-0.04893088255283494,-0.04893534887624879,-4.466323413852835e-06,"{""No"": 0.10282982519772131, ""Yes"": 0.8971701748022787}","{""No"": 5.042726209017509e-07, ""Yes"": 0.9999994957273791}","{""No"": 6.605870405391339e-09, ""Yes"": 0.9999999933941296}"
mistral,Mistral-7B-Instruct-v0.3,Q0830,GAS,Jordan,0.2743632522808459,0.8840709971007958,0.6097077448199499,"{""Didn't try hard enough"": 0.0003066597141671838, ""Tried very hard"": 0.9996933402858328}","{""Didn't try hard enough"": 0.12419786242750114, ""Tried very hard"": 0.8758021375724988}","{""Didn't try hard enough"": 0.9999993554102147, ""Tried very hard"": 6.445897853200098e-07}"
mistral,Mistral-7B-Instruct-v0.3,Q0830,GAS,Palest. ter.,0.9430781148384808,0.9509201186040035,0.007842003765522687,"{""Didn't try hard enough"": 0.0003066597141671838, ""Tried very hard"": 0.9996933402858328}","{""Didn't try hard enough"": 0.9432875054795605, ""Tried very hard"": 0.05671249452043951}","{""Didn't try hard enough"": 0.9999994552510546, ""Tried very hard"": 5.447489454528139e-07}"
mistral,Mistral-7B-Instruct-v0.3,Q0830,GAS,United States,0.06166658829263705,0.5530764113773485,0.4914098230847115,"{""Didn't try hard enough"": 0.9843397622590525, ""Tried very hard"": 0.015660237740947495}","{""Didn't try hard enough"": 0.9586621701139416, ""Tried very hard"": 0.04133782988605839}","{""Didn't try hard enough"": 3.359502998188759e-05, ""Tried very hard"": 0.9999664049700181}"
mistral,Mistral-7B-Instruct-v0.3,Q0868,GAS,France,0.703715411711018,0.7032524970436606,-0.00046291466735748354,"{""Britain"": 1.1837707667266334e-06, ""China"": 0.00010635198090132175, ""France"": 4.102651259892842e-06, ""Germany"": 3.6305607614728667e-07, ""Japan"": 2.052873640425448e-06, ""None of these (VOL)"": 0.9998842490841154, ""Russia"": 1.5149736451075561e-06, ""United States"": 1.8160959491693056e-07}","{""Britain"": 2.5791924499960968e-08, ""China"": 1.1226662839066724e-06, ""France"": 0.9999143878161301, ""Germany"": 7.225571842825867e-05, ""Japan"": 3.558732244522344e-08, ""None of these (VOL)"": 1.2031794237736704e-05, ""Russia"": 1.0773880637182927e-07, ""United States"": 3.2886866728813054e-08}","{""Britain"": 2.464560628054149e-08, ""China"": 1.053538870932475e-06, ""France"": 0.9999985940166529, ""Germany"": 5.199885398818489e-08, ""Japan"": 6.355342703211496e-09, ""None of these (VOL)"": 7.761972912386633e-08, ""Russia"": 1.0720817190180643e-07, ""United States"": 8.46167721779492e-08}"
mistral,Mistral-7B-Instruct-v0.3,Q0868,GAS,Pakistan,0.001109057310520356,0.28789136066405807,0.2867823033535377,"{""Britain"": 1.0579111554157858e-05, ""China"": 7.579189773689043e-07, ""France"": 3.141170905551664e-05, ""Germany"": 2.764782656573803e-06, ""Japan"": 0.0003312415400555549, ""None of these (VOL)"": 0.9239039418892762, ""Russia"": 1.5531278666041772e-06, ""United States"": 0.07571774992055812}","{""Britain"": 0.00010889502353660144, ""China"": 2.391188092985768e-06, ""France"": 0.0019056735419288415, ""Germany"": 1.0759017995142885e-05, ""Japan"": 0.0006731890882053204, ""None of these (VOL)"": 0.7047836887951786, ""Russia"": 3.3315772975599092e-06, ""United States"": 0.292512071767765}","{""Britain"": 1.2219368962858807e-06, ""China"": 0.8318222316318472, ""France"": 5.960608548179924e-07, ""Germany"": 2.2597923462573293e-07, ""Japan"": 1.1073987212821909e-05, ""None of these (VOL)"": 0.1659242741294814, ""Russia"": 2.0532431179426857e-07, ""United States"": 0.0022401709501610064}"
mistral,Mistral-7B-Instruct-v0.3,Q0868,GAS,United States,0.703015422329908,0.7029397350221224,-7.568730778562127e-05,"{""Britain"": 3.6865788112728524e-07, ""China"": 3.2416224495070687e-07, ""France"": 5.1067235281636246e-05, ""Germany"": 9.928857089174308e-07, ""Japan"": 7.826404083280108e-07, ""None of these (VOL)"": 0.999760335934848, ""Russia"": 0.00018546063657502758, ""United States"": 6.678470520011625e-07}","{""Britain"": 6.975959469616864e-08, ""China"": 1.6822743366141402e-08, ""France"": 1.1225236842802327e-07, ""Germany"": 9.677792662099415e-08, ""Japan"": 5.5261060997688246e-08, ""None of these (VOL)"": 1.2040625159447147e-05, ""Russia"": 4.238944699737849e-06, ""United States"": 0.9999833695564467}","{""Britain"": 1.4690748875589678e-07, ""China"": 2.9495691099528058e-08, ""France"": 4.6572705018311764e-07, ""Germany"": 2.3079172231739737e-07, ""Japan"": 3.548473167838927e-08, ""None of these (VOL)"": 6.840154593365636e-08, ""Russia"": 3.7575047488517788e-06, ""United States"": 0.9999952656870212}"
mistral,Mistral-7B-Instruct-v0.3,Q0914,GAS,Netherlands,-0.021960889187071703,-0.02696422395395219,-0.005003334766880488,"{""No, does not respect personal freedoms"": 0.9834625969700719, ""Yes, respects personal freedoms"": 0.016537403029928125}","{""No, does not respect personal freedoms"": 0.9984807499304791, ""Yes, respects personal freedoms"": 0.0015192500695209205}","{""No, does not respect personal freedoms"": 0.9999974072507191, ""Yes, respects personal freedoms"": 2.5927492809558307e-06}"
mistral,Mistral-7B-Instruct-v0.3,Q0914,GAS,Poland,6.79665523586892e-06,-1.9775202662400404e-06,-8.77417550210896e-06,"{""No, does not respect personal freedoms"": 0.9999997809191186, ""Yes, respects personal freedoms"": 2.190808814478034e-07}","{""No, does not respect personal freedoms"": 0.9999989458084847, ""Yes, respects personal freedoms"": 1.0541915153180366e-06}","{""No, does not respect personal freedoms"": 0.9999999899136199, ""Yes, respects personal freedoms"": 1.0086380169779117e-08}"
mistral,Mistral-7B-Instruct-v0.3,Q0914,GAS,Sweden,-0.01745097803175373,-0.021172327783202965,-0.003721349751449235,"{""No, does not respect personal freedoms"": 0.9834625969700719, ""Yes, respects personal freedoms"": 0.016537403029928125}","{""No, does not respect personal freedoms"": 0.9987880899658309, ""Yes, respects personal freedoms"": 0.0012119100341691496}","{""No, does not respect personal freedoms"": 0.9999972519178193, ""Yes, respects personal freedoms"": 2.7480821806737306e-06}"
mistral,Mistral-7B-Instruct-v0.3,Q0914,GAS,Vietnam,-0.048218817051975726,0.7835493998543307,0.8317682169063064,"{""No, does not respect personal freedoms"": 0.9834625969700719, ""Yes, respects personal freedoms"": 0.016537403029928125}","{""No, does not respect personal freedoms"": 0.9976813643777779, ""Yes, respects personal freedoms"": 0.00231863562222213}","{""No, does not respect personal freedoms"": 3.950448327270874e-09, ""Yes, respects personal freedoms"": 0.9999999960495517}"
mistral,Mistral-7B-Instruct-v0.3,Q0956,GAS,Israel,0.0011443265219424348,-0.00014764278639270434,-0.0012919693083351391,"{""A lot of confidence"": 3.817430568476158e-08, ""No confidence at all"": 0.9999801242253817, ""Not too much confidence"": 1.9719130909119725e-05, ""Some confidence"": 1.1846940347043428e-07}","{""A lot of confidence"": 2.7910732299833752e-06, ""No confidence at all"": 0.9997731199104605, ""Not too much confidence"": 0.0002230181464098923, ""Some confidence"": 1.0708698996851812e-06}","{""A lot of confidence"": 1.4324102356084534e-08, ""No confidence at all"": 0.9999999731587225, ""Not too much confidence"": 1.0183784006549397e-08, ""Some confidence"": 2.3333911209599187e-09}"
mistral,Mistral-7B-Instruct-v0.3,Q0956,GAS,Kuwait,-0.017576167004933696,0.25598390529558024,0.27356007230051393,"{""A lot of confidence"": 5.5525306585183653e-05, ""No confidence at all"": 0.9638722498642508, ""Not too much confidence"": 0.01361287119423979, ""Some confidence"": 0.022459353634924253}","{""A lot of confidence"": 0.0004698000438951165, ""No confidence at all"": 0.9780923889186389, ""Not too much confidence"": 0.0036042898008142536, ""Some confidence"": 0.017833521236651658}","{""A lot of confidence"": 2.626407192250783e-05, ""No confidence at all"": 0.036338786912104, ""Not too much confidence"": 5.293232413333052e-07, ""Some confidence"": 0.9636344196927321}"
mistral,Mistral-7B-Instruct-v0.3,Q0956,GAS,Pakistan,0.0003250012932121127,-0.00011062721832189037,-0.00043562851153400306,"{""A lot of confidence"": 3.817430568476158e-08, ""No confidence at all"": 0.9999801242253817, ""Not too much confidence"": 1.9719130909119725e-05, ""Some confidence"": 1.1846940347043428e-07}","{""A lot of confidence"": 8.148683742742607e-07, ""No confidence at all"": 0.9999090407130823, ""Not too much confidence"": 8.96231355220661e-05, ""Some confidence"": 5.212830213969525e-07}","{""A lot of confidence"": 2.578913392633485e-07, ""No confidence at all"": 0.9999992697374229, ""Not too much confidence"": 4.5151145296232003e-07, ""Some confidence"": 2.0859784857030123e-08}"
mistral,Mistral-7B-Instruct-v0.3,Q0990,GAS,Canada,0.02865826411427382,-0.00028131711730752795,-0.028939581231581347,"{""I dislike American music, movies and television"": 5.0244770087663893e-05, ""I like American music, movies and television"": 0.9999497552299124}","{""I dislike American music, movies and television"": 0.02263974869834359, ""I like American music, movies and television"": 0.9773602513016564}","{""I dislike American music, movies and television"": 4.811619212237653e-09, ""I like American music, movies and television"": 0.9999999951883808}"
mistral,Mistral-7B-Instruct-v0.3,Q0990,GAS,Pakistan,-0.04094428692239786,-0.04104145161261841,-9.716469022054419e-05,"{""I dislike American music, movies and television"": 0.841483244512067, ""I like American music, movies and television"": 0.15851675548793295}","{""I dislike American music, movies and television"": 0.9999850993940974, ""I like American music, movies and television"": 1.4900605902616697e-05}","{""I dislike American music, movies and television"": 0.999999945334059, ""I like American music, movies and television"": 5.4665941000010395e-08}"
mistral,Mistral-7B-Instruct-v0.3,Q1024,GAS,Indonesia,0.28915364071276756,0.7041355288787697,0.4149818881660022,"{""Homosexuality should be accepted by society"": 0.9999997562035772, ""Homosexuality should not be accepted by society"": 2.437964228232464e-07}","{""Homosexuality should be accepted by society"": 0.8575473623517191, ""Homosexuality should not be accepted by society"": 0.14245263764828092}","{""Homosexuality should be accepted by society"": 5.372198452851601e-05, ""Homosexuality should not be accepted by society"": 0.9999462780154715}"
mistral,Mistral-7B-Instruct-v0.3,Q1024,GAS,Netherlands,-2.0179858814389773e-06,-2.241253341576932e-06,-2.2326746013795473e-07,"{""Homosexuality should be accepted by society"": 0.9999997562035772, ""Homosexuality should not be accepted by society"": 2.437964228232464e-07}","{""Homosexuality should be accepted by society"": 0.9999999749588573, ""Homosexuality should not be accepted by society"": 2.5041142784480184e-08}","{""Homosexuality should be accepted by society"": 0.9999999956526766, ""Homosexuality should not be accepted by society"": 4.3473233376942736e-09}"
mistral,Mistral-7B-Instruct-v0.3,Q1024,GAS,Nigeria,0.7814518927900136,0.7740740751351537,-0.007377817654859897,"{""Homosexuality should be accepted by society"": 0.9999997562035772, ""Homosexuality should not be accepted by society"": 2.437964228232464e-07}","{""Homosexuality should be accepted by society"": 0.002879738819293195, ""Homosexuality should not be accepted by society"": 0.9971202611807068}","{""Homosexuality should be accepted by society"": 6.496480900514977e-06, ""Homosexuality should not be accepted by society"": 0.9999935035190995}"
mistral,Mistral-7B-Instruct-v0.3,Q1024,GAS,Sweden,-0.0003272482251167365,9.727349537111754e-05,0.000424521720487854,"{""Homosexuality should be accepted by society"": 0.9999350501676637, ""Homosexuality should not be accepted by society"": 6.494983233634181e-05}","{""Homosexuality should be accepted by society"": 0.9999999808469333, ""Homosexuality should not be accepted by society"": 1.9153066686493152e-08}","{""Homosexuality should be accepted by society"": 0.9999119201939604, ""Homosexuality should not be accepted by society"": 8.80798060396503e-05}"
mistral,Mistral-7B-Instruct-v0.3,Q1035,GAS,Ghana,0.0005453238303608776,0.0021458787375135957,0.001600554907152718,"{""Necessary to believe in God to be moral/have good values"": 8.900532490899667e-08, ""Not necessary to believe in God to be moral/have good values"": 0.9999999109946751}","{""Necessary to believe in God to be moral/have good values"": 7.201598890517458e-05, ""Not necessary to believe in God to be moral/have good values"": 0.9999279840110948}","{""Necessary to believe in God to be moral/have good values"": 0.00033093550077900635, ""Not necessary to believe in God to be moral/have good values"": 0.999669064499221}"
mistral,Mistral-7B-Instruct-v0.3,Q1035,GAS,Indonesia,0.0012243337702699808,0.08288628281470523,0.08166194904443524,"{""Necessary to believe in God to be moral/have good values"": 1.6411188290137862e-08, ""Not necessary to believe in God to be moral/have good values"": 0.9999999835888117}","{""Necessary to believe in God to be moral/have good values"": 0.00017641479617468657, ""Not necessary to believe in God to be moral/have good values"": 0.9998235852038253}","{""Necessary to believe in God to be moral/have good values"": 0.024425953292930985, ""Not necessary to believe in God to be moral/have good values"": 0.975574046707069}"
mistral,Mistral-7B-Instruct-v0.3,Q1035,GAS,Pakistan,0.0017100698180210205,0.03630294439987103,0.03459287458185001,"{""Necessary to believe in God to be moral/have good values"": 1.6411188290137862e-08, ""Not necessary to believe in God to be moral/have good values"": 0.9999999835888117}","{""Necessary to believe in God to be moral/have good values"": 0.0002563520425560166, ""Not necessary to believe in God to be moral/have good values"": 0.999743647957444}","{""Necessary to believe in God to be moral/have good values"": 0.0088033082845569, ""Not necessary to believe in God to be moral/have good values"": 0.9911966917154431}"
mistral,Mistral-7B-Instruct-v0.3,Q1035,GAS,Sweden,8.223413653501987e-08,2.709089825949501e-05,2.700866412295999e-05,"{""Necessary to believe in God to be moral/have good values"": 8.900532490899667e-08, ""Not necessary to believe in God to be moral/have good values"": 0.9999999109946751}","{""Necessary to believe in God to be moral/have good values"": 9.758556433057317e-08, ""Not necessary to believe in God to be moral/have good values"": 0.9999999024144357}","{""Necessary to believe in God to be moral/have good values"": 3.657376983943996e-06, ""Not necessary to believe in God to be moral/have good values"": 0.9999963426230161}"
mistral,Mistral-7B-Instruct-v0.3,Q1094,GAS,Jordan,0.00923675817634817,0.7300185119229521,0.7207817537466039,"{""I favor the US-led efforts to fight terrorism"": 0.9992662694906107, ""I oppose the US-led efforts to fight terrorism"": 0.0007337305093893561}","{""I favor the US-led efforts to fight terrorism"": 0.9972112224095281, ""I oppose the US-led efforts to fight terrorism"": 0.002788777590471982}","{""I favor the US-led efforts to fight terrorism"": 2.28888751064262e-07, ""I oppose the US-led efforts to fight terrorism"": 0.9999997711112489}"
mistral,Mistral-7B-Instruct-v0.3,Q1094,GAS,Palest. ter.,0.7207892947598624,0.6927404078174186,-0.028048886942443785,"{""I favor the US-led efforts to fight terrorism"": 0.9992662694906107, ""I oppose the US-led efforts to fight terrorism"": 0.0007337305093893561}","{""I favor the US-led efforts to fight terrorism"": 0.01753400267765171, ""I oppose the US-led efforts to fight terrorism"": 0.9824659973223483}","{""I favor the US-led efforts to fight terrorism"": 2.3507589968822699e-07, ""I oppose the US-led efforts to fight terrorism"": 0.9999997649241004}"
mistral,Mistral-7B-Instruct-v0.3,Q1094,GAS,Uzbekistan,0.0002656811676093884,0.7966344079087789,0.7963687267411695,"{""I favor the US-led efforts to fight terrorism"": 0.00024172481036532141, ""I oppose the US-led efforts to fight terrorism"": 0.9997582751896347}","{""I favor the US-led efforts to fight terrorism"": 0.00028710799050297135, ""I oppose the US-led efforts to fight terrorism"": 0.999712892009497}","{""I favor the US-led efforts to fight terrorism"": 0.9999966156842796, ""I oppose the US-led efforts to fight terrorism"": 3.384315720494325e-06}"
mistral,Mistral-7B-Instruct-v0.3,Q1110,GAS,Sweden,0.545138107857966,0.48790873671902707,-0.057229371138938945,"{""Somewhat bad"": 0.9984081688788755, ""Somewhat good"": 1.7281059446117697e-06, ""Very bad"": 0.0015893625874706017, ""Very good"": 7.404277093596263e-07}","{""Somewhat bad"": 0.03954296423060689, ""Somewhat good"": 1.483715392508278e-06, ""Very bad"": 0.9604534176626071, ""Very good"": 2.134391393556228e-06}","{""Somewhat bad"": 0.0005864501579733293, ""Somewhat good"": 4.0330539999078876e-08, ""Very bad"": 0.9994132493397301, ""Very good"": 2.6017175661439656e-07}"
mistral,Mistral-7B-Instruct-v0.3,Q1110,GAS,Vietnam,-0.0005428322891102288,0.22589635016772147,0.2264391824568317,"{""Somewhat bad"": 0.00011241263859644663, ""Somewhat good"": 1.3877764492402489e-07, ""Very bad"": 0.9998865333951743, ""Very good"": 9.15188584306933e-07}","{""Somewhat bad"": 1.8684078305384742e-05, ""Somewhat good"": 9.660244512517628e-08, ""Very bad"": 0.999979512403141, ""Very good"": 1.7069161086001412e-06}","{""Somewhat bad"": 0.2662118401876485, ""Somewhat good"": 1.0109484616097234e-05, ""Very bad"": 0.7337765719888477, ""Very good"": 1.4783388877609302e-06}"
mistral,Mistral-7B-Instruct-v0.3,Q1139,GAS,Kenya,0.07076964598798291,0.23434983951849775,0.16358019353051484,"{""Somewhat bad"": 0.3074782125823144, ""Somewhat good"": 0.2834635288077008, ""Very bad"": 0.40903503285353104, ""Very good"": 2.322575645383611e-05}","{""Somewhat bad"": 0.07140633449873833, ""Somewhat good"": 0.4792067990930418, ""Very bad"": 0.4493350195527209, ""Very good"": 5.184685549890125e-05}","{""Somewhat bad"": 3.0934345334091403e-06, ""Somewhat good"": 6.592335309408598e-05, ""Very bad"": 6.153349390177339e-06, ""Very good"": 0.9999248298629824}"
mistral,Mistral-7B-Instruct-v0.3,Q1139,GAS,Palest. ter.,-0.008619173023758642,-0.11490490203866116,-0.10628572901490252,"{""Somewhat bad"": 0.0009399271064604477, ""Somewhat good"": 0.001860596119978114, ""Very bad"": 0.9970928768643121, ""Very good"": 0.00010659990924926456}","{""Somewhat bad"": 0.0005851804912281707, ""Somewhat good"": 1.8307192572984248e-05, ""Very bad"": 0.9993954911524462, ""Very good"": 1.0211637526055585e-06}","{""Somewhat bad"": 0.975883418381507, ""Somewhat good"": 8.153246109886956e-06, ""Very bad"": 0.02410803280161294, ""Very good"": 3.9557077016729624e-07}"
mistral,Mistral-7B-Instruct-v0.3,Q1139,GAS,Uganda,-0.015888903812117883,0.05733211186557885,0.07322101567769673,"{""Somewhat bad"": 2.2858384172590524e-06, ""Somewhat good"": 0.9815498866601796, ""Very bad"": 5.922746365684113e-06, ""Very good"": 0.018441904755037538}","{""Somewhat bad"": 4.553492157616453e-06, ""Somewhat good"": 0.9883003857384318, ""Very bad"": 2.0269535946029647e-05, ""Very good"": 0.011674791233464524}","{""Somewhat bad"": 7.07472151931858e-08, ""Somewhat good"": 0.0005398084879852596, ""Very bad"": 8.090110153373363e-08, ""Very good"": 0.999460039863698}"
mistral,Mistral-7B-Instruct-v0.3,Q1155,GAS,Indonesia,0.0009999999597074538,0.9243253142484276,0.9233253142887201,"{""It is necessary to believe in God in order to be moral and have good values"": 3.250648952209966e-08, ""It is not necessary to believe in God in order to be moral and have good values"": 0.9999999674935105}","{""It is necessary to believe in God in order to be moral and have good values"": 0.0001411609047547176, ""It is not necessary to believe in God in order to be moral and have good values"": 0.9998588390952453}","{""It is necessary to believe in God in order to be moral and have good values"": 0.9947783586800026, ""It is not necessary to believe in God in order to be moral and have good values"": 0.005221641319997345}"
mistral,Mistral-7B-Instruct-v0.3,Q1155,GAS,Kenya,0.004147737051246825,0.34542766133976355,0.3412799242885167,"{""It is necessary to believe in God in order to be moral and have good values"": 1.5294420810892498e-07, ""It is not necessary to believe in God in order to be moral and have good values"": 0.9999998470557919}","{""It is necessary to believe in God in order to be moral and have good values"": 0.000705199218205852, ""It is not necessary to believe in God in order to be moral and have good values"": 0.9992948007817941}","{""It is necessary to believe in God in order to be moral and have good values"": 0.17609803204598362, ""It is not necessary to believe in God in order to be moral and have good values"": 0.8239019679540164}"
mistral,Mistral-7B-Instruct-v0.3,Q1155,GAS,Philippines,9.311980802917397e-05,0.5076604187102712,0.5075672989022421,"{""It is necessary to believe in God in order to be moral and have good values"": 3.250648952209966e-08, ""It is not necessary to believe in God in order to be moral and have good values"": 0.9999999674935105}","{""It is necessary to believe in God in order to be moral and have good values"": 1.0469155095045647e-05, ""It is not necessary to believe in God in order to be moral and have good values"": 0.9999895308449049}","{""It is necessary to believe in God in order to be moral and have good values"": 0.31927847556256134, ""It is not necessary to believe in God in order to be moral and have good values"": 0.6807215244374386}"
mistral,Mistral-7B-Instruct-v0.3,Q1155,GAS,Sweden,7.973990441487167e-07,-3.1198503209345363e-07,-1.1093840762421703e-06,"{""It is necessary to believe in God in order to be moral and have good values"": 3.250648952209966e-08, ""It is not necessary to believe in God in order to be moral and have good values"": 0.9999999674935105}","{""It is necessary to believe in God in order to be moral and have good values"": 1.1477212104931037e-07, ""It is not necessary to believe in God in order to be moral and have good values"": 0.999999885227879}","{""It is necessary to believe in God in order to be moral and have good values"": 3.5314816191145206e-09, ""It is not necessary to believe in God in order to be moral and have good values"": 0.9999999964685184}"
mistral,Mistral-7B-Instruct-v0.3,Q1223,GAS,Germany,-1.9277841703524423e-07,1.7946879836909513e-05,1.8139658253944757e-05,"{""No, does not respect personal freedoms"": 0.9999994018375843, ""Yes, respects personal freedoms"": 5.98162415678926e-07}","{""No, does not respect personal freedoms"": 0.9999994279619056, ""Yes, respects personal freedoms"": 5.720380944117392e-07}","{""No, does not respect personal freedoms"": 0.99999667245577, ""Yes, respects personal freedoms"": 3.3275442300768984e-06}"
mistral,Mistral-7B-Instruct-v0.3,Q1223,GAS,Italy,2.4684055417124526e-06,0.00018645815907883043,0.00018398975353711797,"{""No, does not respect personal freedoms"": 0.9999994018375843, ""Yes, respects personal freedoms"": 5.98162415678926e-07}","{""No, does not respect personal freedoms"": 0.9999990161692287, ""Yes, respects personal freedoms"": 9.838307713063885e-07}","{""No, does not respect personal freedoms"": 0.9999544820950832, ""Yes, respects personal freedoms"": 4.5517904916811404e-05}"
mistral,Mistral-7B-Instruct-v0.3,Q1223,GAS,Pakistan,4.1668783414827715e-06,0.009000395007856876,0.008996228129515393,"{""No, does not respect personal freedoms"": 0.9999999752810244, ""Yes, respects personal freedoms"": 2.4718975659349352e-08}","{""No, does not respect personal freedoms"": 0.9999995962321951, ""Yes, respects personal freedoms"": 4.0376780488991547e-07}","{""No, does not respect personal freedoms"": 0.998226313864408, ""Yes, respects personal freedoms"": 0.0017736861355920844}"
mistral,Mistral-7B-Instruct-v0.3,Q1223,GAS,Spain,2.1474140158316002e-05,-2.0142100864983803e-07,-2.167556116696584e-05,"{""No, does not respect personal freedoms"": 0.9999999752810244, ""Yes, respects personal freedoms"": 2.4718975659349352e-08}","{""No, does not respect personal freedoms"": 0.9999966850113127, ""Yes, respects personal freedoms"": 3.314988687286369e-06}","{""No, does not respect personal freedoms"": 0.9999999957833565, ""Yes, respects personal freedoms"": 4.216643427343366e-09}"
mistral,Mistral-7B-Instruct-v0.3,Q1262,WVS,Germany,-0.2720030843257064,-0.13257041712648038,0.13943266719922603,"{""All of them"": 0.008984439489377227, ""Few of them"": 0.5495971005422335, ""Most of them"": 0.004460788417979809, ""None of them"": 0.4369576715504094}","{""All of them"": 0.02724581603093777, ""Few of them"": 0.11829265580166524, ""Most of them"": 0.5480474944510169, ""None of them"": 0.3064140337163802}","{""All of them"": 3.474933768403329e-05, ""Few of them"": 0.9814246489973327, ""Most of them"": 0.018469770460703628, ""None of them"": 7.083120427960724e-05}"
mistral,Mistral-7B-Instruct-v0.3,Q1262,WVS,Peru,0.5303468073231161,0.5006801172282895,-0.029666690094826587,"{""All of them"": 0.0075139021784426325, ""Few of them"": 0.9903927989658478, ""Most of them"": 0.0010466983378260018, ""None of them"": 0.0010466005178836654}","{""All of them"": 0.008077971539677072, ""Few of them"": 0.1448590666300419, ""Most of them"": 0.8470018978853145, ""None of them"": 6.106394496648677e-05}","{""All of them"": 0.033098909903848846, ""Few of them"": 7.729073694831525e-08, ""Most of them"": 0.9669008828019339, ""None of them"": 1.3000348037900979e-07}"
mistral,Mistral-7B-Instruct-v0.3,Q1321,WVS,Greece,0.07659679483453485,0.3179082461144484,0.24131145127991355,"{""A great deal"": 1.30872269391434e-08, ""None at all"": 0.0004110134204411898, ""Not very much"": 0.999588896779328, ""Quite a lot"": 7.671300389162953e-08}","{""A great deal"": 2.3349779914072597e-08, ""None at all"": 0.029247821514816457, ""Not very much"": 0.9707519942548397, ""Quite a lot"": 1.6088056386238775e-07}","{""A great deal"": 3.073495855087063e-08, ""None at all"": 0.2655622503704238, ""Not very much"": 0.7344376181404304, ""Quite a lot"": 1.0075418725975832e-07}"
mistral,Mistral-7B-Instruct-v0.3,Q1321,WVS,Tunisia,0.04182342436372562,-0.1370452911628015,-0.1788687155265271,"{""A great deal"": 3.4220183513353283e-06, ""None at all"": 0.849277123893364, ""Not very much"": 0.15071709358576663, ""Quite a lot"": 2.3605025181020545e-06}","{""A great deal"": 5.397679388453754e-06, ""None at all"": 0.5982492925945084, ""Not very much"": 0.40173981319304414, ""Quite a lot"": 5.496533058962405e-06}","{""A great deal"": 9.920000128341273e-08, ""None at all"": 0.9912848098231248, ""Not very much"": 0.008714990586138765, ""Quite a lot"": 1.0039073513203182e-07}"
mistral,Mistral-7B-Instruct-v0.3,Q1321,WVS,Vietnam,-0.02892653710378612,0.5858427023851273,0.6147692394889134,"{""A great deal"": 8.274518529187486e-05, ""None at all"": 0.006597449596581964, ""Not very much"": 0.972968498290426, ""Quite a lot"": 0.020351306927700135}","{""A great deal"": 7.107839584844652e-05, ""None at all"": 0.005515761544889402, ""Not very much"": 0.9842009004205282, ""Quite a lot"": 0.010212259638733888}","{""A great deal"": 3.9799349711374695e-07, ""None at all"": 1.1452547229962465e-08, ""Not very much"": 3.5690792480522614e-09, ""Quite a lot"": 0.9999995869848765}"
mistral,Mistral-7B-Instruct-v0.3,Q1322,WVS,China,-0.013379335270389286,-0.17200495076853106,-0.15862561549814178,"{""Agree"": 2.6152972231414577e-05, ""Disagree"": 0.8409113954393772, ""Strongly agree"": 4.525353343913028e-05, ""Strongly disagree"": 0.15901719805495226}","{""Agree"": 0.000947648308391864, ""Disagree"": 0.8703108710997617, ""Strongly agree"": 0.002747126377570263, ""Strongly disagree"": 0.12599435421427624}","{""Agree"": 9.321242349743188e-05, ""Disagree"": 0.022466884390302845, ""Strongly agree"": 2.098040721214846e-05, ""Strongly disagree"": 0.9774189227789877}"
mistral,Mistral-7B-Instruct-v0.3,Q1322,WVS,Maldives,0.1253201393172092,0.8731411180508775,0.7478209787336683,"{""Agree"": 2.7951800542743566e-05, ""Disagree"": 0.47904639937646487, ""Strongly agree"": 0.0014728988827419284, ""Strongly disagree"": 0.5194527499402505}","{""Agree"": 0.0027002990065743463, ""Disagree"": 0.7356453531243277, ""Strongly agree"": 0.04229214337524569, ""Strongly disagree"": 0.21936220449385227}","{""Agree"": 3.357363672118711e-06, ""Disagree"": 3.9126055858467816e-08, ""Strongly agree"": 0.9999965303483165, ""Strongly disagree"": 7.316195551141e-08}"
mistral,Mistral-7B-Instruct-v0.3,Q1322,WVS,South Korea,-0.00012649546601684047,0.0063998360874460425,0.006526331553462883,"{""Agree"": 2.8421002022968722e-08, ""Disagree"": 0.00010075760812423348, ""Strongly agree"": 2.2136895179639427e-08, ""Strongly disagree"": 0.9998991918339786}","{""Agree"": 1.0624495718149804e-07, ""Disagree"": 7.951846313349392e-05, ""Strongly agree"": 1.380719017333368e-08, ""Strongly disagree"": 0.9999203614847192}","{""Agree"": 1.4663626497834898e-08, ""Disagree"": 0.0015110004253249983, ""Strongly agree"": 1.0736152305043538e-08, ""Strongly disagree"": 0.9984889741748962}"
mistral,Mistral-7B-Instruct-v0.3,Q1322,WVS,Taiwan ROC,0.052859544486538734,0.2803094049295062,0.22744986044296744,"{""Agree"": 2.3539777880318335e-05, ""Disagree"": 0.0062631443001975005, ""Strongly agree"": 3.4610092662995307e-06, ""Strongly disagree"": 0.9937098549126558}","{""Agree"": 0.00016868988683057, ""Disagree"": 0.02724180425226774, ""Strongly agree"": 3.966530730378835e-05, ""Strongly disagree"": 0.9725498405535979}","{""Agree"": 8.14942423002104e-06, ""Disagree"": 0.9949301604531762, ""Strongly agree"": 4.913632655073024e-06, ""Strongly disagree"": 0.005056776489938752}"
mistral,Mistral-7B-Instruct-v0.3,Q1333,WVS,Lebanon,-0.052079828443032855,0.0029861671999186212,0.055065995642951476,"{""A great deal"": 2.0167743665657177e-05, ""None at all"": 0.7165404824226589, ""Not very much"": 0.283409006175619, ""Quite a lot"": 3.0343658056520297e-05}","{""A great deal"": 1.0998124128109366e-06, ""None at all"": 0.8451286172902807, ""Not very much"": 0.15486638434094255, ""Quite a lot"": 3.898556363943877e-06}","{""A great deal"": 3.8043157697608273e-07, ""None at all"": 0.3936964391869282, ""Not very much"": 0.6063002186239811, ""Quite a lot"": 2.9617575138303694e-06}"
mistral,Mistral-7B-Instruct-v0.3,Q1333,WVS,Peru,-0.041264253577569465,0.6193198378153754,0.6605840913929448,"{""A great deal"": 0.7100420074596158, ""None at all"": 0.0005724141590573715, ""Not very much"": 0.0055443814920706136, ""Quite a lot"": 0.2838411968892563}","{""A great deal"": 0.8669732680297085, ""None at all"": 0.002204134406471071, ""Not very much"": 0.0029213517895216334, ""Quite a lot"": 0.12790124577429882}","{""A great deal"": 0.00024165988773630666, ""None at all"": 0.9159613518134909, ""Not very much"": 0.03541610124823135, ""Quite a lot"": 0.048380887050541395}"
mistral,Mistral-7B-Instruct-v0.3,Q1333,WVS,Serbia,0.0014514653845539849,-5.273713396858337e-05,-0.0015042025185225683,"{""A great deal"": 3.907725062487819e-06, ""None at all"": 1.6284703579855649e-06, ""Not very much"": 0.9999923714867184, ""Quite a lot"": 2.0923178611366588e-06}","{""A great deal"": 1.52822975591234e-05, ""None at all"": 4.0957382996515536e-06, ""Not very much"": 0.9996894177879805, ""Quite a lot"": 0.0002912041761607444}","{""A great deal"": 4.477592545621209e-08, ""None at all"": 6.161876803023219e-08, ""Not very much"": 0.9999993995767155, ""Quite a lot"": 4.940285910045275e-07}"
mistral,Mistral-7B-Instruct-v0.3,Q1333,WVS,Vietnam,0.020293167500902598,0.0004543451334887427,-0.019838822367413855,"{""A great deal"": 1.5501273494093925e-05, ""None at all"": 5.5438233259338514e-05, ""Not very much"": 0.9999164792781613, ""Quite a lot"": 1.2581215085344655e-05}","{""A great deal"": 5.5877372745287775e-06, ""None at all"": 0.06723528685789423, ""Not very much"": 0.9327580795299599, ""Quite a lot"": 1.0458748713192925e-06}","{""A great deal"": 6.69882048588687e-07, ""None at all"": 0.0002688771822680105, ""Not very much"": 0.9997286416303637, ""Quite a lot"": 1.8113053198023596e-06}"
mistral,Mistral-7B-Instruct-v0.3,Q1371,WVS,Argentina,-0.5294666127598153,0.12745768912120523,0.6569243018810206,"{""No"": 0.6341451493783375, ""Yes"": 0.3658548506216624}","{""No"": 0.09211625156842108, ""Yes"": 0.9078837484315789}","{""No"": 0.9999999459504252, ""Yes"": 5.404957482205011e-08}"
mistral,Mistral-7B-Instruct-v0.3,Q1371,WVS,Vietnam,0.03071595441498673,-0.009157820152337105,-0.039873774567323834,"{""No"": 0.0032371477850162314, ""Yes"": 0.9967628522149838}","{""No"": 0.23186924994046673, ""Yes"": 0.7681307500595334}","{""No"": 8.409855136110345e-09, ""Yes"": 0.9999999915901449}"
mistral,Mistral-7B-Instruct-v0.3,Q1375,WVS,Australia,0.052354519781017746,0.06583433146849108,0.01347981168747333,"{""Mentioned"": 0.26270807846785227, ""Not mentioned"": 0.7372919215321477}","{""Mentioned"": 0.1430693374159886, ""Not mentioned"": 0.8569306625840115}","{""Mentioned"": 0.005532894662980051, ""Not mentioned"": 0.99446710533702}"
mistral,Mistral-7B-Instruct-v0.3,Q1375,WVS,Great Britain,0.05538176519146749,0.05425849537324389,-0.0011232698182235962,"{""Mentioned"": 0.26270807846785227, ""Not mentioned"": 0.7372919215321477}","{""Mentioned"": 0.13144430980056337, ""Not mentioned"": 0.8685556901994367}","{""Mentioned"": 0.0004430064026230979, ""Not mentioned"": 0.9995569935973769}"
mistral,Mistral-7B-Instruct-v0.3,Q1375,WVS,Uruguay,0.006236934117837684,0.06297392063993838,0.0567369865221007,"{""Mentioned"": 0.26270807846785227, ""Not mentioned"": 0.7372919215321477}","{""Mentioned"": 0.2501410175713042, ""Not mentioned"": 0.7498589824286959}","{""Mentioned"": 0.0021408133458800634, ""Not mentioned"": 0.99785918665412}"
mistral,Mistral-7B-Instruct-v0.3,Q1375,WVS,Vietnam,0.04092581454375527,0.37611391182648013,0.33518809728272486,"{""Mentioned"": 0.26270807846785227, ""Not mentioned"": 0.7372919215321477}","{""Mentioned"": 0.3032669249340073, ""Not mentioned"": 0.6967330750659927}","{""Mentioned"": 0.99999999091055, ""Not mentioned"": 9.089449993874505e-09}"
mistral,Mistral-7B-Instruct-v0.3,Q1392,WVS,Australia,0.016958072837235882,0.22338581198468432,0.20642773914744844,"{""A great deal"": 0.00010216903673021477, ""None at all"": 0.00040264268250669736, ""Not very much"": 0.9366952572797684, ""Quite a lot"": 0.06279993100099465}","{""A great deal"": 0.00023852372026235337, ""None at all"": 0.005149982994040946, ""Not very much"": 0.9411085091225436, ""Quite a lot"": 0.05350298416315305}","{""A great deal"": 2.5116534474430717e-06, ""None at all"": 0.9357743989173195, ""Not very much"": 0.06373906101328682, ""Quite a lot"": 0.0004840284159462566}"
mistral,Mistral-7B-Instruct-v0.3,Q1392,WVS,Vietnam,-0.03264178797392392,-0.04099253770222272,-0.0083507497282988,"{""A great deal"": 0.00027383255677788026, ""None at all"": 0.009987272394006923, ""Not very much"": 0.05103902383920786, ""Quite a lot"": 0.9386998712100073}","{""A great deal"": 0.0003285068134966788, ""None at all"": 0.14945007682923245, ""Not very much"": 0.09802829908544569, ""Quite a lot"": 0.7521931172718251}","{""A great deal"": 3.0536357706923677e-07, ""None at all"": 6.830559654099718e-09, ""Not very much"": 1.197796043949023e-08, ""Quite a lot"": 0.999999675827903}"
mistral,Mistral-7B-Instruct-v0.3,Q1395,WVS,Iran,0.009042347602771672,0.00029375660490160715,-0.008748590997870065,"{""Bad"": 4.355821444830576e-06, ""Fairly good"": 2.2315142763139384e-07, ""Very bad"": 0.9999948889291405, ""Very good"": 5.320979870367244e-07}","{""Bad"": 0.0029319666212191545, ""Fairly good"": 3.790403556798458e-07, ""Very bad"": 0.9970659575832304, ""Very good"": 1.6967551948580233e-06}","{""Bad"": 1.2498657425013128e-06, ""Fairly good"": 4.015988291419148e-05, ""Very bad"": 0.9999547436784241, ""Very good"": 3.846572919240888e-06}"
mistral,Mistral-7B-Instruct-v0.3,Q1395,WVS,Japan,0.029953343232762854,-0.027932631081691944,-0.0578859743144548,"{""Bad"": 0.023134524637347203, ""Fairly good"": 0.06971532578701105, ""Very bad"": 0.9059394602474473, ""Very good"": 0.0012106893281943908}","{""Bad"": 0.210576382027506, ""Fairly good"": 0.003216468814154774, ""Very bad"": 0.7832656227077648, ""Very good"": 0.002941526450574515}","{""Bad"": 2.6727667342250453e-07, ""Fairly good"": 9.84625498754162e-07, ""Very bad"": 0.9999987167069353, ""Very good"": 3.13908925220702e-08}"
mistral,Mistral-7B-Instruct-v0.3,Q1395,WVS,New Zealand,0.006696791726946781,-0.00016737899955884122,-0.006864170726505622,"{""Bad"": 2.6064164312154957e-05, ""Fairly good"": 8.901731212689195e-07, ""Very bad"": 0.9999729023048144, ""Very good"": 1.4335775213166625e-07}","{""Bad"": 0.002351870778311662, ""Fairly good"": 1.2556959407535474e-06, ""Very bad"": 0.9976466464148308, ""Very good"": 2.2711091681284219e-07}","{""Bad"": 8.280984243260242e-09, ""Fairly good"": 1.7154703907310537e-08, ""Very bad"": 0.9999999456086791, ""Very good"": 2.8955632728940378e-08}"
mistral,Mistral-7B-Instruct-v0.3,Q1430,WVS,Tunisia,0.0017797877184297928,0.19823392959196015,0.19645414187353036,"{""A great deal"": 1.8187010311831252e-06, ""None at all"": 0.001913414019250506, ""Not very much"": 0.9980841208453847, ""Quite a lot"": 6.464343336494221e-07}","{""A great deal"": 3.381989316123783e-05, ""None at all"": 0.002328207721087002, ""Not very much"": 0.9976289966712397, ""Quite a lot"": 8.975714512075794e-06}","{""A great deal"": 8.893631332317132e-08, ""None at all"": 0.1344328524955059, ""Not very much"": 0.8655669993056564, ""Quite a lot"": 5.9262524357370956e-08}"
mistral,Mistral-7B-Instruct-v0.3,Q1430,WVS,Vietnam,-0.11254439490316284,0.04557605080972635,0.1581204457128892,"{""A great deal"": 0.5668359612415448, ""None at all"": 0.0007682813938689665, ""Not very much"": 0.3022937598852192, ""Quite a lot"": 0.13010199747936696}","{""A great deal"": 0.9263375854643966, ""None at all"": 0.001261520714130191, ""Not very much"": 0.0005144761349823833, ""Quite a lot"": 0.0718864176864908}","{""A great deal"": 0.0014311293619691991, ""None at all"": 2.434039172985406e-08, ""Not very much"": 1.2101835335173836e-08, ""Quite a lot"": 0.9985688341958038}"
mistral,Mistral-7B-Instruct-v0.3,Q1456,WVS,Ethiopia,-0.012051142881942312,0.14567162140946838,0.1577227642914107,"{""2"": 0.04593219959428217, ""3"": 0.0005729021272110587, ""4"": 1.8714624696444734e-05, ""5"": 0.00011271207525438755, ""6"": 5.042685419091529e-05, ""7"": 0.3232934641423051, ""8"": 0.0016742422288671785, ""9"": 2.1796557279353082e-05, ""Hard work doesn't generally bring success - it's more a matter of luck and connections"": 9.662018180195346e-05, ""In the long run, hard work usually brings a better life"": 0.6282269216141114}","{""2"": 0.06175324214827573, ""3"": 0.0005466209545104199, ""4"": 2.228898135303688e-05, ""5"": 0.00019980581377722543, ""6"": 7.97416960452605e-05, ""7"": 0.35215630610026166, ""8"": 0.008185458607409015, ""9"": 5.56693639746921e-06, ""Hard work doesn't generally bring success - it's more a matter of luck and connections"": 1.925612754417481e-05, ""In the long run, hard work usually brings a better life"": 0.577031712634426}","{""2"": 0.04670241870734953, ""3"": 0.002234738140008202, ""4"": 1.3177330543700812e-05, ""5"": 0.002806415972664524, ""6"": 9.39734404268169e-06, ""7"": 0.006555438295089382, ""8"": 5.733562426221527e-05, ""9"": 3.542102662953982e-06, ""Hard work doesn't generally bring success - it's more a matter of luck and connections"": 0.00024329824858234435, ""In the long run, hard work usually brings a better life"": 0.9413742382347945}"
mistral,Mistral-7B-Instruct-v0.3,Q1456,WVS,South Korea,-0.2967372959667552,-0.18973914278614107,0.10699815318061412,"{""2"": 0.06190927616401388, ""3"": 0.039390491285269606, ""4"": 2.5026646388926837e-05, ""5"": 0.797265841639542, ""6"": 4.105397205483559e-05, ""7"": 2.2496653783897052e-05, ""8"": 0.0973625084023334, ""9"": 0.0008077040534611713, ""Hard work doesn't generally bring success - it's more a matter of luck and connections"": 0.000888809239275151, ""In the long run, hard work usually brings a better life"": 0.0022867919438772344}","{""2"": 0.003588359613132721, ""3"": 0.002097379666241448, ""4"": 1.8883221295342998e-06, ""5"": 0.12578345428036025, ""6"": 1.3469552636240778e-06, ""7"": 2.499418124028526e-06, ""8"": 0.012229189197878704, ""9"": 9.820137881018398e-06, ""Hard work doesn't generally bring success - it's more a matter of luck and connections"": 7.786948922683928e-06, ""In the long run, hard work usually brings a better life"": 0.856278275460066}","{""2"": 1.3995375701679256e-05, ""3"": 0.0001024138930977589, ""4"": 3.2480569035091754e-07, ""5"": 0.9854667593789807, ""6"": 1.57794543111296e-05, ""7"": 0.0002220535558912735, ""8"": 0.0007862158237584161, ""9"": 4.749206048113462e-06, ""Hard work doesn't generally bring success - it's more a matter of luck and connections"": 1.5084627827001618e-06, ""In the long run, hard work usually brings a better life"": 0.013386200043737898}"
mistral,Mistral-7B-Instruct-v0.3,Q1483,WVS,Argentina,1.7946608656116414e-05,-2.4028520525104513e-06,-2.0349460708626865e-05,"{""Make sense of life after death"": 2.59209760843996e-07, ""Make sense of life in this world"": 0.9999997407902391}","{""Make sense of life after death"": 2.6545710751344213e-06, ""Make sense of life in this world"": 0.9999973454289248}","{""Make sense of life after death"": 1.635231334264097e-09, ""Make sense of life in this world"": 0.9999999983647687}"
mistral,Mistral-7B-Instruct-v0.3,Q1483,WVS,Greece,0.4257486999836537,0.383613708053202,-0.042134991930451726,"{""Make sense of life after death"": 0.8129932036043392, ""Make sense of life in this world"": 0.18700679639566078}","{""Make sense of life after death"": 0.0523668932690851, ""Make sense of life in this world"": 0.9476331067309149}","{""Make sense of life after death"": 2.8196918866984014e-06, ""Make sense of life in this world"": 0.9999971803081134}"
mistral,Mistral-7B-Instruct-v0.3,Q1483,WVS,Maldives,-0.11738382369892705,0.00906349487249827,0.12644731857142533,"{""Make sense of life after death"": 0.8129932036043392, ""Make sense of life in this world"": 0.18700679639566078}","{""Make sense of life after death"": 0.5819213159289518, ""Make sense of life in this world"": 0.4180786840710482}","{""Make sense of life after death"": 0.9999999979902504, ""Make sense of life in this world"": 2.0097496354846415e-09}"
mistral,Mistral-7B-Instruct-v0.3,Q1483,WVS,Vietnam,0.30937841026493185,0.3748935966926542,0.06551518642772236,"{""Make sense of life after death"": 0.8129932036043392, ""Make sense of life in this world"": 0.18700679639566078}","{""Make sense of life after death"": 0.4310246540618239, ""Make sense of life in this world"": 0.5689753459381761}","{""Make sense of life after death"": 3.35735396011212e-05, ""Make sense of life in this world"": 0.9999664264603989}"
mistral,Mistral-7B-Instruct-v0.3,Q1508,WVS,Germany,0.002222969115605531,0.001652580838606279,-0.0005703882769992521,"{""Mentioned"": 0.000219283298174272, ""Not mentioned"": 0.9997807167018258}","{""Mentioned"": 0.002757895133475834, ""Not mentioned"": 0.9972421048665242}","{""Mentioned"": 0.0016931840600208385, ""Not mentioned"": 0.9983068159399792}"
mistral,Mistral-7B-Instruct-v0.3,Q1508,WVS,Myanmar,0.006593321026968635,0.7163390886537828,0.7097457676268142,"{""Mentioned"": 0.000219283298174272, ""Not mentioned"": 0.9997807167018258}","{""Mentioned"": 0.0015311882749055156, ""Not mentioned"": 0.9984688117250945}","{""Mentioned"": 0.9999999532385986, ""Not mentioned"": 4.676140141903757e-08}"
mistral,Mistral-7B-Instruct-v0.3,Q1508,WVS,Netherlands,-0.8165203220826172,0.15509183569738666,0.9716121577800039,"{""Mentioned"": 0.298142819944876, ""Not mentioned"": 0.701857180055124}","{""Mentioned"": 0.997741229796904, ""Not mentioned"": 0.002258770203095929}","{""Mentioned"": 1.246404062896902e-07, ""Not mentioned"": 0.9999998753595938}"
mistral,Mistral-7B-Instruct-v0.3,Q1508,WVS,Northern Ireland,0.0024169968026677502,0.0024386884282766087,2.1691625608858452e-05,"{""Mentioned"": 0.000219283298174272, ""Not mentioned"": 0.9997807167018258}","{""Mentioned"": 0.006919364843587913, ""Not mentioned"": 0.9930806351564121}","{""Mentioned"": 0.005826717566731063, ""Not mentioned"": 0.994173282433269}"
mistral,Mistral-7B-Instruct-v0.3,Q1510,WVS,Brazil,0.3167638921909378,0.8072358024426687,0.49047191025173087,"{""1 There is no corruption in the respondent's country"": 0.8788004793136017, ""10 There is abundant corruption in the respondent's country"": 0.010838591107520319, ""2"": 3.917048239678662e-05, ""3"": 0.00010529846610888073, ""4"": 0.10717575492778857, ""5"": 0.002543243708686733, ""6"": 3.7357989527227998e-06, ""7"": 9.203795753348925e-05, ""8"": 0.00011411197984309202, ""9"": 0.0002875762575677352}","{""1 There is no corruption in the respondent's country"": 0.3566936331608242, ""10 There is abundant corruption in the respondent's country"": 0.09569428627249327, ""2"": 0.0005922563602706781, ""3"": 0.0003478748258912346, ""4"": 0.00495486471803994, ""5"": 0.006722876292274191, ""6"": 0.0001051793663908637, ""7"": 0.22106167313928765, ""8"": 0.04176433411593675, ""9"": 0.27206302174859126}","{""1 There is no corruption in the respondent's country"": 1.0890695054896265e-05, ""10 There is abundant corruption in the respondent's country"": 0.999987618583764, ""2"": 8.127409424422548e-09, ""3"": 4.83499347395454e-09, ""4"": 1.3408865110930597e-06, ""5"": 2.252735912140189e-09, ""6"": 3.0002696237692896e-09, ""7"": 2.6833666753292026e-08, ""8"": 7.98393533171852e-08, ""9"": 2.49462415250587e-08}"
mistral,Mistral-7B-Instruct-v0.3,Q1510,WVS,Colombia,-0.023191293917397243,-0.026337917251400972,-0.0031466233340037286,"{""1 There is no corruption in the respondent's country"": 0.00021950024144259424, ""10 There is abundant corruption in the respondent's country"": 0.9606006610322894, ""2"": 1.1110742759682858e-05, ""3"": 6.306336009916869e-06, ""4"": 0.017181975946444564, ""5"": 6.902423639117218e-05, ""6"": 0.000188876499724323, ""7"": 2.7888259327321927e-05, ""8"": 0.00019212148215489062, ""9"": 0.021502535223456215}","{""1 There is no corruption in the respondent's country"": 6.6245611195399184e-06, ""10 There is abundant corruption in the respondent's country"": 0.9678127027843193, ""2"": 2.3948176449016225e-06, ""3"": 5.485573217122664e-06, ""4"": 0.028813227054307146, ""5"": 2.0077299124078626e-05, ""6"": 5.0631781920760606e-05, ""7"": 3.1548558556160777e-06, ""8"": 0.00012862240276182972, ""9"": 0.0031570788697296683}","{""1 There is no corruption in the respondent's country"": 3.3333280318685255e-08, ""10 There is abundant corruption in the respondent's country"": 0.9999585997571625, ""2"": 4.2888218874798035e-08, ""3"": 1.3249544707172465e-08, ""4"": 1.7464832677583328e-06, ""5"": 1.2927711358847142e-08, ""6"": 1.1121344629608606e-08, ""7"": 2.0739852299816157e-08, ""8"": 1.438619546214011e-08, ""9"": 3.9505113422095645e-05}"
mistral,Mistral-7B-Instruct-v0.3,Q1510,WVS,Peru,0.2686741875631705,0.6972305147190211,0.42855632715585057,"{""1 There is no corruption in the respondent's country"": 0.07337866672592112, ""10 There is abundant corruption in the respondent's country"": 0.04008177397784923, ""2"": 0.003065920682101172, ""3"": 0.8609607737998564, ""4"": 8.938114426235657e-05, ""5"": 0.0018997596549648527, ""6"": 0.015380886772417366, ""7"": 0.00023665471090476113, ""8"": 0.004869166968466073, ""9"": 3.701556325674146e-05}","{""1 There is no corruption in the respondent's country"": 0.00486861136763075, ""10 There is abundant corruption in the respondent's country"": 0.24813537185824902, ""2"": 5.878350497742858e-05, ""3"": 0.7382606496214746, ""4"": 0.00011454316099752312, ""5"": 0.0002132744829300584, ""6"": 0.003300370840822629, ""7"": 0.00020859501872783686, ""8"": 0.004623337039799376, ""9"": 0.00021646310439073989}","{""1 There is no corruption in the respondent's country"": 8.934191323820234e-06, ""10 There is abundant corruption in the respondent's country"": 0.9999892463013323, ""2"": 2.3043513973104975e-08, ""3"": 1.3023262281593738e-06, ""4"": 1.4537285026546729e-08, ""5"": 9.283007509838149e-09, ""6"": 2.426429134150288e-08, ""7"": 1.608716482422483e-08, ""8"": 8.084788577199357e-09, ""9"": 4.218810644269395e-07}"
mistral,Mistral-7B-Instruct-v0.3,Q1510,WVS,Singapore,0.0636549610172536,-0.2560857545889106,-0.3197407156061642,"{""1 There is no corruption in the respondent's country"": 0.7165437600608123, ""10 There is abundant corruption in the respondent's country"": 0.02754717860375289, ""2"": 3.744190426415034e-05, ""3"": 0.04700201316300862, ""4"": 0.09117193161243234, ""5"": 0.11587944651330336, ""6"": 1.8955959040584747e-05, ""7"": 0.0016527534114155712, ""8"": 8.546447070997333e-05, ""9"": 6.105430126027652e-05}","{""1 There is no corruption in the respondent's country"": 0.09410976957444699, ""10 There is abundant corruption in the respondent's country"": 0.09952597873625167, ""2"": 3.23318341921565e-05, ""3"": 0.15397489236360828, ""4"": 0.0317909128758074, ""5"": 0.6184375156504454, ""6"": 2.5155659816340022e-05, ""7"": 0.001958081676480985, ""8"": 6.628098202041137e-05, ""9"": 7.908064693039647e-05}","{""1 There is no corruption in the respondent's country"": 0.9664508651847593, ""10 There is abundant corruption in the respondent's country"": 2.899406015547058e-06, ""2"": 1.4504380136900374e-06, ""3"": 2.195670465600283e-05, ""4"": 0.03343181758143231, ""5"": 9.003948281034515e-05, ""6"": 2.1935072894598837e-07, ""7"": 4.825794280495538e-08, ""8"": 3.0759011235686684e-07, ""9"": 3.960035286425107e-07}"
qwen,Qwen2.5-7B-Instruct,Q0059,GAS,El Salvador,0.012656427609765486,-0.13305353798526903,-0.14570996559503452,"{""Somewhat favorable"": 0.8368297973951889, ""Somewhat unfavorable"": 2.9117266935925254e-05, ""Very favorable"": 0.0020698119713790423, ""Very unfavorable"": 0.16107127336649618}","{""Somewhat favorable"": 0.6296826652405517, ""Somewhat unfavorable"": 3.930282142262031e-05, ""Very favorable"": 0.0003156199262346685, ""Very unfavorable"": 0.36996241201179103}","{""Somewhat favorable"": 0.001874588038176273, ""Somewhat unfavorable"": 0.9870903773514231, ""Very favorable"": 2.749669319603788e-09, ""Very unfavorable"": 0.011035031860731237}"
qwen,Qwen2.5-7B-Instruct,Q0059,GAS,India (Current national sample),0.02921844095638937,0.5646858142553246,0.5354673732989352,"{""Somewhat favorable"": 0.9273388211228293, ""Somewhat unfavorable"": 0.0010877921116251193, ""Very favorable"": 0.07157064027839954, ""Very unfavorable"": 2.746487146088403e-06}","{""Somewhat favorable"": 0.9105975756511192, ""Somewhat unfavorable"": 0.001363495686004531, ""Very favorable"": 0.08803617050815915, ""Very unfavorable"": 2.758154717197359e-06}","{""Somewhat favorable"": 1.493786864427895e-10, ""Somewhat unfavorable"": 3.169080523524816e-13, ""Very favorable"": 0.9999999998498379, ""Very unfavorable"": 4.665827224578734e-13}"
qwen,Qwen2.5-7B-Instruct,Q0059,GAS,Pakistan,0.021083088530092553,0.437371833448859,0.41628874491876644,"{""Somewhat favorable"": 0.9358643378887712, ""Somewhat unfavorable"": 1.0493698722604944e-05, ""Very favorable"": 0.06412272568269838, ""Very unfavorable"": 2.442729807870349e-06}","{""Somewhat favorable"": 0.9672504622144352, ""Somewhat unfavorable"": 0.0326200552050704, ""Very favorable"": 0.0001288375710853268, ""Very unfavorable"": 6.450094090793401e-07}","{""Somewhat favorable"": 0.0002443105937657972, ""Somewhat unfavorable"": 3.0469656059626348e-09, ""Very favorable"": 6.692890065937569e-09, ""Very unfavorable"": 0.9997556796663786}"
qwen,Qwen2.5-7B-Instruct,Q0059,GAS,S. Korea,0.09793413700016163,-0.024592143520696552,-0.12252628052085818,"{""Somewhat favorable"": 0.9273388211228293, ""Somewhat unfavorable"": 0.0010877921116251193, ""Very favorable"": 0.07157064027839954, ""Very unfavorable"": 2.746487146088403e-06}","{""Somewhat favorable"": 0.8526401385110947, ""Somewhat unfavorable"": 0.14725382102453058, ""Very favorable"": 0.00010557737237166407, ""Very unfavorable"": 4.630920031086089e-07}","{""Somewhat favorable"": 0.9999999999014175, ""Somewhat unfavorable"": 7.099659983106761e-11, ""Very favorable"": 2.737940753818201e-11, ""Very unfavorable"": 2.064478017727326e-13}"
qwen,Qwen2.5-7B-Instruct,Q0160,GAS,El Salvador,0.012438715624938923,0.2242689910430795,0.2118302754181406,"{""Not too well"": 0.9667323070275261, ""Not well at all"": 0.023480518550874782, ""Somewhat well"": 0.00010029614461605194, ""Very well"": 0.009686878276983146}","{""Not too well"": 0.7556444209498923, ""Not well at all"": 0.24412129738284155, ""Somewhat well"": 2.299004880992928e-05, ""Very well"": 0.00021129161845621913}","{""Not too well"": 1.4060174555392608e-06, ""Not well at all"": 1.0700971385046224e-09, ""Somewhat well"": 0.0007867553021593549, ""Very well"": 0.999211837610288}"
qwen,Qwen2.5-7B-Instruct,Q0160,GAS,Ghana,0.18944245825566153,0.40564748931267114,0.2162050310570096,"{""Not too well"": 0.0006476455321341251, ""Not well at all"": 0.9469397760464655, ""Somewhat well"": 0.03158555554894031, ""Very well"": 0.02082702287246001}","{""Not too well"": 0.00011500522650685631, ""Not well at all"": 0.5381486223968125, ""Somewhat well"": 0.4611834647799243, ""Very well"": 0.0005529075967563363}","{""Not too well"": 7.212257508829753e-12, ""Not well at all"": 4.2816244261087544e-11, ""Somewhat well"": 3.443692472643538e-10, ""Very well"": 0.9999999996056023}"
qwen,Qwen2.5-7B-Instruct,Q0160,GAS,Jordan,0.7053917006079686,0.5390964209283613,-0.16629527967960733,"{""Not too well"": 0.014566218462998581, ""Not well at all"": 0.019003402716486564, ""Somewhat well"": 0.008613819434874123, ""Very well"": 0.9578165593856408}","{""Not too well"": 0.3591637162768605, ""Not well at all"": 0.3425582582660404, ""Somewhat well"": 0.0050599746789868685, ""Very well"": 0.2932180507781123}","{""Not too well"": 8.919528535283234e-09, ""Not well at all"": 0.9999999890554713, ""Somewhat well"": 5.833497157748565e-11, ""Very well"": 1.9666652218461542e-09}"
qwen,Qwen2.5-7B-Instruct,Q0160,GAS,Uzbekistan,0.001357858502976872,0.34936071118047374,0.34800285267749687,"{""Not too well"": 0.9667323070275261, ""Not well at all"": 0.023480518550874782, ""Somewhat well"": 0.00010029614461605194, ""Very well"": 0.009686878276983146}","{""Not too well"": 0.798034968329377, ""Not well at all"": 0.20130509371461902, ""Somewhat well"": 3.6656269717762653e-05, ""Very well"": 0.0006232816862861772}","{""Not too well"": 7.037796798836501e-07, ""Not well at all"": 1.2614500104663746e-09, ""Somewhat well"": 0.00034921771297390406, ""Very well"": 0.9996500772458962}"
qwen,Qwen2.5-7B-Instruct,Q0238,GAS,Israel,-0.0009962707251726585,-0.0065760210297774666,-0.005579750304604808,"{""Somewhat favorable"": 0.00012344665855080494, ""Somewhat unfavorable"": 0.0012622674581768071, ""Very favorable"": 0.0010668945043364854, ""Very unfavorable"": 0.9975473913789359}","{""Somewhat favorable"": 7.5543323687424374e-06, ""Somewhat unfavorable"": 0.0018733724803304901, ""Very favorable"": 2.5571043374095246e-05, ""Very unfavorable"": 0.9980935021439268}","{""Somewhat favorable"": 1.23968898821789e-12, ""Somewhat unfavorable"": 1.822807058182879e-12, ""Very favorable"": 2.2534287608410532e-10, ""Very unfavorable"": 0.9999999997715947}"
qwen,Qwen2.5-7B-Instruct,Q0238,GAS,Morocco,-0.11625304781625556,-0.1023621844620145,0.013890863354241056,"{""Somewhat favorable"": 0.9077165623646809, ""Somewhat unfavorable"": 0.08392824206838644, ""Very favorable"": 0.005180340421339032, ""Very unfavorable"": 0.0031748551455936793}","{""Somewhat favorable"": 0.37195533275014314, ""Somewhat unfavorable"": 0.6272955597840264, ""Very favorable"": 0.0006775030450621579, ""Very unfavorable"": 7.160442076828586e-05}","{""Somewhat favorable"": 0.9999999953662313, ""Somewhat unfavorable"": 5.3174908895749464e-11, ""Very favorable"": 4.578838936977179e-09, ""Very unfavorable"": 1.7549435113873048e-12}"
qwen,Qwen2.5-7B-Instruct,Q0238,GAS,Turkey,0.029656940367231654,0.5342744780841823,0.5046175377169506,"{""Somewhat favorable"": 0.24125674958465085, ""Somewhat unfavorable"": 0.7578145841251418, ""Very favorable"": 0.0006051953368576337, ""Very unfavorable"": 0.00032347095334979794}","{""Somewhat favorable"": 0.004949920694098642, ""Somewhat unfavorable"": 0.9668036516862188, ""Very favorable"": 2.9947590348372823e-06, ""Very unfavorable"": 0.028243432860647698}","{""Somewhat favorable"": 1.182477355628787e-12, ""Somewhat unfavorable"": 4.646048612891722e-10, ""Very favorable"": 8.004801116230535e-12, ""Very unfavorable"": 0.9999999995262079}"
qwen,Qwen2.5-7B-Instruct,Q0254,GAS,Indonesia,0.26156252930956814,0.5060631566716318,0.24450062736206368,"{""Completely agree"": 4.268431699221964e-07, ""Completely disagree"": 0.9936060768422288, ""Mostly agree"": 1.6497156451565368e-07, ""Mostly disagree"": 0.0063933313430368285}","{""Completely agree"": 6.087403242464389e-07, ""Completely disagree"": 0.0693340539162965, ""Mostly agree"": 1.4776690456417828e-06, ""Mostly disagree"": 0.9306638596743336}","{""Completely agree"": 0.9999820873288444, ""Completely disagree"": 1.1451822579408423e-08, ""Mostly agree"": 1.7562242439278982e-05, ""Mostly disagree"": 3.3897689377812294e-07}"
qwen,Qwen2.5-7B-Instruct,Q0254,GAS,Sweden,-0.0009127190923995387,-0.0010936124901224503,-0.00018089339772291158,"{""Completely agree"": 3.170874176072535e-06, ""Completely disagree"": 0.9997631121978579, ""Mostly agree"": 3.3248130529114095e-08, ""Mostly disagree"": 0.00023368367983557918}","{""Completely agree"": 2.7113187135203743e-08, ""Completely disagree"": 0.9999702492694652, ""Mostly agree"": 2.853973652793558e-08, ""Mostly disagree"": 2.9695077611090138e-05}","{""Completely agree"": 7.829134099777633e-11, ""Completely disagree"": 0.9999999998858369, ""Mostly agree"": 1.2593247775844894e-11, ""Mostly disagree"": 2.3278610630859803e-11}"
qwen,Qwen2.5-7B-Instruct,Q0268,GAS,India (Current national sample),-0.039798444359298635,0.23049025257934425,0.2702886969386429,"{""Major threat"": 0.011342053437037963, ""Minor threat"": 0.825263748138009, ""Not a threat"": 0.16339419842495312}","{""Major threat"": 0.007347092873894202, ""Minor threat"": 0.951946765237919, ""Not a threat"": 0.040706141888186866}","{""Major threat"": 0.9999999998728354, ""Minor threat"": 7.369029152491028e-11, ""Not a threat"": 5.347433860961864e-11}"
qwen,Qwen2.5-7B-Instruct,Q0268,GAS,Japan,0.00078601111060983,0.6757618110260919,0.6749757999154821,"{""Major threat"": 7.526916549209336e-06, ""Minor threat"": 7.140055693658937e-06, ""Not a threat"": 0.9999853330277572}","{""Major threat"": 4.264307217689304e-05, ""Minor threat"": 9.54495230678815e-05, ""Not a threat"": 0.9998619074047553}","{""Major threat"": 0.9999999996858215, ""Minor threat"": 3.127800352026736e-10, ""Not a threat"": 1.3984212623255228e-12}"
qwen,Qwen2.5-7B-Instruct,Q0268,GAS,Pakistan,0.008667557963808442,-0.011503358047848827,-0.02017091601165727,"{""Major threat"": 0.0001089129713589771, ""Minor threat"": 0.0040590399285219, ""Not a threat"": 0.9958320471001191}","{""Major threat"": 0.00040917575682914716, ""Minor threat"": 0.008587995346303955, ""Not a threat"": 0.991002828896867}","{""Major threat"": 3.5143537184483366e-10, ""Minor threat"": 8.107988872024102e-11, ""Not a threat"": 0.9999999995674848}"
qwen,Qwen2.5-7B-Instruct,Q0268,GAS,S. Korea,0.030343114590433595,0.6942890403843369,0.6639459257939033,"{""Major threat"": 0.0012466777526585963, ""Minor threat"": 0.0009767608358987212, ""Not a threat"": 0.9977765614114428}","{""Major threat"": 0.006094965200975053, ""Minor threat"": 0.004865209670810618, ""Not a threat"": 0.9890398251282144}","{""Major threat"": 0.9999999999177569, ""Minor threat"": 5.010186843540397e-11, ""Not a threat"": 3.214124426171937e-11}"
qwen,Qwen2.5-7B-Instruct,Q0394,GAS,Australia,-0.06808181677729513,0.3989516705432783,0.4670334873205734,"{""Better off"": 0.2153771722513244, ""Worse off"": 0.7846228277486755}","{""Better off"": 0.16027013945137303, ""Worse off"": 0.839729860548627}","{""Better off"": 0.9999999964293549, ""Worse off"": 3.57064507093801e-09}"
qwen,Qwen2.5-7B-Instruct,Q0394,GAS,Canada,0.0022062478499043055,-0.04939449659376276,-0.051600744443667065,"{""Better off"": 0.8619073010324116, ""Worse off"": 0.13809269896758836}","{""Better off"": 0.8874669686533201, ""Worse off"": 0.11253303134667995}","{""Better off"": 0.9999999998136373, ""Worse off"": 1.8636275707639408e-10}"
qwen,Qwen2.5-7B-Instruct,Q0394,GAS,Palest. ter.,0.04939122166297445,0.02695689822977143,-0.02243432343320302,"{""Better off"": 0.2153771722513244, ""Worse off"": 0.7846228277486755}","{""Better off"": 0.03557841381246087, ""Worse off"": 0.9644215861875391}","{""Better off"": 1.5813996585448432e-09, ""Worse off"": 0.9999999984186003}"
qwen,Qwen2.5-7B-Instruct,Q0394,GAS,United States,0.24017900033439826,0.3345055748843168,0.09432657454991855,"{""Better off"": 0.2153771722513244, ""Worse off"": 0.7846228277486755}","{""Better off"": 0.5089578579338987, ""Worse off"": 0.49104214206610125}","{""Better off"": 0.9999999975649991, ""Worse off"": 2.4350008952272053e-09}"
qwen,Qwen2.5-7B-Instruct,Q0410,GAS,Italy,0.001019528151154081,0.009871648599534044,0.008852120448379963,"{""More of a partner"": 0.0003816398002324674, ""More of an enemy"": 3.676248771007744e-07, ""Neither"": 0.9996179925748905}","{""More of a partner"": 0.0006486887532250707, ""More of an enemy"": 3.848396526452525e-06, ""Neither"": 0.9993474628502486}","{""More of a partner"": 2.7572790278651358e-08, ""More of an enemy"": 0.9791112324451469, ""Neither"": 0.020888739982062872}"
qwen,Qwen2.5-7B-Instruct,Q0410,GAS,Japan,-0.0321335422522685,-0.05508543977558611,-0.02295189752331761,"{""More of a partner"": 0.04495719780231406, ""More of an enemy"": 2.1619351941937074e-05, ""Neither"": 0.9550211828457441}","{""More of a partner"": 0.010388742011407354, ""More of an enemy"": 3.243371667803824e-05, ""Neither"": 0.9895788242719146}","{""More of a partner"": 4.895055129280422e-09, ""More of an enemy"": 1.056341165396395e-08, ""Neither"": 0.9999999845415333}"
qwen,Qwen2.5-7B-Instruct,Q0410,GAS,Pakistan,0.37063267340613026,0.8979620877339489,0.5273294143278187,"{""More of a partner"": 0.00045580003567089204, ""More of an enemy"": 0.00012929787048085434, ""Neither"": 0.9994149020938482}","{""More of a partner"": 0.19360416546661155, ""More of an enemy"": 0.00012095194604730674, ""Neither"": 0.8062748825873411}","{""More of a partner"": 0.9999999997539831, ""More of an enemy"": 4.2851271303244504e-12, ""Neither"": 2.4173179451463863e-10}"
qwen,Qwen2.5-7B-Instruct,Q0448,GAS,Germany,-0.03114408311070596,-0.03219738481011264,-0.001053301699406678,"{""Bad"": 0.9429171057221398, ""Good"": 0.05708289427786016}","{""Bad"": 0.9997497464438314, ""Good"": 0.00025025355616857775}","{""Bad"": 0.9999992042709858, ""Good"": 7.957290142791836e-07}"
qwen,Qwen2.5-7B-Instruct,Q0448,GAS,Japan,0.017019825313186375,0.016383419228798386,-0.0006364060843879887,"{""Bad"": 0.7209787553762875, ""Good"": 0.2790212446237124}","{""Bad"": 0.9998679076471629, ""Good"": 0.00013209235283712513}","{""Bad"": 0.9999999896265289, ""Good"": 1.0373471157386536e-08}"
qwen,Qwen2.5-7B-Instruct,Q0448,GAS,Pakistan,-0.4335384291459985,0.33478929592641604,0.7683277250724145,"{""Bad"": 0.7209787553762875, ""Good"": 0.2790212446237124}","{""Bad"": 0.9944942100576157, ""Good"": 0.005505789942384241}","{""Bad"": 3.889512625240652e-07, ""Good"": 0.9999996110487376}"
qwen,Qwen2.5-7B-Instruct,Q0448,GAS,United States,0.0027680102120700226,0.0025751065063823603,-0.0001929037056876623,"{""Bad"": 0.7209787553762875, ""Good"": 0.2790212446237124}","{""Bad"": 0.9999674953533952, ""Good"": 3.250464660470865e-05}","{""Bad"": 0.9999999904781529, ""Good"": 9.521847127580493e-09}"
qwen,Qwen2.5-7B-Instruct,Q0514,GAS,Australia,-0.0013798264064998067,0.19264048141914494,0.19402030782564475,"{""Somewhat favorable"": 0.0008326878893921025, ""Somewhat unfavorable"": 0.03939672570363334, ""Very favorable"": 0.9329679225056573, ""Very unfavorable"": 0.0268026639013173}","{""Somewhat favorable"": 0.000774382937525874, ""Somewhat unfavorable"": 0.04252444324795785, ""Very favorable"": 0.9476630710146506, ""Very unfavorable"": 0.009038102799865591}","{""Somewhat favorable"": 0.9998433565462986, ""Somewhat unfavorable"": 1.7199954575701805e-08, ""Very favorable"": 0.00015660320678217562, ""Very unfavorable"": 2.3046964699737408e-08}"
qwen,Qwen2.5-7B-Instruct,Q0514,GAS,China,0.2529330990445766,0.7217000588912446,0.46876695984666794,"{""Somewhat favorable"": 0.00011187696856034386, ""Somewhat unfavorable"": 3.539148573306039e-05, ""Very favorable"": 0.9957854498965956, ""Very unfavorable"": 0.004067281649111055}","{""Somewhat favorable"": 0.0032732113069445035, ""Somewhat unfavorable"": 0.07736874079812933, ""Very favorable"": 0.8703618687602946, ""Very unfavorable"": 0.04899617913463152}","{""Somewhat favorable"": 2.015522076740028e-11, ""Somewhat unfavorable"": 2.4413648748459325e-11, ""Very favorable"": 1.137769782051512e-08, ""Very unfavorable"": 0.9999999885777333}"
qwen,Qwen2.5-7B-Instruct,Q0514,GAS,Thailand,-0.14311154397301962,-0.19047915123856338,-0.04736760726554376,"{""Somewhat favorable"": 0.7816498089353632, ""Somewhat unfavorable"": 1.2187673529475746e-05, ""Very favorable"": 0.21833685765525188, ""Very unfavorable"": 1.145735855422709e-06}","{""Somewhat favorable"": 0.9808712943504635, ""Somewhat unfavorable"": 1.96967577079327e-05, ""Very favorable"": 0.0191088506053781, ""Very unfavorable"": 1.5828645056563382e-07}","{""Somewhat favorable"": 0.9999584439991767, ""Somewhat unfavorable"": 5.6033701036513565e-11, ""Very favorable"": 4.155594134695709e-05, ""Very unfavorable"": 3.442744655712011e-12}"
qwen,Qwen2.5-7B-Instruct,Q0514,GAS,Vietnam,0.1679570352611618,-0.060157469401614316,-0.2281145046627761,"{""Somewhat favorable"": 0.020309094034475485, ""Somewhat unfavorable"": 0.0023659729014226896, ""Very favorable"": 0.9773196097040837, ""Very unfavorable"": 5.323360018202333e-06}","{""Somewhat favorable"": 0.16776599934383113, ""Somewhat unfavorable"": 0.020101405779825332, ""Very favorable"": 0.8120811952450625, ""Very unfavorable"": 5.139963128099541e-05}","{""Somewhat favorable"": 3.2686947075614684e-08, ""Somewhat unfavorable"": 1.623869490046795e-11, ""Very favorable"": 0.9999999672942398, ""Very unfavorable"": 2.5744461549055886e-12}"
qwen,Qwen2.5-7B-Instruct,Q0558,GAS,Greece,4.682414568669968e-06,-4.00583238351071e-08,-4.722472892505075e-06,"{""No, does not respect personal freedoms"": 0.9999999934436676, ""Yes, respects personal freedoms"": 6.556332376988484e-09}","{""No, does not respect personal freedoms"": 0.9999994435710379, ""Yes, respects personal freedoms"": 5.564289621666454e-07}","{""No, does not respect personal freedoms"": 0.9999999969946202, ""Yes, respects personal freedoms"": 3.0053798673404124e-09}"
qwen,Qwen2.5-7B-Instruct,Q0558,GAS,Italy,1.4095224836724318e-05,-6.301404990860515e-08,-1.4158238886632923e-05,"{""No, does not respect personal freedoms"": 0.9999999934436676, ""Yes, respects personal freedoms"": 6.556332376988484e-09}","{""No, does not respect personal freedoms"": 0.9999982051357598, ""Yes, respects personal freedoms"": 1.794864240196938e-06}","{""No, does not respect personal freedoms"": 0.9999999988402903, ""Yes, respects personal freedoms"": 1.1597096886788422e-09}"
qwen,Qwen2.5-7B-Instruct,Q0558,GAS,Pakistan,6.792480921724575e-05,0.7127033553684334,0.7126354305592162,"{""No, does not respect personal freedoms"": 0.9999999934436676, ""Yes, respects personal freedoms"": 6.556332376988484e-09}","{""No, does not respect personal freedoms"": 0.9999925214554823, ""Yes, respects personal freedoms"": 7.47854451775977e-06}","{""No, does not respect personal freedoms"": 1.963651653309189e-09, ""Yes, respects personal freedoms"": 0.9999999980363483}"
qwen,Qwen2.5-7B-Instruct,Q0558,GAS,Spain,4.720730692533981e-06,-6.144145171804727e-08,-4.782172144252028e-06,"{""No, does not respect personal freedoms"": 0.9999999934436676, ""Yes, respects personal freedoms"": 6.556332376988484e-09}","{""No, does not respect personal freedoms"": 0.9999994464281354, ""Yes, respects personal freedoms"": 5.535718645862292e-07}","{""No, does not respect personal freedoms"": 0.9999999987466957, ""Yes, respects personal freedoms"": 1.253304340502601e-09}"
qwen,Qwen2.5-7B-Instruct,Q0574,GAS,Israel,-4.763135974828088e-05,-9.470484895904123e-05,-4.707348921076035e-05,"{""Favor"": 1.7900294243894876e-05, ""Oppose"": 0.9999820997057561}","{""Favor"": 8.05008182830145e-06, ""Oppose"": 0.9999919499181718}","{""Favor"": 2.849679678233996e-08, ""Oppose"": 0.9999999715032032}"
qwen,Qwen2.5-7B-Instruct,Q0574,GAS,Pakistan,0.047208015949062876,0.5443620874161832,0.4971540714671203,"{""Favor"": 0.0001223410663379627, ""Oppose"": 0.999877658933662}","{""Favor"": 0.013457496411428717, ""Oppose"": 0.9865425035885713}","{""Favor"": 0.998435241735587, ""Oppose"": 0.001564758264413101}"
qwen,Qwen2.5-7B-Instruct,Q0595,GAS,El Salvador,-0.004112209357912455,0.7158925015988464,0.7200047109567589,"{""More of a partner"": 6.27123345581844e-05, ""More of an enemy"": 2.723830507680122e-07, ""Neither"": 0.9999370152823911}","{""More of a partner"": 0.0013923340109479882, ""More of an enemy"": 0.7252529016952132, ""Neither"": 0.2733547642938388}","{""More of a partner"": 0.9999998844080621, ""More of an enemy"": 7.299266800183722e-11, ""Neither"": 1.1551894524392625e-07}"
qwen,Qwen2.5-7B-Instruct,Q0595,GAS,Israel,0.028164864727412864,0.768154179441638,0.7399893147142251,"{""More of a partner"": 6.27123345581844e-05, ""More of an enemy"": 2.723830507680122e-07, ""Neither"": 0.9999370152823911}","{""More of a partner"": 0.002105651451569391, ""More of an enemy"": 0.061428269020242766, ""Neither"": 0.9364660795281878}","{""More of a partner"": 0.9999998234498154, ""More of an enemy"": 7.325990179098249e-11, ""Neither"": 1.7647692466604854e-07}"
qwen,Qwen2.5-7B-Instruct,Q0595,GAS,Palest. ter.,0.005426754581276505,0.5587715640557265,0.55334480947445,"{""More of a partner"": 1.0299735978243751e-05, ""More of an enemy"": 5.985048613045496e-05, ""Neither"": 0.9999298497778913}","{""More of a partner"": 5.559392177943184e-05, ""More of an enemy"": 0.0010433573004917046, ""Neither"": 0.9989010487777289}","{""More of a partner"": 8.750836696981839e-11, ""More of an enemy"": 0.9999997943991484, ""Neither"": 2.0551334318233792e-07}"
qwen,Qwen2.5-7B-Instruct,Q0595,GAS,Senegal,-0.015557872648930493,0.7488365755749282,0.7643944482238587,"{""More of a partner"": 0.007541911399587005, ""More of an enemy"": 0.0007132802882506916, ""Neither"": 0.9917448083121623}","{""More of a partner"": 0.002819672984877388, ""More of an enemy"": 0.001996749308663343, ""Neither"": 0.9951835777064593}","{""More of a partner"": 0.9999999999336514, ""More of an enemy"": 1.2859268196185899e-12, ""Neither"": 6.506271902747396e-11}"
qwen,Qwen2.5-7B-Instruct,Q0630,GAS,Australia,-0.015113216004930236,-0.015116166990046372,-2.9509851161360623e-06,"{""No, does not respect personal freedoms"": 0.9910303190335187, ""Yes, respects personal freedoms"": 0.008969680966481333}","{""No, does not respect personal freedoms"": 0.9999996553990628, ""Yes, respects personal freedoms"": 3.446009372323822e-07}","{""No, does not respect personal freedoms"": 0.9999999876571145, ""Yes, respects personal freedoms"": 1.2342885447654965e-08}"
qwen,Qwen2.5-7B-Instruct,Q0630,GAS,Pakistan,0.0001404136632163766,0.6847715067881065,0.6846310931248901,"{""No, does not respect personal freedoms"": 0.9999856343975384, ""Yes, respects personal freedoms"": 1.436560246162979e-05}","{""No, does not respect personal freedoms"": 0.9999670218242193, ""Yes, respects personal freedoms"": 3.297817578072215e-05}","{""No, does not respect personal freedoms"": 4.6292729666623194e-08, ""Yes, respects personal freedoms"": 0.9999999537072704}"
qwen,Qwen2.5-7B-Instruct,Q0630,GAS,Poland,-8.882901458091841e-05,-9.018916903320157e-05,-1.3601544522831577e-06,"{""No, does not respect personal freedoms"": 0.9999856343975384, ""Yes, respects personal freedoms"": 1.436560246162979e-05}","{""No, does not respect personal freedoms"": 0.9999998577395165, ""Yes, respects personal freedoms"": 1.4226048352362358e-07}","{""No, does not respect personal freedoms"": 0.9999999995178135, ""Yes, respects personal freedoms"": 4.821865107341281e-10}"
qwen,Qwen2.5-7B-Instruct,Q0630,GAS,Sweden,-8.175251958880518e-05,-8.275252709934178e-05,-1.0000075105365963e-06,"{""No, does not respect personal freedoms"": 0.9999856343975384, ""Yes, respects personal freedoms"": 1.436560246162979e-05}","{""No, does not respect personal freedoms"": 0.9999998910057913, ""Yes, respects personal freedoms"": 1.0899420875929527e-07}","{""No, does not respect personal freedoms"": 0.9999999990805954, ""Yes, respects personal freedoms"": 9.194045841912794e-10}"
qwen,Qwen2.5-7B-Instruct,Q0703,GAS,Senegal,-0.08538514625991175,-0.14212466425637243,-0.05673951799646068,"{""Somewhat favorable"": 0.11501286884354275, ""Somewhat unfavorable"": 0.00425367680989721, ""Very favorable"": 0.8807152247006187, ""Very unfavorable"": 1.822964594133297e-05}","{""Somewhat favorable"": 0.02232908087830138, ""Somewhat unfavorable"": 0.0025169975002504435, ""Very favorable"": 0.9751291237400942, ""Very unfavorable"": 2.4797881354065962e-05}","{""Somewhat favorable"": 9.83762238209219e-09, ""Somewhat unfavorable"": 4.2380644277052614e-12, ""Very favorable"": 0.9999999901561717, ""Very unfavorable"": 1.967911738589075e-12}"
qwen,Qwen2.5-7B-Instruct,Q0703,GAS,Turkey,-0.04933653376524061,0.465789182461657,0.5151257162268976,"{""Somewhat favorable"": 0.9260494407436627, ""Somewhat unfavorable"": 0.00167667725076875, ""Very favorable"": 0.04668632410527681, ""Very unfavorable"": 0.025587557900291803}","{""Somewhat favorable"": 0.9809912483930271, ""Somewhat unfavorable"": 0.00279123967583464, ""Very favorable"": 0.0017072434746960435, ""Very unfavorable"": 0.014510268456442217}","{""Somewhat favorable"": 8.90447154304106e-12, ""Somewhat unfavorable"": 2.1992137774860777e-10, ""Very favorable"": 1.0507071324386466e-11, ""Very unfavorable"": 0.9999999997606671}"
qwen,Qwen2.5-7B-Instruct,Q0703,GAS,Ukraine,-0.026263940519633294,-0.03326825362921282,-0.007004313109579524,"{""Somewhat favorable"": 0.9504646602475085, ""Somewhat unfavorable"": 1.0873019838737213e-05, ""Very favorable"": 0.011244661536642088, ""Very unfavorable"": 0.03827980519601059}","{""Somewhat favorable"": 0.9568933779554276, ""Somewhat unfavorable"": 3.7617185017914947e-06, ""Very favorable"": 0.0006939298439137267, ""Very unfavorable"": 0.04240893048215689}","{""Somewhat favorable"": 0.9999999892737649, ""Somewhat unfavorable"": 3.1024400394354745e-11, ""Very favorable"": 1.0686584492953437e-08, ""Very unfavorable"": 8.626214310696693e-12}"
qwen,Qwen2.5-7B-Instruct,Q0710,GAS,Kenya,0.0016900002123338836,-0.009658296836446922,-0.011348297048780806,"{""About the same"": 0.005541476697689358, ""Losing ground"": 3.5773767879301006e-06, ""Making progress"": 0.9944549459255227}","{""About the same"": 0.007293149523289834, ""Losing ground"": 1.978984947276437e-06, ""Making progress"": 0.9927048714917629}","{""About the same"": 4.260596189790721e-12, ""Losing ground"": 9.581369677777311e-12, ""Making progress"": 0.9999999999861581}"
qwen,Qwen2.5-7B-Instruct,Q0710,GAS,Mali,0.029099176166206383,-0.01236465019093707,-0.04146382635714345,"{""About the same"": 0.005541476697689358, ""Losing ground"": 3.5773767879301006e-06, ""Making progress"": 0.9944549459255227}","{""About the same"": 0.05653172823623594, ""Losing ground"": 8.14332055796815e-05, ""Making progress"": 0.9433868385581844}","{""About the same"": 9.31299369470133e-12, ""Losing ground"": 1.3464611154345521e-11, ""Making progress"": 0.9999999999772224}"
qwen,Qwen2.5-7B-Instruct,Q0710,GAS,Ukraine,0.17271767186774778,0.4864833494070145,0.3137656775392667,"{""About the same"": 0.0782909404561977, ""Losing ground"": 0.0033064446315986358, ""Making progress"": 0.9184026149122038}","{""About the same"": 0.23825730345540547, ""Losing ground"": 0.02154938987372298, ""Making progress"": 0.7401933066708716}","{""About the same"": 5.1525718303733075e-11, ""Losing ground"": 0.9999999998464607, ""Making progress"": 1.0201362957733288e-10}"
qwen,Qwen2.5-7B-Instruct,Q0739,GAS,Jordan,0.00039827195082231537,0.6567880232285831,0.6563897512777608,"{""Favor"": 9.26172431763228e-06, ""Oppose"": 0.9999907382756824}","{""Favor"": 6.401811052141566e-05, ""Oppose"": 0.9999359818894786}","{""Favor"": 0.9999999987412239, ""Oppose"": 1.2587761257654006e-09}"
qwen,Qwen2.5-7B-Instruct,Q0739,GAS,Turkey,6.809453499247858e-05,-1.3618121011825524e-05,-8.171265600430411e-05,"{""Favor"": 1.9957800778976695e-06, ""Oppose"": 0.9999980042199221}","{""Favor"": 1.3418119512178775e-05, ""Oppose"": 0.9999865818804878}","{""Favor"": 1.5986479899600435e-07, ""Oppose"": 0.999999840135201}"
qwen,Qwen2.5-7B-Instruct,Q0747,GAS,El Salvador,0.0002829658618909159,-3.148960877127904e-05,-0.0003144554706621949,"{""Not important at all"": 4.0014471963993477e-07, ""Not too important"": 1.6824612117065888e-08, ""Somewhat important"": 3.363438791140691e-06, ""Very important"": 0.9999962195918771}","{""Not important at all"": 2.187455850402619e-06, ""Not too important"": 1.2190465363221967e-08, ""Somewhat important"": 4.672760357922214e-05, ""Very important"": 0.999951072750105}","{""Not important at all"": 1.224914992508492e-11, ""Not too important"": 1.3167255463572479e-12, ""Somewhat important"": 7.418737267389133e-12, ""Very important"": 0.9999999999790155}"
qwen,Qwen2.5-7B-Instruct,Q0747,GAS,Jordan,0.006283442410534912,0.680743818165232,0.6744603757546971,"{""Not important at all"": 5.705522601243435e-08, ""Not too important"": 1.758525386647292e-06, ""Somewhat important"": 0.8490992484510876, ""Very important"": 0.1508989359682997}","{""Not important at all"": 3.704795475853862e-08, ""Not too important"": 1.4124497541556094e-05, ""Somewhat important"": 0.5406187538592334, ""Very important"": 0.45936708459527026}","{""Not important at all"": 0.13941044536480435, ""Not too important"": 0.8605854006327925, ""Somewhat important"": 4.115332515333057e-06, ""Very important"": 3.866988779334783e-08}"
qwen,Qwen2.5-7B-Instruct,Q0747,GAS,Morocco,-0.15996491913849514,0.014612269275006445,0.1745771884135016,"{""Not important at all"": 3.0965144945602515e-08, ""Not too important"": 0.23628583552663954, ""Somewhat important"": 1.6800317396040972e-06, ""Very important"": 0.763712453476476}","{""Not important at all"": 1.3141115003697412e-06, ""Not too important"": 0.5649310627884166, ""Somewhat important"": 1.0623144239301599e-05, ""Very important"": 0.43505699995584374}","{""Not important at all"": 3.3592482769860296e-12, ""Not too important"": 1.2324235452142821e-11, ""Somewhat important"": 1.2912510372677154e-11, ""Very important"": 0.999999999971404}"
qwen,Qwen2.5-7B-Instruct,Q0747,GAS,Venezuela,0.00853910059180435,0.21698170628407537,0.20844260569227102,"{""Not important at all"": 5.964470084652768e-07, ""Not too important"": 4.8100936603483494e-08, ""Somewhat important"": 0.999656690017781, ""Very important"": 0.00034266543427399456}","{""Not important at all"": 2.8943657663154002e-06, ""Not too important"": 1.442471816281549e-07, ""Somewhat important"": 0.9976282926539295, ""Very important"": 0.0023686687331225835}","{""Not important at all"": 1.1674170185935305e-10, ""Not too important"": 1.3455917573273742e-10, ""Somewhat important"": 0.011150457664210293, ""Very important"": 0.9888495420844888}"
qwen,Qwen2.5-7B-Instruct,Q0758,GAS,Egypt,0.03531783776128683,0.9525631632987137,0.9172453255374269,"{""No, not sympathetic"": 0.9997681372335538, ""Yes, sympathetic"": 0.00023186276644615887}","{""No, not sympathetic"": 0.9910265203496524, ""Yes, sympathetic"": 0.008973479650347593}","{""No, not sympathetic"": 5.2969193303194293e-08, ""Yes, sympathetic"": 0.9999999470308067}"
qwen,Qwen2.5-7B-Instruct,Q0758,GAS,Jordan,-0.7800641635850404,0.021073974763868703,0.8011381383489091,"{""No, not sympathetic"": 0.08630392192594068, ""Yes, sympathetic"": 0.9136960780740593}","{""No, not sympathetic"": 0.9457770173509891, ""Yes, sympathetic"": 0.05422298264901096}","{""No, not sympathetic"": 3.2256658595869715e-10, ""Yes, sympathetic"": 0.9999999996774334}"
qwen,Qwen2.5-7B-Instruct,Q0758,GAS,Spain,0.44476260700715936,0.409729246396038,-0.035033360611121334,"{""No, not sympathetic"": 0.08630392192594068, ""Yes, sympathetic"": 0.9136960780740593}","{""No, not sympathetic"": 0.8416142267092689, ""Yes, sympathetic"": 0.1583857732907311}","{""No, not sympathetic"": 0.957289345682483, ""Yes, sympathetic"": 0.04271065431751697}"
qwen,Qwen2.5-7B-Instruct,Q0817,GAS,El Salvador,0.029805150050478575,-0.000651659393505713,-0.030456809443984288,"{""No"": 0.9998484901279823, ""Yes"": 0.00015150987201783094}","{""No"": 0.9263703677122469, ""Yes"": 0.07362963228775306}","{""No"": 0.9999941903061225, ""Yes"": 5.809693877502782e-06}"
qwen,Qwen2.5-7B-Instruct,Q0817,GAS,Jordan,1.0113402912254738e-05,8.764173580654705e-06,-1.3492293316000326e-06,"{""No"": 0.9999992847662765, ""Yes"": 7.15233723471441e-07}","{""No"": 0.9999978245832267, ""Yes"": 2.1754167732958946e-06}","{""No"": 0.9999980280055917, ""Yes"": 1.971994408410357e-06}"
qwen,Qwen2.5-7B-Instruct,Q0817,GAS,Thailand,0.6887411782839884,0.6397514472252921,-0.048989731058696306,"{""No"": 0.9998484901279823, ""Yes"": 0.00015150987201783094}","{""No"": 0.2583150256429315, ""Yes"": 0.7416849743570685}","{""No"": 2.5763597015772984e-10, ""Yes"": 0.9999999997423641}"
qwen,Qwen2.5-7B-Instruct,Q0817,GAS,Vietnam,0.7571609302572004,0.7173551733973903,-0.03980575685981014,"{""No"": 0.9998484901279823, ""Yes"": 0.00015150987201783094}","{""No"": 0.03894493333606835, ""Yes"": 0.9610550666639317}","{""No"": 3.117722479320236e-10, ""Yes"": 0.9999999996882278}"
qwen,Qwen2.5-7B-Instruct,Q0830,GAS,Jordan,0.0173620133320464,0.011843969167699772,-0.005518044164346628,"{""Didn't try hard enough"": 0.8671254485707478, ""Tried very hard"": 0.13287455142925222}","{""Didn't try hard enough"": 0.997224697335799, ""Tried very hard"": 0.002775302664201102}","{""Didn't try hard enough"": 0.9999999899369961, ""Tried very hard"": 1.0063003977141943e-08}"
qwen,Qwen2.5-7B-Instruct,Q0830,GAS,Palest. ter.,0.04461219323836619,0.04240096707136237,-0.002211226167003817,"{""Didn't try hard enough"": 0.8671254485707478, ""Tried very hard"": 0.13287455142925222}","{""Didn't try hard enough"": 0.9987799812701296, ""Tried very hard"": 0.0012200187298705048}","{""Didn't try hard enough"": 0.999999989736505, ""Tried very hard"": 1.0263495080797913e-08}"
qwen,Qwen2.5-7B-Instruct,Q0830,GAS,United States,0.03328333722672472,0.6014586415671691,0.5681753043404444,"{""Didn't try hard enough"": 0.9988006795210292, ""Tried very hard"": 0.00119932047897071}","{""Didn't try hard enough"": 0.9895607575508156, ""Tried very hard"": 0.010439242449184394}","{""Didn't try hard enough"": 1.3680157818829059e-09, ""Tried very hard"": 0.9999999986319843}"
qwen,Qwen2.5-7B-Instruct,Q0868,GAS,France,0.39214668748979864,0.6941915826219127,0.3020448951321141,"{""Britain"": 0.00010615697297797349, ""China"": 0.0009559696711954689, ""France"": 7.177294104803284e-06, ""Germany"": 1.575011013430022e-05, ""Japan"": 0.0012236603721023154, ""None of these (VOL)"": 0.9971023435512617, ""Russia"": 6.604322823254857e-05, ""United States"": 0.0005228987999908448}","{""Britain"": 0.005005171628031257, ""China"": 0.06796365913399485, ""France"": 0.18636815648462612, ""Germany"": 0.0036039211254508922, ""Japan"": 0.002340263602372094, ""None of these (VOL)"": 0.7252879949761211, ""Russia"": 0.0009503469620883747, ""United States"": 0.008480486087315348}","{""Britain"": 2.6850432396538775e-09, ""China"": 2.0882907749135314e-10, ""France"": 0.9999999952830312, ""Germany"": 1.3318803146136657e-09, ""Japan"": 1.6312827226707442e-11, ""None of these (VOL)"": 1.018201582207455e-11, ""Russia"": 1.7288680833320066e-10, ""United States"": 2.918345776487608e-10}"
qwen,Qwen2.5-7B-Instruct,Q0868,GAS,Pakistan,0.17534651519118838,0.28574987022471987,0.11040335503353149,"{""Britain"": 0.00102592101271359, ""China"": 1.9367503542323502e-05, ""France"": 0.02399576334963775, ""Germany"": 9.589744415582258e-07, ""Japan"": 2.8911817614593954e-05, ""None of these (VOL)"": 0.17098774500142544, ""Russia"": 2.2014876014420807e-06, ""United States"": 0.8039391308530234}","{""Britain"": 0.6593089567012724, ""China"": 0.13527670090229063, ""France"": 0.0006312796515862416, ""Germany"": 1.6964608709163653e-06, ""Japan"": 0.002798233350225762, ""None of these (VOL)"": 0.1961907605121885, ""Russia"": 0.004630168037419967, ""United States"": 0.0011622043841455823}","{""Britain"": 2.683760312870072e-10, ""China"": 0.9999269456014767, ""France"": 6.836963874209867e-11, ""Germany"": 1.8240172358953397e-11, ""Japan"": 1.765492157315765e-11, ""None of these (VOL)"": 7.305316548454122e-05, ""Russia"": 8.682137738103719e-11, ""United States"": 7.735766890224941e-10}"
qwen,Qwen2.5-7B-Instruct,Q0868,GAS,United States,0.400518615135285,0.6999286279250119,0.29941001278972684,"{""Britain"": 0.00014672416492423143, ""China"": 1.6628791525787012e-07, ""France"": 0.0009207337542291617, ""Germany"": 5.425484425177583e-06, ""Japan"": 1.6476413411785666e-05, ""None of these (VOL)"": 0.9988806456147822, ""Russia"": 2.5476905676302595e-05, ""United States"": 4.3513746359318065e-06}","{""Britain"": 0.007380298035176608, ""China"": 4.54427045270267e-06, ""France"": 0.001462705149175415, ""Germany"": 0.00040667545223515455, ""Japan"": 0.00026225758627005405, ""None of these (VOL)"": 0.7597318033777182, ""Russia"": 0.0010224560784475255, ""United States"": 0.2297292600505244}","{""Britain"": 3.5337167031620294e-11, ""China"": 7.166149541982868e-14, ""France"": 2.9352056509777477e-13, ""Germany"": 1.9694437793724185e-12, ""Japan"": 3.108887692568361e-13, ""None of these (VOL)"": 1.5112811901699135e-12, ""Russia"": 6.291698759727692e-12, ""United States"": 0.9999999999542144}"
qwen,Qwen2.5-7B-Instruct,Q0914,GAS,Netherlands,-0.001305660626218702,-0.0013150130135936161,-9.352387374914062e-06,"{""No, does not respect personal freedoms"": 0.9997071394024803, ""Yes, respects personal freedoms"": 0.00029286059751964914}","{""No, does not respect personal freedoms"": 0.9999989014952523, ""Yes, respects personal freedoms"": 1.0985047478154286e-06}","{""No, does not respect personal freedoms"": 0.999999999630586, ""Yes, respects personal freedoms"": 3.6941410702624375e-10}"
qwen,Qwen2.5-7B-Instruct,Q0914,GAS,Poland,-6.807077690407226e-08,-8.089652630549615e-07,-7.408944861508893e-07,"{""No, does not respect personal freedoms"": 0.9999999204058311, ""Yes, respects personal freedoms"": 7.95941690238494e-08}","{""No, does not respect personal freedoms"": 0.9999999274881718, ""Yes, respects personal freedoms"": 7.251182825728302e-08}","{""No, does not respect personal freedoms"": 0.9999999992055606, ""Yes, respects personal freedoms"": 7.944394055918374e-10}"
qwen,Qwen2.5-7B-Instruct,Q0914,GAS,Sweden,-0.0011614121201253859,-0.0012024382879341662,-4.102616780878032e-05,"{""No, does not respect personal freedoms"": 0.9997071394024803, ""Yes, respects personal freedoms"": 0.00029286059751964914}","{""No, does not respect personal freedoms"": 0.9999940179714468, ""Yes, respects personal freedoms"": 5.982028553235543e-06}","{""No, does not respect personal freedoms"": 0.9999999700129514, ""Yes, respects personal freedoms"": 2.998704868887364e-08}"
qwen,Qwen2.5-7B-Instruct,Q0914,GAS,Vietnam,-0.0016971396709495323,0.8417716962203076,0.8434688358912571,"{""No, does not respect personal freedoms"": 0.9997071394024803, ""Yes, respects personal freedoms"": 0.00029286059751964914}","{""No, does not respect personal freedoms"": 0.9999741593942916, ""Yes, respects personal freedoms"": 2.5840605708431416e-05}","{""No, does not respect personal freedoms"": 4.692866140760812e-05, ""Yes, respects personal freedoms"": 0.9999530713385923}"
qwen,Qwen2.5-7B-Instruct,Q0956,GAS,Israel,0.006303533929273825,-0.0007387943270763808,-0.007042328256350205,"{""A lot of confidence"": 6.761334064693558e-07, ""No confidence at all"": 0.9998449306717276, ""Not too much confidence"": 1.1607685856462104e-06, ""Some confidence"": 0.00015323242628022835}","{""A lot of confidence"": 6.073505062359624e-07, ""No confidence at all"": 0.9973823560251196, ""Not too much confidence"": 1.8981125291922203e-06, ""Some confidence"": 0.002615138511844982}","{""A lot of confidence"": 4.4753149726673025e-12, ""No confidence at all"": 0.9999999999888203, ""Not too much confidence"": 8.010570408803705e-13, ""Some confidence"": 5.903406031011784e-12}"
qwen,Qwen2.5-7B-Instruct,Q0956,GAS,Kuwait,-0.04346341612984378,0.23068561819093888,0.27414903432078264,"{""A lot of confidence"": 3.6943264089138927e-06, ""No confidence at all"": 0.06329661134256494, ""Not too much confidence"": 4.2376730048181816e-07, ""Some confidence"": 0.9366992705637257}","{""A lot of confidence"": 0.00012764229493474806, ""No confidence at all"": 0.005241052992789729, ""Not too much confidence"": 7.968860375846886e-08, ""Some confidence"": 0.9946312250236718}","{""A lot of confidence"": 0.9999995733529721, ""No confidence at all"": 4.290743991116988e-12, ""Not too much confidence"": 7.778752703443993e-13, ""Some confidence"": 4.266419593666615e-07}"
qwen,Qwen2.5-7B-Instruct,Q0956,GAS,Pakistan,0.06551255077105012,0.6679823701657185,0.6024698193946684,"{""A lot of confidence"": 6.761334064693558e-07, ""No confidence at all"": 0.9998449306717276, ""Not too much confidence"": 1.1607685856462104e-06, ""Some confidence"": 0.00015323242628022835}","{""A lot of confidence"": 6.124315695151526e-06, ""No confidence at all"": 0.9729904343208812, ""Not too much confidence"": 3.95961199739523e-06, ""Some confidence"": 0.02699948175142626}","{""A lot of confidence"": 0.9999999994398456, ""No confidence at all"": 1.0884109938140005e-11, ""Not too much confidence"": 7.043519673897102e-12, ""Some confidence"": 5.42226835835469e-10}"
qwen,Qwen2.5-7B-Instruct,Q0990,GAS,Canada,0.0004488968768313825,-2.097840753612079e-07,-0.0004491066609067437,"{""I dislike American music, movies and television"": 1.8592092173867748e-08, ""I like American music, movies and television"": 0.9999999814079078}","{""I dislike American music, movies and television"": 8.61838097911051e-05, ""I like American music, movies and television"": 0.9999138161902089}","{""I dislike American music, movies and television"": 1.876019834073939e-11, ""I like American music, movies and television"": 0.9999999999812399}"
qwen,Qwen2.5-7B-Instruct,Q0990,GAS,Pakistan,0.16364223332173755,0.720658466604916,0.5570162332831784,"{""I dislike American music, movies and television"": 0.00026001408843928463, ""I like American music, movies and television"": 0.9997399859115608}","{""I dislike American music, movies and television"": 0.06369656378802059, ""I like American music, movies and television"": 0.9363034362119794}","{""I dislike American music, movies and television"": 0.9999999998536877, ""I like American music, movies and television"": 1.4631240448952487e-10}"
qwen,Qwen2.5-7B-Instruct,Q1024,GAS,Indonesia,0.0027944673434767697,0.7038324837551723,0.7010380164116955,"{""Homosexuality should be accepted by society"": 0.9999999949454152, ""Homosexuality should not be accepted by society"": 5.054584779783073e-09}","{""Homosexuality should be accepted by society"": 0.9995436697349789, ""Homosexuality should not be accepted by society"": 0.0004563302650210873}","{""Homosexuality should be accepted by society"": 2.908812504514754e-08, ""Homosexuality should not be accepted by society"": 0.999999970911875}"
qwen,Qwen2.5-7B-Instruct,Q1024,GAS,Netherlands,-5.594473585779358e-08,-6.142306403777997e-08,-5.4783281799863914e-09,"{""Homosexuality should be accepted by society"": 0.9999999949454152, ""Homosexuality should not be accepted by society"": 5.054584779783073e-09}","{""Homosexuality should be accepted by society"": 0.9999999995887274, ""Homosexuality should not be accepted by society"": 4.1127258054821435e-10}","{""Homosexuality should be accepted by society"": 0.9999999999823779, ""Homosexuality should not be accepted by society"": 1.7622230861475958e-11}"
qwen,Qwen2.5-7B-Instruct,Q1024,GAS,Nigeria,0.14275934740549545,0.7740316183390463,0.6312722709335509,"{""Homosexuality should be accepted by society"": 0.9999999949454152, ""Homosexuality should not be accepted by society"": 5.054584779783073e-09}","{""Homosexuality should be accepted by society"": 0.9486018117682862, ""Homosexuality should not be accepted by society"": 0.051398188231713916}","{""Homosexuality should be accepted by society"": 1.5305299333278882e-10, ""Homosexuality should not be accepted by society"": 0.9999999998469471}"
qwen,Qwen2.5-7B-Instruct,Q1024,GAS,Sweden,-0.00030265844128796876,-0.0003145580466588707,-1.1899605370901956e-05,"{""Homosexuality should be accepted by society"": 0.9999380238980915, ""Homosexuality should not be accepted by society"": 6.197610190859193e-05}","{""Homosexuality should be accepted by society"": 0.9999984628897964, ""Homosexuality should not be accepted by society"": 1.537110203619852e-06}","{""Homosexuality should be accepted by society"": 0.9999999999781672, ""Homosexuality should not be accepted by society"": 2.1832805847651886e-11}"
qwen,Qwen2.5-7B-Instruct,Q1035,GAS,Ghana,0.0004423000314068837,-0.0008683566114614516,-0.0013106566428683353,"{""Necessary to believe in God to be moral/have good values"": 0.00012354386380279778, ""Not necessary to believe in God to be moral/have good values"": 0.9998764561361972}","{""Necessary to believe in God to be moral/have good values"": 0.0001937204643378322, ""Not necessary to believe in God to be moral/have good values"": 0.9998062795356621}","{""Necessary to believe in God to be moral/have good values"": 2.064079504883559e-06, ""Not necessary to believe in God to be moral/have good values"": 0.9999979359204951}"
qwen,Qwen2.5-7B-Instruct,Q1035,GAS,Indonesia,3.02777922265296e-05,0.95451300075968,0.9544827229674535,"{""Necessary to believe in God to be moral/have good values"": 1.3286104771074976e-08, ""Not necessary to believe in God to be moral/have good values"": 0.9999999867138953}","{""Necessary to believe in God to be moral/have good values"": 3.0896712348091467e-06, ""Not necessary to believe in God to be moral/have good values"": 0.9999969103287651}","{""Necessary to believe in God to be moral/have good values"": 0.9999999989633773, ""Not necessary to believe in God to be moral/have good values"": 1.0366226894438562e-09}"
qwen,Qwen2.5-7B-Instruct,Q1035,GAS,Pakistan,7.552069041349974e-05,0.9541262281276354,0.9540507074372219,"{""Necessary to believe in God to be moral/have good values"": 1.3286104771074976e-08, ""Not necessary to believe in God to be moral/have good values"": 0.9999999867138953}","{""Necessary to believe in God to be moral/have good values"": 8.27531966861278e-06, ""Not necessary to believe in God to be moral/have good values"": 0.9999917246803314}","{""Necessary to believe in God to be moral/have good values"": 0.9999999978980495, ""Not necessary to believe in God to be moral/have good values"": 2.101950555110444e-09}"
qwen,Qwen2.5-7B-Instruct,Q1035,GAS,Sweden,-0.0006034625798240767,-0.0006325593980249511,-2.9096818200874397e-05,"{""Necessary to believe in God to be moral/have good values"": 0.00012354386380279778, ""Not necessary to believe in God to be moral/have good values"": 0.9998764561361972}","{""Necessary to believe in God to be moral/have good values"": 3.815028203978225e-06, ""Not necessary to believe in God to be moral/have good values"": 0.9999961849717961}","{""Necessary to believe in God to be moral/have good values"": 3.934380819680928e-10, ""Not necessary to believe in God to be moral/have good values"": 0.9999999996065619}"
qwen,Qwen2.5-7B-Instruct,Q1094,GAS,Jordan,0.07817291928576786,0.7337903333961474,0.6556174141103795,"{""I favor the US-led efforts to fight terrorism"": 0.999936248359614, ""I oppose the US-led efforts to fight terrorism"": 6.375164038606355e-05}","{""I favor the US-led efforts to fight terrorism"": 0.9761487122283746, ""I oppose the US-led efforts to fight terrorism"": 0.023851287771625485}","{""I favor the US-led efforts to fight terrorism"": 9.042200062529401e-11, ""I oppose the US-led efforts to fight terrorism"": 0.9999999999095781}"
qwen,Qwen2.5-7B-Instruct,Q1094,GAS,Palest. ter.,0.6030824813598001,0.6964962881548374,0.0934138067950373,"{""I favor the US-led efforts to fight terrorism"": 0.999936248359614, ""I oppose the US-led efforts to fight terrorism"": 6.375164038606355e-05}","{""I favor the US-led efforts to fight terrorism"": 0.5078414209390989, ""I oppose the US-led efforts to fight terrorism"": 0.4921585790609011}","{""I favor the US-led efforts to fight terrorism"": 1.0304421366522472e-10, ""I oppose the US-led efforts to fight terrorism"": 0.9999999998969558}"
qwen,Qwen2.5-7B-Instruct,Q1094,GAS,Uzbekistan,-0.21942951216707499,-0.03149815920316125,0.18793135296391372,"{""I favor the US-led efforts to fight terrorism"": 0.9312169869181287, ""I oppose the US-led efforts to fight terrorism"": 0.06878301308187133}","{""I favor the US-led efforts to fight terrorism"": 0.45693697726215043, ""I oppose the US-led efforts to fight terrorism"": 0.5430630227378496}","{""I favor the US-led efforts to fight terrorism"": 0.9999999999901271, ""I oppose the US-led efforts to fight terrorism"": 9.872927797822419e-12}"
qwen,Qwen2.5-7B-Instruct,Q1110,GAS,Sweden,-0.47707213059732556,0.1002068189092924,0.577278949506618,"{""Somewhat bad"": 2.1200287438172155e-05, ""Somewhat good"": 3.859042152988149e-09, ""Very bad"": 0.9999787916260259, ""Very good"": 4.227493836872214e-09}","{""Somewhat bad"": 0.9963148259278599, ""Somewhat good"": 1.9068778261082476e-06, ""Very bad"": 0.003683089796935681, ""Very good"": 1.7739737834635186e-07}","{""Somewhat bad"": 0.129889991884068, ""Somewhat good"": 3.512665750252245e-09, ""Very bad"": 0.870109998428237, ""Very good"": 6.17502934485515e-09}"
qwen,Qwen2.5-7B-Instruct,Q1110,GAS,Vietnam,0.18495700602377885,0.005988326552670009,-0.17896867947110884,"{""Somewhat bad"": 5.639466233601469e-08, ""Somewhat good"": 3.370191958202146e-11, ""Very bad"": 0.9999999435157869, ""Very good"": 5.584887180285778e-11}","{""Somewhat bad"": 0.17420868022630678, ""Somewhat good"": 5.799538858885674e-07, ""Very bad"": 0.825790728551626, ""Very good"": 1.1268181312716915e-08}","{""Somewhat bad"": 0.0013881362113579664, ""Somewhat good"": 7.115011039880884e-07, ""Very bad"": 0.9986111515160395, ""Very good"": 7.714985272007781e-10}"
qwen,Qwen2.5-7B-Instruct,Q1139,GAS,Kenya,-0.4309202580293307,-0.06444339892704637,0.36647685910228434,"{""Somewhat bad"": 0.33347391496191725, ""Somewhat good"": 0.1780400988077372, ""Very bad"": 0.19757826329298783, ""Very good"": 0.2909077229373577}","{""Somewhat bad"": 0.21587874862369408, ""Somewhat good"": 0.008883297007172419, ""Very bad"": 0.6828419173241362, ""Very good"": 0.09239603704499733}","{""Somewhat bad"": 1.5503971681350448e-10, ""Somewhat good"": 3.9289109938730416e-07, ""Very bad"": 3.4710428069656696e-11, ""Very good"": 0.9999996069191506}"
qwen,Qwen2.5-7B-Instruct,Q1139,GAS,Palest. ter.,0.29595144094500303,0.3258645999067411,0.029913158961738073,"{""Somewhat bad"": 3.4705994838235746e-06, ""Somewhat good"": 0.9994003063756879, ""Very bad"": 0.0005944666343687876, ""Very good"": 1.7563904595755244e-06}","{""Somewhat bad"": 0.0006196804080301918, ""Somewhat good"": 0.7718828432252227, ""Very bad"": 0.22746940922997516, ""Very good"": 2.806713677187894e-05}","{""Somewhat bad"": 2.120335213736409e-10, ""Somewhat good"": 4.484325511733874e-10, ""Very bad"": 0.999999999329287, ""Very good"": 1.0246970631888116e-11}"
qwen,Qwen2.5-7B-Instruct,Q1139,GAS,Uganda,0.04526626894155045,0.09546557769339964,0.05019930875184919,"{""Somewhat bad"": 0.26034625408982537, ""Somewhat good"": 0.7382504660598567, ""Very bad"": 9.906033156031748e-05, ""Very good"": 0.001304219518757717}","{""Somewhat bad"": 0.064229582321854, ""Somewhat good"": 0.9280412883957424, ""Very bad"": 1.675996056635497e-05, ""Very good"": 0.007712369321837333}","{""Somewhat bad"": 7.339939742346453e-10, ""Somewhat good"": 1.9087658948086167e-09, ""Very bad"": 5.101629937343014e-12, ""Very good"": 0.9999999973521385}"
qwen,Qwen2.5-7B-Instruct,Q1155,GAS,Indonesia,1.2933344169296923e-05,0.9175905064086007,0.9175775730644314,"{""It is necessary to believe in God in order to be moral and have good values"": 3.5213067741796067e-09, ""It is not necessary to believe in God in order to be moral and have good values"": 0.9999999964786932}","{""It is necessary to believe in God in order to be moral and have good values"": 1.236125947042387e-06, ""It is not necessary to believe in God in order to be moral and have good values"": 0.999998763874053}","{""It is necessary to believe in God in order to be moral and have good values"": 0.9999944631551276, ""It is not necessary to believe in God in order to be moral and have good values"": 5.536844872420242e-06}"
qwen,Qwen2.5-7B-Instruct,Q1155,GAS,Kenya,0.000288793484203298,0.8460850069172335,0.8457962134330302,"{""It is necessary to believe in God in order to be moral and have good values"": 6.731891214158446e-07, ""It is not necessary to believe in God in order to be moral and have good values"": 0.9999993268108787}","{""It is necessary to believe in God in order to be moral and have good values"": 3.6966147163971965e-05, ""It is not necessary to believe in God in order to be moral and have good values"": 0.999963033852836}","{""It is necessary to believe in God in order to be moral and have good values"": 0.9874309448627481, ""It is not necessary to believe in God in order to be moral and have good values"": 0.012569055137251981}"
qwen,Qwen2.5-7B-Instruct,Q1155,GAS,Philippines,1.0752244363088082e-05,0.8574049462919185,0.8573941940475555,"{""It is necessary to believe in God in order to be moral and have good values"": 3.5213067741796067e-09, ""It is not necessary to believe in God in order to be moral and have good values"": 0.9999999964786932}","{""It is necessary to believe in God in order to be moral and have good values"": 1.0176362151454461e-06, ""It is not necessary to believe in God in order to be moral and have good values"": 0.9999989823637849}","{""It is necessary to believe in God in order to be moral and have good values"": 0.9999999996616449, ""It is not necessary to believe in God in order to be moral and have good values"": 3.38355221784228e-10}"
qwen,Qwen2.5-7B-Instruct,Q1155,GAS,Sweden,9.281035764641121e-07,-4.3098077613656915e-08,-9.71201654077769e-07,"{""It is necessary to believe in God in order to be moral and have good values"": 3.5213067741796067e-09, ""It is not necessary to believe in God in order to be moral and have good values"": 0.9999999964786932}","{""It is necessary to believe in God in order to be moral and have good values"": 9.546510008871514e-08, ""It is not necessary to believe in God in order to be moral and have good values"": 0.9999999045349}","{""It is necessary to believe in God in order to be moral and have good values"": 7.495332130983099e-11, ""It is not necessary to believe in God in order to be moral and have good values"": 0.9999999999250467}"
qwen,Qwen2.5-7B-Instruct,Q1223,GAS,Germany,-0.00010949708317544576,-0.00012688505215372597,-1.738796897828021e-05,"{""No, does not respect personal freedoms"": 0.9999766866700048, ""Yes, respects personal freedoms"": 2.331332999522142e-05}","{""No, does not respect personal freedoms"": 0.9999975384214776, ""Yes, respects personal freedoms"": 2.4615785223081985e-06}","{""No, does not respect personal freedoms"": 0.9999999999309246, ""Yes, respects personal freedoms"": 6.907539511189686e-11}"
qwen,Qwen2.5-7B-Instruct,Q1223,GAS,Italy,-9.921156639384511e-05,-0.00010897614594842803,-9.764579554582924e-06,"{""No, does not respect personal freedoms"": 0.9999766866700048, ""Yes, respects personal freedoms"": 2.331332999522142e-05}","{""No, does not respect personal freedoms"": 0.9999985360460495, ""Yes, respects personal freedoms"": 1.4639539504947571e-06}","{""No, does not respect personal freedoms"": 0.9999999999662328, ""Yes, respects personal freedoms"": 3.376716580937586e-11}"
qwen,Qwen2.5-7B-Instruct,Q1223,GAS,Pakistan,3.3964677805142784e-05,0.6009134542532216,0.6008794895754165,"{""No, does not respect personal freedoms"": 0.9999999889140668, ""Yes, respects personal freedoms"": 1.1085933137326473e-08}","{""No, does not respect personal freedoms"": 0.9999964282655684, ""Yes, respects personal freedoms"": 3.5717344316420435e-06}","{""No, does not respect personal freedoms"": 6.486134421619984e-08, ""Yes, respects personal freedoms"": 0.9999999351386558}"
qwen,Qwen2.5-7B-Instruct,Q1223,GAS,Spain,5.029058465383721e-06,-1.02764418002943e-07,-5.131822883386664e-06,"{""No, does not respect personal freedoms"": 0.9999999889140668, ""Yes, respects personal freedoms"": 1.1085933137326473e-08}","{""No, does not respect personal freedoms"": 0.9999993322942402, ""Yes, respects personal freedoms"": 6.677057598421574e-07}","{""No, does not respect personal freedoms"": 0.999999998735323, ""Yes, respects personal freedoms"": 1.2646769815290396e-09}"
qwen,Qwen2.5-7B-Instruct,Q1262,WVS,Germany,-0.5401805955407426,-0.15954239760273467,0.3806381979380079,"{""All of them"": 0.0010866170266789045, ""Few of them"": 0.6425685811030282, ""Most of them"": 0.19628208559120983, ""None of them"": 0.1600627162790831}","{""All of them"": 0.00123880794105703, ""Few of them"": 0.0565163933541606, ""Most of them"": 0.8865642686073225, ""None of them"": 0.055680530097459886}","{""All of them"": 2.1458546004694255e-08, ""Few of them"": 0.9999978760324189, ""Most of them"": 1.893282189872626e-06, ""None of them"": 2.0922684527436275e-07}"
qwen,Qwen2.5-7B-Instruct,Q1262,WVS,Peru,0.06822971181956106,0.429640339061469,0.3614106272419079,"{""All of them"": 0.000647621302773451, ""Few of them"": 0.9691081205068001, ""Most of them"": 0.005813154030540324, ""None of them"": 0.024431104159886263}","{""All of them"": 0.007961679886861413, ""Few of them"": 0.8786803209264646, ""Most of them"": 0.0236718222073188, ""None of them"": 0.08968617697935519}","{""All of them"": 2.405423200743563e-06, ""Few of them"": 7.165631087071265e-09, ""Most of them"": 0.9999975847587793, ""None of them"": 2.6523888514947355e-09}"
qwen,Qwen2.5-7B-Instruct,Q1321,WVS,Greece,0.13521800442401316,-0.0029914323967415724,-0.13820943682075473,"{""A great deal"": 0.3007302204011068, ""None at all"": 0.22785938159924454, ""Not very much"": 0.470464044360406, ""Quite a lot"": 0.000946353639242623}","{""A great deal"": 0.09191686850538272, ""None at all"": 0.3648414046638504, ""Not very much"": 0.5416704326794713, ""Quite a lot"": 0.0015712941512955494}","{""A great deal"": 1.77723115571052e-10, ""None at all"": 0.9999999127408766, ""Not very much"": 8.690571754478515e-08, ""Quite a lot"": 1.7568273391030363e-10}"
qwen,Qwen2.5-7B-Instruct,Q1321,WVS,Tunisia,-0.1839709565980508,-0.03815069741527288,0.1458202591827779,"{""A great deal"": 0.0001025337879516173, ""None at all"": 0.13993466844638117, ""Not very much"": 0.8506887072238224, ""Quite a lot"": 0.009274090541844865}","{""A great deal"": 3.8324405936262866e-07, ""None at all"": 0.02011448017475453, ""Not very much"": 0.9798538249668071, ""Quite a lot"": 3.1311614379096255e-05}","{""A great deal"": 1.8285527309103005e-11, ""None at all"": 0.9999995096841521, ""Not very much"": 4.897654044155502e-07, ""Quite a lot"": 5.32157993448048e-10}"
qwen,Qwen2.5-7B-Instruct,Q1321,WVS,Vietnam,-0.22263806706985356,0.5110332420925436,0.7336713091623972,"{""A great deal"": 5.980522223937379e-05, ""None at all"": 0.8788393718980665, ""Not very much"": 2.1791957584987628e-05, ""Quite a lot"": 0.1210790309221092}","{""A great deal"": 1.0653952169768215e-06, ""None at all"": 0.9945049320332517, ""Not very much"": 7.902729507335284e-06, ""Quite a lot"": 0.005486099842023972}","{""A great deal"": 3.290510037431261e-10, ""None at all"": 6.131287228119043e-10, ""Not very much"": 5.2148104116687144e-11, ""Quite a lot"": 0.9999999990056723}"
qwen,Qwen2.5-7B-Instruct,Q1322,WVS,China,0.1456148611998091,-0.007341947431462825,-0.15295680863127192,"{""Agree"": 2.051823374738391e-06, ""Disagree"": 0.0015565204250546536, ""Strongly agree"": 4.3248388552971275e-05, ""Strongly disagree"": 0.9983981793630177}","{""Agree"": 7.128206597622574e-06, ""Disagree"": 0.08971746167922297, ""Strongly agree"": 9.752590385798116e-05, ""Strongly disagree"": 0.9101778842103214}","{""Agree"": 1.1398294241730731e-09, ""Disagree"": 9.640521813912063e-07, ""Strongly agree"": 2.7337193818661725e-09, ""Strongly disagree"": 0.9999990320742699}"
qwen,Qwen2.5-7B-Instruct,Q1322,WVS,Maldives,0.013021397593263928,0.8964636826647182,0.8834422850714543,"{""Agree"": 2.7398173736610084e-07, ""Disagree"": 0.11009737594323288, ""Strongly agree"": 1.7440012247095292e-06, ""Strongly disagree"": 0.8899006060738051}","{""Agree"": 8.705569066199851e-07, ""Disagree"": 0.9209228490507384, ""Strongly agree"": 1.2367422187409556e-06, ""Strongly disagree"": 0.07907504365013622}","{""Agree"": 8.280178407191847e-12, ""Disagree"": 3.876959318925773e-11, ""Strongly agree"": 0.9999999999509406, ""Strongly disagree"": 2.0097436967062157e-12}"
qwen,Qwen2.5-7B-Instruct,Q1322,WVS,South Korea,4.4874440821240924e-05,0.003215734014107241,0.003170859573286,"{""Agree"": 6.335718572541929e-08, ""Disagree"": 3.1062749876958683e-06, ""Strongly agree"": 3.285158351491372e-09, ""Strongly disagree"": 0.9999968270826682}","{""Agree"": 4.3006471390487505e-08, ""Disagree"": 8.754656855386241e-06, ""Strongly agree"": 4.315723514509977e-09, ""Strongly disagree"": 0.9999911980209497}","{""Agree"": 2.572864233295278e-09, ""Disagree"": 0.0006084008609769225, ""Strongly agree"": 6.799036837929098e-10, ""Strongly disagree"": 0.9993915958862553}"
qwen,Qwen2.5-7B-Instruct,Q1322,WVS,Taiwan ROC,0.33307572266405283,0.2835575253546016,-0.04951819730945123,"{""Agree"": 1.1437133048692838e-06, ""Disagree"": 0.0007450846106070024, ""Strongly agree"": 8.669495710147984e-05, ""Strongly disagree"": 0.9991670767189866}","{""Agree"": 4.726934687706918e-05, ""Disagree"": 0.25976620405854395, ""Strongly agree"": 0.0051639740603211205, ""Strongly disagree"": 0.7350225525342579}","{""Agree"": 2.6115226846564e-09, ""Disagree"": 0.9999999853004604, ""Strongly agree"": 8.52146939161959e-09, ""Strongly disagree"": 3.5665474842205586e-09}"
qwen,Qwen2.5-7B-Instruct,Q1333,WVS,Lebanon,-0.1137399406216672,-0.09391575434747729,0.019824186274189914,"{""A great deal"": 0.00011333694016223996, ""None at all"": 0.10222685144825426, ""Not very much"": 0.8975734791585047, ""Quite a lot"": 8.633245307876774e-05}","{""A great deal"": 1.789404788512798e-06, ""None at all"": 0.02059769334033501, ""Not very much"": 0.9793869722908582, ""Quite a lot"": 1.3544964018254774e-05}","{""A great deal"": 7.045705606048968e-11, ""None at all"": 0.9999760033241082, ""Not very much"": 2.3996261803380395e-05, ""Quite a lot"": 3.4363137779919507e-10}"
qwen,Qwen2.5-7B-Instruct,Q1333,WVS,Peru,-0.6098608542447362,-0.09860652124572208,0.5112543329990141,"{""A great deal"": 2.1024545381277073e-05, ""None at all"": 0.9490620086248892, ""Not very much"": 0.040745975418053304, ""Quite a lot"": 0.01017099141167625}","{""A great deal"": 0.000178470432753645, ""None at all"": 4.9691205908711945e-05, ""Not very much"": 0.00019834993880926655, ""Quite a lot"": 0.9995734884225284}","{""A great deal"": 2.435743945024943e-09, ""None at all"": 0.9999999290426501, ""Not very much"": 6.102941125251129e-08, ""Quite a lot"": 7.492194717422635e-09}"
qwen,Qwen2.5-7B-Instruct,Q1333,WVS,Serbia,-0.21284513506003677,-0.24136254770546473,-0.028517412645427953,"{""A great deal"": 6.838686500938873e-06, ""None at all"": 0.4035585830436749, ""Not very much"": 0.5939280159766969, ""Quite a lot"": 0.002506562293127271}","{""A great deal"": 5.903705717260986e-08, ""None at all"": 0.9908138376491769, ""Not very much"": 0.00918332719669751, ""Quite a lot"": 2.77611706845613e-06}","{""A great deal"": 1.835518973104262e-11, ""None at all"": 0.9999682035541767, ""Not very much"": 3.179618308119075e-05, ""Quite a lot"": 2.443869520686159e-10}"
qwen,Qwen2.5-7B-Instruct,Q1333,WVS,Vietnam,-0.0009793490156693174,0.7446466015728868,0.7456259505885561,"{""A great deal"": 5.00911076715247e-07, ""None at all"": 0.9997145401037671, ""Not very much"": 0.00028423156234379194, ""Quite a lot"": 7.274228124356014e-07}","{""A great deal"": 4.4718876482798535e-08, ""None at all"": 0.999950914339325, ""Not very much"": 4.9019254998881046e-05, ""Quite a lot"": 2.1686799660002778e-08}","{""A great deal"": 7.139226221822825e-12, ""None at all"": 6.000329714637006e-12, ""Not very much"": 2.0104205130925092e-10, ""Quite a lot"": 0.9999999997858184}"
qwen,Qwen2.5-7B-Instruct,Q1371,WVS,Argentina,-0.0037825903263991306,-0.0038640121573510888,-8.142183095195821e-05,"{""No"": 0.998385257622538, ""Yes"": 0.0016147423774619033}","{""No"": 0.9999811843383865, ""Yes"": 1.8815661613622834e-05}","{""No"": 0.9999964783173868, ""Yes"": 3.5216826132447023e-06}"
qwen,Qwen2.5-7B-Instruct,Q1371,WVS,Vietnam,0.20038004024215678,0.6327710435456314,0.43239100330347463,"{""No"": 0.9874181554307889, ""Yes"": 0.012581844569211112}","{""No"": 0.8857863226091944, ""Yes"": 0.11421367739080555}","{""No"": 4.423739553596362e-09, ""Yes"": 0.9999999955762604}"
qwen,Qwen2.5-7B-Instruct,Q1375,WVS,Australia,0.40203756587908795,0.3876488167084835,-0.014388749170604453,"{""Mentioned"": 0.7188087905756773, ""Not mentioned"": 0.2811912094243228}","{""Mentioned"": 0.011964615172728036, ""Not mentioned"": 0.9880353848272719}","{""Mentioned"": 4.1102601473444696e-07, ""Not mentioned"": 0.9999995889739852}"
qwen,Qwen2.5-7B-Instruct,Q1375,WVS,Great Britain,0.3879574538716165,0.3818598464172279,-0.006097607454388587,"{""Mentioned"": 0.7188087905756773, ""Not mentioned"": 0.2811912094243228}","{""Mentioned"": 0.002728497883369872, ""Not mentioned"": 0.9972715021166302}","{""Mentioned"": 9.964013671593139e-07, ""Not mentioned"": 0.9999990035986328}"
qwen,Qwen2.5-7B-Instruct,Q1375,WVS,Uruguay,0.4005167555373833,0.39010645498156105,-0.01041030055582226,"{""Mentioned"": 0.7188087905756773, ""Not mentioned"": 0.2811912094243228}","{""Mentioned"": 0.006626582742987102, ""Not mentioned"": 0.9933734172570129}","{""Mentioned"": 2.1989391367307114e-08, ""Not mentioned"": 0.9999999780106086}"
qwen,Qwen2.5-7B-Instruct,Q1375,WVS,Vietnam,-0.4838527469813548,-0.14008636932729462,0.34376637765406015,"{""Mentioned"": 0.7188087905756773, ""Not mentioned"": 0.2811912094243228}","{""Mentioned"": 0.13727926839039853, ""Not mentioned"": 0.8627207316096015}","{""Mentioned"": 0.483031116435655, ""Not mentioned"": 0.516968883564345}"
qwen,Qwen2.5-7B-Instruct,Q1392,WVS,Australia,-0.0016731088099103397,-0.003788014239100246,-0.002114905429189906,"{""A great deal"": 1.953396360609337e-06, ""None at all"": 0.998675074788828, ""Not very much"": 5.529560676821073e-06, ""Quite a lot"": 0.0013174422541346723}","{""A great deal"": 3.808962826292781e-07, ""None at all"": 0.9993861298525202, ""Not very much"": 7.489064295852737e-06, ""Quite a lot"": 0.0006060001869013801}","{""A great deal"": 7.772564608551416e-11, ""None at all"": 0.9999999983833341, ""Not very much"": 3.9744762624309103e-10, ""Quite a lot"": 1.1414927137944653e-09}"
qwen,Qwen2.5-7B-Instruct,Q1392,WVS,Vietnam,-0.006733253467559153,0.6993005526422971,0.7060338061098562,"{""A great deal"": 1.7998687347052098e-06, ""None at all"": 0.9981551240832982, ""Not very much"": 2.1763796226669423e-06, ""Quite a lot"": 0.0018408996683444588}","{""A great deal"": 1.8225269445782725e-07, ""None at all"": 0.9996206845079978, ""Not very much"": 5.028080726694077e-07, ""Quite a lot"": 0.0003786304312350833}","{""A great deal"": 1.3508920889299038e-09, ""None at all"": 4.432018219651191e-08, ""Not very much"": 9.524670702566095e-11, ""Quite a lot"": 0.999999954233679}"
qwen,Qwen2.5-7B-Instruct,Q1395,WVS,Iran,4.050032964553196e-08,3.016828543644934e-07,2.611825247189614e-07,"{""Bad"": 6.210498539133732e-10, ""Fairly good"": 6.965909711666246e-12, ""Very bad"": 0.999999999306127, ""Very good"": 6.585728674965068e-11}","{""Bad"": 3.1386306800719065e-09, ""Fairly good"": 1.4152037350301514e-10, ""Very bad"": 0.999999996239447, ""Very good"": 4.80401927228514e-10}","{""Bad"": 3.679519449536469e-11, ""Fairly good"": 2.057064062152515e-10, ""Very bad"": 0.9999999754656951, ""Very good"": 2.4291803316296443e-08}"
qwen,Qwen2.5-7B-Instruct,Q1395,WVS,Japan,0.012861233157073673,-0.003989795866129173,-0.016851029023202846,"{""Bad"": 0.0010909251798866249, ""Fairly good"": 5.2639507720006644e-08, ""Very bad"": 0.9989087405692311, ""Very good"": 2.816113745601702e-07}","{""Bad"": 0.0073228115856062695, ""Fairly good"": 3.3213886236906545e-07, ""Very bad"": 0.9926746034470733, ""Very good"": 2.2528284581584366e-06}","{""Bad"": 3.070942773714471e-11, ""Fairly good"": 1.2505117017102661e-11, ""Very bad"": 0.9999999999521412, ""Very good"": 4.644289616372096e-12}"
qwen,Qwen2.5-7B-Instruct,Q1395,WVS,New Zealand,-4.0509557867884904e-08,-5.485239307212453e-08,-1.4342835204239623e-08,"{""Bad"": 3.895263869458311e-09, ""Fairly good"": 2.2974704645472281e-10, ""Very bad"": 0.9999999955606157, ""Very good"": 3.143733691318506e-10}","{""Bad"": 5.771545277258535e-10, ""Fairly good"": 1.307517082035935e-10, ""Very bad"": 0.9999999988514019, ""Very good"": 4.406919461142724e-10}","{""Bad"": 1.210149633804862e-12, ""Fairly good"": 3.4528819708934505e-13, ""Very bad"": 0.999999999945216, ""Very good"": 5.322858903059068e-11}"
qwen,Qwen2.5-7B-Instruct,Q1430,WVS,Tunisia,0.008962569387946706,0.4637743658044594,0.4548117964165127,"{""A great deal"": 4.252890320051318e-05, ""None at all"": 2.3702545652163008e-07, ""Not very much"": 4.110109445274776e-05, ""Quite a lot"": 0.9999161329768903}","{""A great deal"": 1.1786114040534229e-05, ""None at all"": 7.051868786404049e-05, ""Not very much"": 0.002030262396006163, ""Quite a lot"": 0.9978874328020892}","{""A great deal"": 1.8644052244913852e-11, ""None at all"": 0.9999999918173607, ""Not very much"": 7.477291033489103e-09, ""Quite a lot"": 6.867043351964797e-10}"
qwen,Qwen2.5-7B-Instruct,Q1430,WVS,Vietnam,-0.08119058075634145,-0.1657993892986462,-0.08460880854230476,"{""A great deal"": 0.34170612142138174, ""None at all"": 1.40296087368228e-05, ""Not very much"": 5.861107984153017e-06, ""Quite a lot"": 0.6582739878618974}","{""A great deal"": 0.05148871152155924, ""None at all"": 7.484492635591741e-06, ""Not very much"": 9.510044311246325e-06, ""Quite a lot"": 0.9484942939414939}","{""A great deal"": 1.8238331821033232e-08, ""None at all"": 4.026802127503532e-12, ""Not very much"": 1.0369419724047113e-11, ""Quite a lot"": 0.999999981747272}"
qwen,Qwen2.5-7B-Instruct,Q1456,WVS,Ethiopia,0.014746248429865605,0.682106806388945,0.6673605579590794,"{""2"": 1.7545932425026612e-07, ""3"": 4.691622859329433e-07, ""4"": 1.749445451366111e-05, ""5"": 5.0713594950334814e-05, ""6"": 4.4559961339079513e-05, ""7"": 0.4885095239941238, ""8"": 0.007251962668946608, ""9"": 0.4814663847549842, ""Hard work doesn't generally bring success - it's more a matter of luck and connections"": 1.1098729211450339e-05, ""In the long run, hard work usually brings a better life"": 0.022647617220320767}","{""2"": 3.4424206650494026e-07, ""3"": 7.467984930057057e-07, ""4"": 3.385171625037008e-05, ""5"": 4.6024414777496656e-05, ""6"": 2.468038474980262e-05, ""7"": 0.808584585257446, ""8"": 0.010852164771514513, ""9"": 0.14642405705617673, ""Hard work doesn't generally bring success - it's more a matter of luck and connections"": 2.0752664887624786e-05, ""In the long run, hard work usually brings a better life"": 0.034012792693637904}","{""2"": 1.3279892540425862e-09, ""3"": 3.4063214988055627e-09, ""4"": 1.858899080159081e-10, ""5"": 1.420715935298029e-06, ""6"": 5.164758802518981e-09, ""7"": 3.7121068098907224e-08, ""8"": 1.7339425220560008e-08, ""9"": 6.449462177056991e-11, ""Hard work doesn't generally bring success - it's more a matter of luck and connections"": 3.0893672399274827e-07, ""In the long run, hard work usually brings a better life"": 0.9999982057373933}"
qwen,Qwen2.5-7B-Instruct,Q1456,WVS,South Korea,0.19587941726466507,0.276083911009412,0.08020449374474692,"{""2"": 2.0731115089611104e-06, ""3"": 1.6775421423035114e-05, ""4"": 0.00012288228094539918, ""5"": 0.013610328584466078, ""6"": 0.0032500844463812617, ""7"": 0.006378837952521921, ""8"": 4.249393967543065e-06, ""9"": 0.9744885712107608, ""Hard work doesn't generally bring success - it's more a matter of luck and connections"": 2.6449481668100624e-06, ""In the long run, hard work usually brings a better life"": 0.0021235526498582518}","{""2"": 9.310825834905884e-06, ""3"": 4.4035474179911544e-05, ""4"": 0.0007675716677794721, ""5"": 0.11022873812781421, ""6"": 0.03374480788970147, ""7"": 0.014923757001008701, ""8"": 4.0854684092168586e-05, ""9"": 0.7420566776604738, ""Hard work doesn't generally bring success - it's more a matter of luck and connections"": 2.8771737865726597e-05, ""In the long run, hard work usually brings a better life"": 0.09815547493124972}","{""2"": 3.138602992973612e-08, ""3"": 9.528971113317104e-09, ""4"": 3.27449083486187e-09, ""5"": 0.00047149369721052745, ""6"": 0.9831624410904529, ""7"": 0.0163391558482126, ""8"": 1.734031314592507e-05, ""9"": 4.0194794041164345e-06, ""Hard work doesn't generally bring success - it's more a matter of luck and connections"": 7.530442304847641e-07, ""In the long run, hard work usually brings a better life"": 4.752337851496967e-06}"
qwen,Qwen2.5-7B-Instruct,Q1483,WVS,Argentina,3.822658392008127e-06,-1.2359037832657127e-06,-5.05856217527384e-06,"{""Make sense of life after death"": 1.2518767622141784e-07, ""Make sense of life in this world"": 0.9999998748123238}","{""Make sense of life after death"": 5.765169448268015e-07, ""Make sense of life in this world"": 0.9999994234830551}","{""Make sense of life after death"": 3.630885361307594e-11, ""Make sense of life in this world"": 0.9999999999636912}"
qwen,Qwen2.5-7B-Instruct,Q1483,WVS,Greece,-0.07134279756887751,-0.010450207405378414,0.0608925901634991,"{""Make sense of life after death"": 0.2523574143005238, ""Make sense of life in this world"": 0.7476425856994763}","{""Make sense of life after death"": 0.411414745559463, ""Make sense of life in this world"": 0.588585254440537}","{""Make sense of life after death"": 1.9269194151812917e-10, ""Make sense of life in this world"": 0.9999999998073081}"
qwen,Qwen2.5-7B-Instruct,Q1483,WVS,Maldives,0.25442039623741286,0.39461890617290646,0.1401985099354936,"{""Make sense of life after death"": 0.2523574143005238, ""Make sense of life in this world"": 0.7476425856994763}","{""Make sense of life after death"": 0.5600139240359167, ""Make sense of life in this world"": 0.4399860759640833}","{""Make sense of life after death"": 0.9999999985015582, ""Make sense of life in this world"": 1.4984418605535415e-09}"
qwen,Qwen2.5-7B-Instruct,Q1483,WVS,Vietnam,-0.6364632293418153,-0.015039518538470374,0.6214237108033449,"{""Make sense of life after death"": 0.2523574143005238, ""Make sense of life in this world"": 0.7476425856994763}","{""Make sense of life after death"": 0.9669877745554887, ""Make sense of life in this world"": 0.03301222544451134}","{""Make sense of life after death"": 2.2817490334708942e-10, ""Make sense of life in this world"": 0.9999999997718252}"
qwen,Qwen2.5-7B-Instruct,Q1508,WVS,Germany,0.00034783299202728515,-0.0015906931998279639,-0.001938526191855249,"{""Mentioned"": 0.018396415526419525, ""Not mentioned"": 0.9816035844735804}","{""Mentioned"": 0.0012839754422650628, ""Not mentioned"": 0.9987160245577349}","{""Mentioned"": 2.859840797967047e-07, ""Not mentioned"": 0.9999997140159202}"
qwen,Qwen2.5-7B-Instruct,Q1508,WVS,Myanmar,-0.06072553432704375,0.6569788271503234,0.7177043614773672,"{""Mentioned"": 0.018396415526419525, ""Not mentioned"": 0.9816035844735804}","{""Mentioned"": 0.0005240066412172951, ""Not mentioned"": 0.9994759933587827}","{""Mentioned"": 0.9991655906242681, ""Not mentioned"": 0.0008344093757319159}"
qwen,Qwen2.5-7B-Instruct,Q1508,WVS,Netherlands,-0.0012748210517218848,-0.0012056155247630797,6.920552695880507e-05,"{""Mentioned"": 0.0013571615947415643, ""Not mentioned"": 0.9986428384052585}","{""Mentioned"": 6.719872056679742e-06, ""Not mentioned"": 0.9999932801279434}","{""Mentioned"": 2.762648778435929e-05, ""Not mentioned"": 0.9999723735122157}"
qwen,Qwen2.5-7B-Instruct,Q1508,WVS,Northern Ireland,0.0002565419008659642,-0.0006138119354572266,-0.0008703538363231907,"{""Mentioned"": 0.018396415526419525, ""Not mentioned"": 0.9816035844735804}","{""Mentioned"": 0.00039402308029912934, ""Not mentioned"": 0.9996059769197009}","{""Mentioned"": 2.1474852869606144e-07, ""Not mentioned"": 0.9999997852514713}"
qwen,Qwen2.5-7B-Instruct,Q1510,WVS,Brazil,0.6586691445911181,0.6865943864278717,0.0279252418367536,"{""1 There is no corruption in the respondent's country"": 0.7793174252549906, ""10 There is abundant corruption in the respondent's country"": 0.03997510969269069, ""2"": 0.0851070932543875, ""3"": 0.0006025512983268587, ""4"": 0.04517374895374335, ""5"": 0.03936481230969592, ""6"": 3.503645256054497e-05, ""7"": 0.0075230151579900335, ""8"": 0.002361296312890816, ""9"": 0.000539911312723671}","{""1 There is no corruption in the respondent's country"": 0.11161510756779318, ""10 There is abundant corruption in the respondent's country"": 0.6842211648182798, ""2"": 0.020632625445180817, ""3"": 0.00014229798009212922, ""4"": 0.07797446569458216, ""5"": 0.008341646649661047, ""6"": 3.689624738445887e-05, ""7"": 0.07366130085271744, ""8"": 0.02014483244571878, ""9"": 0.00322966229859028}","{""1 There is no corruption in the respondent's country"": 2.3207569003894085e-09, ""10 There is abundant corruption in the respondent's country"": 0.9999999974738689, ""2"": 6.024334442783435e-11, ""3"": 9.773532419576697e-12, ""4"": 1.580894409668491e-11, ""5"": 3.607798796085936e-12, ""6"": 9.882493587212562e-13, ""7"": 9.50193520745707e-11, ""8"": 1.37605362693455e-11, ""9"": 6.172383939846007e-12}"
qwen,Qwen2.5-7B-Instruct,Q1510,WVS,Colombia,-0.16488640600333682,0.661062901950432,0.8259493079537689,"{""1 There is no corruption in the respondent's country"": 0.3213581572633445, ""10 There is abundant corruption in the respondent's country"": 0.06346676994236233, ""2"": 0.6029984025053318, ""3"": 8.852894812339242e-06, ""4"": 1.5070192505470796e-06, ""5"": 3.1810283180051974e-05, ""6"": 4.333351887472898e-06, ""7"": 6.902539731903183e-05, ""8"": 4.445711290436965e-06, ""9"": 0.01205669563122159}","{""1 There is no corruption in the respondent's country"": 0.01269346617473381, ""10 There is abundant corruption in the respondent's country"": 0.0022451414108942075, ""2"": 0.9658476437394767, ""3"": 4.718443616290451e-06, ""4"": 9.353251609035732e-08, ""5"": 2.059244758386144e-06, ""6"": 4.8994474601633315e-06, ""7"": 2.5526889981001146e-05, ""8"": 5.098806506317055e-07, ""9"": 0.019175941235912715}","{""1 There is no corruption in the respondent's country"": 1.2058842692906845e-09, ""10 There is abundant corruption in the respondent's country"": 0.9999999981657792, ""2"": 2.4809273003366835e-11, ""3"": 7.1544116680643084e-12, ""4"": 2.028427040945332e-14, ""5"": 3.63883235382986e-10, ""6"": 2.5261885139899176e-12, ""7"": 1.874979810455271e-10, ""8"": 4.968938565461757e-12, ""9"": 3.7476142283522383e-11}"
qwen,Qwen2.5-7B-Instruct,Q1510,WVS,Peru,-0.008232471071421554,0.06303472336478044,0.071267194436202,"{""1 There is no corruption in the respondent's country"": 0.037121403236382106, ""10 There is abundant corruption in the respondent's country"": 0.708877904323125, ""2"": 1.0839708220634989e-05, ""3"": 4.4167648555835033e-07, ""4"": 1.600197141909471e-05, ""5"": 0.24450083751341917, ""6"": 1.622242815247538e-06, ""7"": 0.0022711765211270883, ""8"": 0.00694463872229255, ""9"": 0.0002551340847135661}","{""1 There is no corruption in the respondent's country"": 0.0012177179560030947, ""10 There is abundant corruption in the respondent's country"": 0.7072371856530031, ""2"": 7.84997284724537e-06, ""3"": 4.251525692941611e-07, ""4"": 9.672737315545822e-06, ""5"": 0.2804312810013063, ""6"": 2.0804959967874066e-06, ""7"": 0.0016333887802242612, ""8"": 0.009044657002786735, ""9"": 0.0004157412479476594}","{""1 There is no corruption in the respondent's country"": 8.087461026013791e-11, ""10 There is abundant corruption in the respondent's country"": 0.9999960358663144, ""2"": 1.3045923362225732e-10, ""3"": 2.628916330319445e-13, ""4"": 8.237350849744166e-11, ""5"": 7.626216874669716e-10, ""6"": 2.3435511860140702e-11, ""7"": 4.0932077154378176e-10, ""8"": 4.4511229326863355e-11, ""9"": 3.9625998261911685e-06}"
qwen,Qwen2.5-7B-Instruct,Q1510,WVS,Singapore,-0.01808346682734574,-0.19801033314785244,-0.1799268663205067,"{""1 There is no corruption in the respondent's country"": 0.1525929039997224, ""10 There is abundant corruption in the respondent's country"": 0.08316849694130048, ""2"": 0.01326520917808033, ""3"": 0.001976671489424588, ""4"": 0.43085262510951433, ""5"": 0.008369789883704777, ""6"": 0.00014092018848668782, ""7"": 0.00414341756802964, ""8"": 0.03649441173354812, ""9"": 0.26899555390818874}","{""1 There is no corruption in the respondent's country"": 0.1653676364541256, ""10 There is abundant corruption in the respondent's country"": 0.000853273962292412, ""2"": 0.015987547911217592, ""3"": 0.0013487892247348704, ""4"": 0.792800071915855, ""5"": 0.00979916096775416, ""6"": 5.6023655157062406e-05, ""7"": 0.0015187538768815264, ""8"": 0.005883969903425649, ""9"": 0.006384772128556168}","{""1 There is no corruption in the respondent's country"": 0.9234410129668924, ""10 There is abundant corruption in the respondent's country"": 0.07495585525827204, ""2"": 1.3336168321202237e-06, ""3"": 0.0015985457672732931, ""4"": 3.107548992511474e-06, ""5"": 5.915467772387615e-09, ""6"": 4.620760916206923e-09, ""7"": 1.4733648633888038e-08, ""8"": 9.460669505162128e-08, ""9"": 2.4965165304332197e-08}"
